rang;punkte;bindemittel;russ;dispersion;elektrolyt;dicke;wb;phi;energie;festigkeit;korrosion;selbstentl;kosten;co2;patentfrei_vermutl
1;67.2089;Geopolymer (Hüttensand + NaOH/Wasserglas);10;Ultraschall + SDS;KOH 1 mol/l;10;0.35;0.074;0.0213;0.715;0.99;1.0;7.33;180;ja
2;66.782;Geopolymer (Hüttensand + NaOH/Wasserglas);8;Ultraschall + SDS;KOH 1 mol/l;10;0.35;0.0601;0.0172;0.792;0.99;1.0;6.05;180;ja
3;66.4981;Geopolymer (Hüttensand + NaOH/Wasserglas);12;Ultraschall + SDS;KOH 1 mol/l;10;0.35;0.0875;0.0247;0.638;0.99;1.0;8.61;180;ja
4;65.3647;Geopolymer (Hüttensand + NaOH/Wasserglas);10;Stabmixer + SDS;KOH 1 mol/l;10;0.35;0.074;0.0192;0.715;0.99;1.0;7.13;180;ja
5;65.2677;Geopolymer (Hüttensand + NaOH/Wasserglas);8;Stabmixer + SDS;KOH 1 mol/l;10;0.35;0.0601;0.0155;0.792;0.99;1.0;5.85;180;ja
6;64.8828;Geopolymer (Hüttensand + NaOH/Wasserglas);10;Ultraschall + SDS;KOH 1 mol/l;6;0.35;0.074;0.0237;0.715;0.99;0.76;7.33;180;ja
7;64.6407;Geopolymer (Hüttensand + NaOH/Wasserglas);12;Ultraschall + SDS;KOH 1 mol/l;10;0.42;0.0802;0.0245;0.5844;0.99;1.0;8.61;180;ja
8;64.5805;Geopolymer (Hüttensand + NaOH/Wasserglas);10;Ultraschall + SDS;KOH 1 mol/l;10;0.42;0.0677;0.0207;0.6549;0.99;1.0;7.33;180;ja
9;64.5258;Geopolymer (Hüttensand + NaOH/Wasserglas);12;Ultraschall + SDS;KOH 1 mol/l;6;0.35;0.0875;0.0274;0.638;0.99;0.76;8.61;180;ja
10;64.4944;Geopolymer (Hüttensand + NaOH/Wasserglas);8;Ultraschall + SDS;Eigene Porenlösung (ohne Zusatz);10;0.35;0.0601;0.0109;0.792;1.1;1.1;5.95;180;ja
11;64.3383;Geopolymer (Hüttensand + NaOH/Wasserglas);12;Stabmixer + SDS;KOH 1 mol/l;10;0.35;0.0875;0.0222;0.638;0.99;1.0;8.41;180;ja
12;64.0616;Geopolymer (Hüttensand + NaOH/Wasserglas);15;Ultraschall + SDS;KOH 1 mol/l;10;0.35;0.1071;0.0283;0.5225;0.99;1.0;10.53;180;ja
13;64.0315;Geopolymer (Hüttensand + NaOH/Wasserglas);8;Ultraschall + SDS;KOH 1 mol/l;6;0.35;0.0601;0.0191;0.792;0.99;0.76;6.05;180;ja
14;63.6019;Geopolymer (Hüttensand + NaOH/Wasserglas);8;Stabmixer + SDS;Eigene Porenlösung (ohne Zusatz);10;0.35;0.0601;0.0098;0.792;1.1;1.1;5.75;180;ja
15;63.4983;Geopolymer (Hüttensand + NaOH/Wasserglas);10;Ultraschall + SDS;KOH 1 mol/l;3;0.35;0.074;0.0258;0.715;0.99;0.58;7.33;180;ja
16;63.4628;Geopolymer (Hüttensand + NaOH/Wasserglas);12;Ultraschall + SDS;KOH 1 mol/l;3;0.35;0.0875;0.0298;0.638;0.99;0.58;8.61;180;ja
17;63.45;Geopolymer (Hüttensand + NaOH/Wasserglas);8;Ultraschall + SDS;KOH 1 mol/l;10;0.42;0.0549;0.0165;0.7255;0.99;1.0;6.05;180;ja
18;63.4327;Geopolymer (Hüttensand + NaOH/Wasserglas);10;Ultraschall + SDS;Eigene Porenlösung (ohne Zusatz);10;0.35;0.074;0.0135;0.715;1.1;1.1;7.23;180;ja
19;62.81;Geopolymer (Hüttensand + NaOH/Wasserglas);10;Stabmixer + SDS;KOH 1 mol/l;6;0.35;0.074;0.0213;0.715;0.99;0.76;7.13;180;ja
20;62.7882;Geopolymer (Hüttensand + NaOH/Wasserglas);10;Stabmixer + SDS;KOH 1 mol/l;10;0.42;0.0677;0.0186;0.6549;0.99;1.0;7.13;180;ja
21;62.7274;Geopolymer (Hüttensand + NaOH/Wasserglas);15;Ultraschall + SDS;KOH 1 mol/l;10;0.42;0.0983;0.0283;0.4786;0.99;1.0;10.53;180;ja
22;62.6697;Geopolymer (Hüttensand + NaOH/Wasserglas);8;Stabmixer;KOH 1 mol/l;10;0.35;0.0601;0.0129;0.792;0.99;1.0;5.8;180;ja
23;62.6516;Geopolymer (Hüttensand + NaOH/Wasserglas);12;Ultraschall + SDS;KOH 1 mol/l;6;0.42;0.0802;0.0272;0.5844;0.99;0.76;8.61;180;ja
24;62.4946;Geopolymer (Hüttensand + NaOH/Wasserglas);12;Stabmixer + SDS;KOH 1 mol/l;10;0.42;0.0802;0.0221;0.5844;0.99;1.0;8.41;180;ja
25;62.4772;Geopolymer (Hüttensand + NaOH/Wasserglas);15;Ultraschall + SDS;KOH 1 mol/l;6;0.35;0.1071;0.0314;0.5225;0.99;0.76;10.53;180;ja
26;62.3547;Geopolymer (Hüttensand + NaOH/Wasserglas);10;Stabmixer + SDS;Eigene Porenlösung (ohne Zusatz);10;0.35;0.074;0.0121;0.715;1.1;1.1;7.03;180;ja
27;62.3351;Geopolymer (Hüttensand + NaOH/Wasserglas);8;Stabmixer + SDS;KOH 1 mol/l;6;0.35;0.0601;0.0172;0.792;0.99;0.76;5.85;180;ja
28;62.294;Geopolymer (Hüttensand + NaOH/Wasserglas);10;Stabmixer;KOH 1 mol/l;10;0.35;0.074;0.016;0.715;0.99;1.0;7.08;180;ja
29;62.2576;Geopolymer (Hüttensand + NaOH/Wasserglas);8;Ultraschall + SDS;KOH 1 mol/l;3;0.35;0.0601;0.0209;0.792;0.99;0.58;6.05;180;ja
30;62.185;Geopolymer (Hüttensand + NaOH/Wasserglas);10;Ultraschall + SDS;KOH 1 mol/l;6;0.42;0.0677;0.0229;0.6549;0.99;0.76;7.33;180;ja
31;62.1017;Geopolymer (Hüttensand + NaOH/Wasserglas);12;Stabmixer + SDS;KOH 1 mol/l;6;0.35;0.0875;0.0246;0.638;0.99;0.76;8.41;180;ja
32;61.9917;Geopolymer (Hüttensand + NaOH/Wasserglas);12;Ultraschall + SDS;KOH 1 mol/l;10;0.5;0.0731;0.0238;0.5232;0.99;1.0;8.61;180;ja
33;61.9344;Geopolymer (Hüttensand + NaOH/Wasserglas);8;Stabmixer;Eigene Porenlösung (ohne Zusatz);10;0.35;0.0601;0.0081;0.792;1.1;1.1;5.7;180;ja
34;61.9062;Geopolymer (Hüttensand + NaOH/Wasserglas);8;Stabmixer + SDS;KOH 1 mol/l;10;0.42;0.0549;0.0148;0.7255;0.99;1.0;5.85;180;ja
35;61.7662;Geopolymer (Hüttensand + NaOH/Wasserglas);15;Ultraschall + SDS;KOH 1 mol/l;3;0.35;0.1071;0.0342;0.5225;0.99;0.58;10.53;180;ja
36;61.5732;Geopolymer (Hüttensand + NaOH/Wasserglas);12;Ultraschall + SDS;KOH 1 mol/l;3;0.42;0.0802;0.0296;0.5844;0.99;0.58;8.61;180;ja
37;61.5587;Geopolymer (Hüttensand + NaOH/Wasserglas);10;Ultraschall + SDS;KOH 1 mol/l;10;0.5;0.0617;0.02;0.5863;0.99;1.0;7.33;180;ja
38;61.5502;Geopolymer (Hüttensand + NaOH/Wasserglas);15;Stabmixer + SDS;KOH 1 mol/l;10;0.35;0.1071;0.0255;0.5225;0.99;1.0;10.33;180;ja
39;61.531;Geopolymer (Hüttensand + NaOH/Wasserglas);12;Ultraschall + SDS;Eigene Porenlösung (ohne Zusatz);10;0.35;0.0875;0.0156;0.638;1.1;1.1;8.51;180;ja
40;61.4285;Geopolymer (Hüttensand + NaOH/Wasserglas);8;Ultraschall + SDS;Eigene Porenlösung (ohne Zusatz);10;0.42;0.0549;0.0104;0.7255;1.1;1.1;5.95;180;ja
41;61.218;Geopolymer (Hüttensand + NaOH/Wasserglas);10;Stabmixer + SDS;KOH 1 mol/l;3;0.35;0.074;0.0232;0.715;0.99;0.58;7.13;180;ja
42;61.1486;Geopolymer (Hüttensand + NaOH/Wasserglas);15;Ultraschall + SDS;KOH 1 mol/l;6;0.42;0.0983;0.0315;0.4786;0.99;0.76;10.53;180;ja
43;61.1481;Geopolymer (Hüttensand + NaOH/Wasserglas);15;Ultraschall + SDS;KOH 1 mol/l;10;0.5;0.0898;0.0283;0.4284;0.99;1.0;10.53;180;ja
44;61.0505;Geopolymer (Hüttensand + NaOH/Wasserglas);10;Ultraschall + SDS;Eigene Porenlösung (ohne Zusatz);10;0.42;0.0677;0.0131;0.6549;1.1;1.1;7.23;180;ja
45;60.7989;Geopolymer (Hüttensand + NaOH/Wasserglas);12;Stabmixer + SDS;KOH 1 mol/l;3;0.35;0.0875;0.0269;0.638;0.99;0.58;8.41;180;ja
46;60.7962;Geopolymer (Hüttensand + NaOH/Wasserglas);12;Stabmixer;KOH 1 mol/l;10;0.35;0.0875;0.0185;0.638;0.99;1.0;8.36;180;ja
47;60.7367;Geopolymer (Hüttensand + NaOH/Wasserglas);10;Ultraschall + SDS;KOH 1 mol/l;3;0.42;0.0677;0.025;0.6549;0.99;0.58;7.33;180;ja
48;60.6508;Geopolymer (Hüttensand + NaOH/Wasserglas);8;Ultraschall + SDS;KOH 1 mol/l;6;0.42;0.0549;0.0184;0.7255;0.99;0.76;6.05;180;ja
49;60.6095;Geopolymer (Hüttensand + NaOH/Wasserglas);8;Ultraschall + SDS;Eigene Porenlösung (ohne Zusatz);6;0.35;0.0601;0.0121;0.792;1.1;0.836;5.95;180;ja
50;60.4859;Geopolymer (Hüttensand + NaOH/Wasserglas);8;Stabmixer + SDS;Eigene Porenlösung (ohne Zusatz);10;0.42;0.0549;0.0094;0.7255;1.1;1.1;5.75;180;ja
51;60.4428;Geopolymer (Hüttensand + NaOH/Wasserglas);15;Ultraschall + SDS;KOH 1 mol/l;3;0.42;0.0983;0.0343;0.4786;0.99;0.58;10.53;180;ja
52;60.433;Geopolymer (Hüttensand + NaOH/Wasserglas);10;Stabmixer;Eigene Porenlösung (ohne Zusatz);10;0.35;0.074;0.0101;0.715;1.1;1.1;6.98;180;ja
53;60.3952;Geopolymer (Hüttensand + NaOH/Wasserglas);8;Stabmixer + SDS;KOH 1 mol/l;3;0.35;0.0601;0.0187;0.792;0.99;0.58;5.85;180;ja
54;60.2558;Geopolymer (Hüttensand + NaOH/Wasserglas);12;Stabmixer + SDS;Eigene Porenlösung (ohne Zusatz);10;0.35;0.0875;0.014;0.638;1.1;1.1;8.31;180;ja
55;60.2429;Geopolymer (Hüttensand + NaOH/Wasserglas);12;Stabmixer + SDS;KOH 1 mol/l;6;0.42;0.0802;0.0245;0.5844;0.99;0.76;8.41;180;ja
56;60.2108;Geopolymer (Hüttensand + NaOH/Wasserglas);15;Stabmixer + SDS;KOH 1 mol/l;10;0.42;0.0983;0.0255;0.4786;0.99;1.0;10.33;180;ja
57;60.1717;Geopolymer (Hüttensand + NaOH/Wasserglas);10;Stabmixer + SDS;KOH 1 mol/l;6;0.42;0.0677;0.0206;0.6549;0.99;0.76;7.13;180;ja
58;60.0011;Geopolymer (Hüttensand + NaOH/Wasserglas);10;Stabmixer + SDS;Eigene Porenlösung (ohne Zusatz);10;0.42;0.0677;0.0117;0.6549;1.1;1.1;7.03;180;ja
59;59.9282;Geopolymer (Hüttensand + NaOH/Wasserglas);12;Ultraschall + SDS;KOH 1 mol/l;6;0.5;0.0731;0.0264;0.5232;0.99;0.76;8.61;180;ja
60;59.9082;Geopolymer (Hüttensand + NaOH/Wasserglas);12;Stabmixer + SDS;KOH 1 mol/l;10;0.5;0.0731;0.0214;0.5232;0.99;1.0;8.41;180;ja
61;59.8031;Geopolymer (Hüttensand + NaOH/Wasserglas);10;Ultraschall + SDS;Eigene Porenlösung (ohne Zusatz);6;0.35;0.074;0.015;0.715;1.1;0.836;7.23;180;ja
62;59.798;Geopolymer (Hüttensand + NaOH/Wasserglas);10;Stabmixer + SDS;KOH 1 mol/l;10;0.5;0.0617;0.018;0.5863;0.99;1.0;7.13;180;ja
63;59.7912;Geopolymer (Hüttensand + NaOH/Wasserglas);10;Stabmixer;KOH 1 mol/l;10;0.42;0.0677;0.0155;0.6549;0.99;1.0;7.08;180;ja
64;59.7319;Geopolymer (Hüttensand + NaOH/Wasserglas);12;Ultraschall + SDS;Eigene Porenlösung (ohne Zusatz);10;0.42;0.0802;0.0155;0.5844;1.1;1.1;8.51;180;ja
65;59.6711;Geopolymer (Hüttensand + NaOH/Wasserglas);8;Handrühren;Eigene Porenlösung (ohne Zusatz);10;0.35;0.0601;0.0059;0.792;1.1;1.1;5.6;180;ja
66;59.6627;Geopolymer (Hüttensand + NaOH/Wasserglas);15;Stabmixer + SDS;KOH 1 mol/l;6;0.35;0.1071;0.0283;0.5225;0.99;0.76;10.33;180;ja
67;59.6044;Geopolymer (Hüttensand + NaOH/Wasserglas);8;Stabmixer + SDS;Eigene Porenlösung (ohne Zusatz);6;0.35;0.0601;0.0109;0.792;1.1;0.836;5.75;180;ja
68;59.5699;Geopolymer (Hüttensand + NaOH/Wasserglas);15;Ultraschall + SDS;KOH 1 mol/l;6;0.5;0.0898;0.0315;0.4284;0.99;0.76;10.53;180;ja
69;59.4666;Geopolymer (Hüttensand + NaOH/Wasserglas);8;Stabmixer;KOH 1 mol/l;6;0.35;0.0601;0.0143;0.792;0.99;0.76;5.8;180;ja
70;59.3967;Geopolymer (Hüttensand + NaOH/Wasserglas);10;Stabmixer;KOH 1 mol/l;6;0.35;0.074;0.0178;0.715;0.99;0.76;7.08;180;ja
71;59.2361;Geopolymer (Hüttensand + NaOH/Wasserglas);8;Stabmixer;KOH 1 mol/l;10;0.42;0.0549;0.0123;0.7255;0.99;1.0;5.8;180;ja
72;59.1738;Geopolymer (Hüttensand + NaOH/Wasserglas);8;Handrühren;KOH 1 mol/l;10;0.35;0.0601;0.0094;0.792;0.99;1.0;5.7;180;ja
73;59.1285;Geopolymer (Hüttensand + NaOH/Wasserglas);8;Ultraschall + SDS;KOH 1 mol/l;10;0.5;0.05;0.0157;0.6494;0.99;1.0;6.05;180;ja
74;59.0981;Geopolymer (Hüttensand + NaOH/Wasserglas);10;Ultraschall + SDS;KOH 1 mol/l;6;0.5;0.0617;0.0222;0.5863;0.99;0.76;7.33;180;ja
75;58.9725;Geopolymer (Hüttensand + NaOH/Wasserglas);12;Stabmixer;KOH 1 mol/l;10;0.42;0.0802;0.0184;0.5844;0.99;1.0;8.36;180;ja
76;58.9362;Geopolymer (Hüttensand + NaOH/Wasserglas);8;Stabmixer + SDS;KOH 1 mol/l;6;0.42;0.0549;0.0165;0.7255;0.99;0.76;5.85;180;ja
77;58.9263;Geopolymer (Hüttensand + NaOH/Wasserglas);12;Stabmixer + SDS;KOH 1 mol/l;3;0.42;0.0802;0.0267;0.5844;0.99;0.58;8.41;180;ja
78;58.8646;Geopolymer (Hüttensand + NaOH/Wasserglas);15;Ultraschall + SDS;KOH 1 mol/l;3;0.5;0.0898;0.0343;0.4284;0.99;0.58;10.53;180;ja
79;58.8261;Geopolymer (Hüttensand + NaOH/Wasserglas);8;Ultraschall + SDS;KOH 1 mol/l;3;0.42;0.0549;0.02;0.7255;0.99;0.58;6.05;180;ja
80;58.782;Geopolymer (Hüttensand + NaOH/Wasserglas);12;Ultraschall + SDS;KOH 1 mol/l;3;0.5;0.0731;0.0288;0.5232;0.99;0.58;8.61;180;ja
81;58.712;Geopolymer (Hüttensand + NaOH/Wasserglas);8;Stabmixer;Eigene Porenlösung (ohne Zusatz);10;0.42;0.0549;0.0078;0.7255;1.1;1.1;5.7;180;ja
82;58.6767;Geopolymer (Hüttensand + NaOH/Wasserglas);15;Stabmixer + SDS;KOH 1 mol/l;3;0.35;0.1071;0.0308;0.5225;0.99;0.58;10.33;180;ja
83;58.6306;Geopolymer (Hüttensand + NaOH/Wasserglas);15;Stabmixer + SDS;KOH 1 mol/l;10;0.5;0.0898;0.0255;0.4284;0.99;1.0;10.33;180;ja
84;58.5809;Geopolymer (Hüttensand + NaOH/Wasserglas);10;Stabmixer + SDS;Eigene Porenlösung (ohne Zusatz);6;0.35;0.074;0.0135;0.715;1.1;0.836;7.03;180;ja
85;58.5226;Geopolymer (Hüttensand + NaOH/Wasserglas);10;Stabmixer + SDS;KOH 1 mol/l;3;0.42;0.0677;0.0225;0.6549;0.99;0.58;7.13;180;ja
86;58.4648;Geopolymer (Hüttensand + NaOH/Wasserglas);12;Stabmixer + SDS;Eigene Porenlösung (ohne Zusatz);10;0.42;0.0802;0.0139;0.5844;1.1;1.1;8.31;180;ja
87;58.3284;Geopolymer (Hüttensand + NaOH/Wasserglas);15;Stabmixer + SDS;KOH 1 mol/l;6;0.42;0.0983;0.0283;0.4786;0.99;0.76;10.33;180;ja
88;58.2835;Geopolymer (Hüttensand + NaOH/Wasserglas);10;Ultraschall + SDS;Eigene Porenlösung (ohne Zusatz);10;0.5;0.0617;0.0126;0.5863;1.1;1.1;7.23;180;ja
89;58.2332;Geopolymer (Hüttensand + NaOH/Wasserglas);10;Handrühren;KOH 1 mol/l;10;0.35;0.074;0.0117;0.715;0.99;1.0;6.98;180;ja
90;58.1633;Geopolymer (Hüttensand + NaOH/Wasserglas);12;Stabmixer;KOH 1 mol/l;6;0.35;0.0875;0.0205;0.638;0.99;0.76;8.36;180;ja
91;58.1236;Geopolymer (Hüttensand + NaOH/Wasserglas);12;Ultraschall + SDS;Eigene Porenlösung (ohne Zusatz);6;0.35;0.0875;0.0173;0.638;1.1;0.836;8.51;180;ja
92;58.1179;Geopolymer (Hüttensand + NaOH/Wasserglas);10;Stabmixer;Eigene Porenlösung (ohne Zusatz);10;0.42;0.0677;0.0098;0.6549;1.1;1.1;6.98;180;ja
93;58.0405;Geopolymer (Hüttensand + NaOH/Wasserglas);12;Stabmixer;Eigene Porenlösung (ohne Zusatz);10;0.35;0.0875;0.0117;0.638;1.1;1.1;8.26;180;ja
94;57.9034;Geopolymer (Hüttensand + NaOH/Wasserglas);10;Handrühren;Eigene Porenlösung (ohne Zusatz);10;0.35;0.074;0.0074;0.715;1.1;1.1;6.88;180;ja
95;57.8783;Geopolymer (Hüttensand + NaOH/Wasserglas);8;Ultraschall + SDS;Eigene Porenlösung (ohne Zusatz);3;0.35;0.0601;0.0132;0.792;1.1;0.638;5.95;180;ja
96;57.7959;Geopolymer (Hüttensand + NaOH/Wasserglas);15;Ultraschall + SDS;Eigene Porenlösung (ohne Zusatz);10;0.35;0.1071;0.0179;0.5225;1.1;1.1;10.43;180;ja
97;57.7707;Geopolymer (Hüttensand + NaOH/Wasserglas);8;Stabmixer;Eigene Porenlösung (ohne Zusatz);6;0.35;0.0601;0.009;0.792;1.1;0.836;5.7;180;ja
98;57.7328;CEM III (Hüttensandzement);10;Ultraschall + SDS;KOH 1 mol/l;10;0.35;0.0746;0.0205;0.585;0.9;1.0;7.138;400;nein (EP 3 737 654)
99;57.5899;Geopolymer (Hüttensand + NaOH/Wasserglas);12;Stabmixer + SDS;KOH 1 mol/l;6;0.5;0.0731;0.0238;0.5232;0.99;0.76;8.41;180;ja
100;57.5883;Geopolymer (Hüttensand + NaOH/Wasserglas);10;Ultraschall + SDS;KOH 1 mol/l;3;0.5;0.0617;0.0242;0.5863;0.99;0.58;7.33;180;ja
101;57.5321;Geopolymer (Hüttensand + NaOH/Wasserglas);8;Ultraschall + SDS;Eigene Porenlösung (ohne Zusatz);6;0.42;0.0549;0.0116;0.7255;1.1;0.836;5.95;180;ja
102;57.4936;Geopolymer (Hüttensand + NaOH/Wasserglas);10;Stabmixer;KOH 1 mol/l;3;0.35;0.074;0.0194;0.715;0.99;0.58;7.08;180;ja
103;57.481;Geopolymer (Hüttensand + NaOH/Wasserglas);15;Stabmixer;KOH 1 mol/l;10;0.35;0.1071;0.0212;0.5225;0.99;1.0;10.28;180;ja
104;57.4768;Geopolymer (Hüttensand + NaOH/Wasserglas);8;Stabmixer + SDS;KOH 1 mol/l;10;0.5;0.05;0.0141;0.6494;0.99;1.0;5.85;180;ja
105;57.4319;Geopolymer (Hüttensand + NaOH/Wasserglas);8;Ultraschall + SDS;Eigene Porenlösung (ohne Zusatz);10;0.5;0.05;0.0099;0.6494;1.1;1.1;5.95;180;ja
106;57.3797;Geopolymer (Hüttensand + NaOH/Wasserglas);10;Ultraschall + SDS;Eigene Porenlösung (ohne Zusatz);6;0.42;0.0677;0.0145;0.6549;1.1;0.836;7.23;180;ja
107;57.347;Geopolymer (Hüttensand + NaOH/Wasserglas);15;Stabmixer + SDS;KOH 1 mol/l;3;0.42;0.0983;0.0309;0.4786;0.99;0.58;10.33;180;ja
108;57.3377;Geopolymer (Hüttensand + NaOH/Wasserglas);12;Ultraschall + SDS;Eigene Porenlösung (ohne Zusatz);10;0.5;0.0731;0.015;0.5232;1.1;1.1;8.51;180;ja
109;57.3082;Geopolymer (Hüttensand + NaOH/Wasserglas);10;Ultraschall + SDS;Eigene Porenlösung (ohne Zusatz);3;0.35;0.074;0.0163;0.715;1.1;0.638;7.23;180;ja
110;57.2795;Geopolymer (Hüttensand + NaOH/Wasserglas);8;Stabmixer;KOH 1 mol/l;3;0.35;0.0601;0.0156;0.792;0.99;0.58;5.8;180;ja
111;57.2719;CEM III (Hüttensandzement);12;Ultraschall + SDS;KOH 1 mol/l;10;0.35;0.0882;0.0236;0.522;0.9;1.0;8.418;400;nein (EP 3 737 654)
112;57.2436;Geopolymer (Hüttensand + NaOH/Wasserglas);10;Stabmixer + SDS;Eigene Porenlösung (ohne Zusatz);10;0.5;0.0617;0.0114;0.5863;1.1;1.1;7.03;180;ja
113;57.1249;Geopolymer (Hüttensand + NaOH/Wasserglas);10;Stabmixer + SDS;KOH 1 mol/l;6;0.5;0.0617;0.02;0.5863;0.99;0.76;7.13;180;ja
114;57.117;CEM III (Hüttensandzement);8;Ultraschall + SDS;KOH 1 mol/l;10;0.35;0.0606;0.0166;0.648;0.9;1.0;5.858;400;nein (EP 3 737 654)
115;56.9546;Geopolymer (Hüttensand + NaOH/Wasserglas);8;Stabmixer + SDS;KOH 1 mol/l;3;0.42;0.0549;0.018;0.7255;0.99;0.58;5.85;180;ja
116;56.8441;Geopolymer (Hüttensand + NaOH/Wasserglas);10;Stabmixer;KOH 1 mol/l;6;0.42;0.0677;0.0172;0.6549;0.99;0.76;7.08;180;ja
117;56.8392;Geopolymer (Hüttensand + NaOH/Wasserglas);10;Stabmixer;KOH 1 mol/l;10;0.5;0.0617;0.015;0.5863;0.99;1.0;7.08;180;ja
118;56.7701;Geopolymer (Hüttensand + NaOH/Wasserglas);8;Stabmixer + SDS;Eigene Porenlösung (ohne Zusatz);3;0.35;0.0601;0.0118;0.792;1.1;0.638;5.75;180;ja
119;56.7487;Geopolymer (Hüttensand + NaOH/Wasserglas);15;Stabmixer + SDS;KOH 1 mol/l;6;0.5;0.0898;0.0283;0.4284;0.99;0.76;10.33;180;ja
120;56.6815;Geopolymer (Hüttensand + NaOH/Wasserglas);12;Stabmixer + SDS;Eigene Porenlösung (ohne Zusatz);6;0.35;0.0875;0.0156;0.638;1.1;0.836;8.31;180;ja
121;56.5007;Geopolymer (Hüttensand + NaOH/Wasserglas);12;Stabmixer;KOH 1 mol/l;3;0.35;0.0875;0.0224;0.638;0.99;0.58;8.36;180;ja
122;56.4871;Geopolymer (Hüttensand + NaOH/Wasserglas);8;Stabmixer + SDS;Eigene Porenlösung (ohne Zusatz);6;0.42;0.0549;0.0104;0.7255;1.1;0.836;5.75;180;ja
123;56.4788;Geopolymer (Hüttensand + NaOH/Wasserglas);12;Stabmixer;KOH 1 mol/l;10;0.5;0.0731;0.0178;0.5232;0.99;1.0;8.36;180;ja
124;56.4433;Geopolymer (Hüttensand + NaOH/Wasserglas);10;Stabmixer;Eigene Porenlösung (ohne Zusatz);6;0.35;0.074;0.0112;0.715;1.1;0.836;6.98;180;ja
125;56.443;Geopolymer (Hüttensand + NaOH/Wasserglas);15;Ultraschall + SDS;Eigene Porenlösung (ohne Zusatz);10;0.42;0.0983;0.0179;0.4786;1.1;1.1;10.43;180;ja
126;56.3587;Geopolymer (Hüttensand + NaOH/Wasserglas);8;Stabmixer + SDS;Eigene Porenlösung (ohne Zusatz);10;0.5;0.05;0.0089;0.6494;1.1;1.1;5.75;180;ja
127;56.3272;Geopolymer (Hüttensand + NaOH/Wasserglas);12;Stabmixer;KOH 1 mol/l;6;0.42;0.0802;0.0204;0.5844;0.99;0.76;8.36;180;ja
128;56.3142;Geopolymer (Hüttensand + NaOH/Wasserglas);12;Ultraschall + SDS;Eigene Porenlösung (ohne Zusatz);6;0.42;0.0802;0.0172;0.5844;1.1;0.836;8.51;180;ja
129;56.2988;Geopolymer (Hüttensand + NaOH/Wasserglas);15;Stabmixer + SDS;Eigene Porenlösung (ohne Zusatz);10;0.35;0.1071;0.0161;0.5225;1.1;1.1;10.23;180;ja
130;56.2982;Geopolymer (Hüttensand + NaOH/Wasserglas);8;Ultraschall + SDS;KOH 1 mol/l;6;0.5;0.05;0.0174;0.6494;0.99;0.76;6.05;180;ja
131;56.2612;Geopolymer (Hüttensand + NaOH/Wasserglas);12;Stabmixer;Eigene Porenlösung (ohne Zusatz);10;0.42;0.0802;0.0116;0.5844;1.1;1.1;8.26;180;ja
132;56.2138;Geopolymer (Hüttensand + NaOH/Wasserglas);8;Handrühren;Eigene Porenlösung (ohne Zusatz);10;0.42;0.0549;0.0056;0.7255;1.1;1.1;5.6;180;ja
133;56.2124;Geopolymer (Hüttensand + NaOH/Wasserglas);12;Stabmixer + SDS;KOH 1 mol/l;3;0.5;0.0731;0.0259;0.5232;0.99;0.58;8.41;180;ja
134;56.1914;Geopolymer (Hüttensand + NaOH/Wasserglas);10;Stabmixer + SDS;Eigene Porenlösung (ohne Zusatz);6;0.42;0.0677;0.013;0.6549;1.1;0.836;7.03;180;ja
135;56.1337;Geopolymer (Hüttensand + NaOH/Wasserglas);15;Stabmixer;KOH 1 mol/l;10;0.42;0.0983;0.0213;0.4786;0.99;1.0;10.28;180;ja
136;56.1131;Geopolymer (Hüttensand + NaOH/Wasserglas);12;Handrühren;KOH 1 mol/l;10;0.35;0.0875;0.0136;0.638;0.99;1.0;8.26;180;ja
137;56.1086;Geopolymer (Hüttensand + NaOH/Wasserglas);12;Stabmixer + SDS;Eigene Porenlösung (ohne Zusatz);10;0.5;0.0731;0.0135;0.5232;1.1;1.1;8.31;180;ja
138;56.0156;Geopolymer (Hüttensand + NaOH/Wasserglas);8;Stabmixer;KOH 1 mol/l;6;0.42;0.0549;0.0137;0.7255;0.99;0.76;5.8;180;ja
139;55.9736;CEM III (Hüttensandzement);10;Stabmixer + SDS;KOH 1 mol/l;10;0.35;0.0746;0.0184;0.585;0.9;1.0;6.938;400;nein (EP 3 737 654)
140;55.9552;Geopolymer (Hüttensand + NaOH/Wasserglas);10;Stabmixer + SDS;Eigene Porenlösung (ohne Zusatz);3;0.35;0.074;0.0147;0.715;1.1;0.638;7.03;180;ja
141;55.8309;Geopolymer (Hüttensand + NaOH/Wasserglas);12;Ultraschall + SDS;Eigene Porenlösung (ohne Zusatz);3;0.35;0.0875;0.0188;0.638;1.1;0.638;8.51;180;ja
142;55.8174;Geopolymer (Hüttensand + NaOH/Wasserglas);10;Handrühren;KOH 1 mol/l;10;0.42;0.0677;0.0113;0.6549;0.99;1.0;6.98;180;ja
143;55.7678;Geopolymer (Hüttensand + NaOH/Wasserglas);15;Stabmixer + SDS;KOH 1 mol/l;3;0.5;0.0898;0.0309;0.4284;0.99;0.58;10.33;180;ja
144;55.7252;CEM III (Hüttensandzement);12;Ultraschall + SDS;KOH 1 mol/l;10;0.42;0.0807;0.0235;0.4782;0.9;1.0;8.418;400;nein (EP 3 737 654)
145;55.685;CEM III (Hüttensandzement);8;Stabmixer + SDS;KOH 1 mol/l;10;0.35;0.0606;0.0149;0.648;0.9;1.0;5.658;400;nein (EP 3 737 654)
146;55.6268;Geopolymer (Hüttensand + NaOH/Wasserglas);10;Handrühren;Eigene Porenlösung (ohne Zusatz);10;0.42;0.0677;0.0072;0.6549;1.1;1.1;6.88;180;ja
147;55.6175;Geopolymer (Hüttensand + NaOH/Wasserglas);8;Handrühren;KOH 1 mol/l;6;0.35;0.0601;0.0104;0.792;0.99;0.76;5.7;180;ja
148;55.5621;Geopolymer (Hüttensand + NaOH/Wasserglas);8;Handrühren;KOH 1 mol/l;10;0.42;0.0549;0.0089;0.7255;0.99;1.0;5.7;180;ja
149;55.4793;CEM III (Hüttensandzement);10;Ultraschall + SDS;KOH 1 mol/l;10;0.42;0.0682;0.0198;0.5359;0.9;1.0;7.138;400;nein (EP 3 737 654)
150;55.4769;Geopolymer (Hüttensand + NaOH/Wasserglas);10;Ultraschall + SDS;KCl gesättigt;10;0.35;0.074;0.0225;0.715;0.22;1.0;7.33;180;ja
151;55.4216;Geopolymer (Hüttensand + NaOH/Wasserglas);10;Stabmixer + SDS;KOH 1 mol/l;3;0.5;0.0617;0.0218;0.5863;0.99;0.58;7.13;180;ja
152;55.3644;Geopolymer (Hüttensand + NaOH/Wasserglas);10;Stabmixer;Eigene Porenlösung (ohne Zusatz);10;0.5;0.0617;0.0094;0.5863;1.1;1.1;6.98;180;ja
153;55.3274;CEM III (Hüttensandzement);15;Ultraschall + SDS;KOH 1 mol/l;10;0.35;0.1079;0.0271;0.4275;0.9;1.0;10.338;400;nein (EP 3 737 654)
154;55.3149;CEM III (Hüttensandzement);10;Ultraschall + SDS;KOH 1 mol/l;6;0.35;0.0746;0.0227;0.585;0.9;0.76;7.138;400;nein (EP 3 737 654)
155;55.2938;Geopolymer (Hüttensand + NaOH/Wasserglas);8;Handrühren;Eigene Porenlösung (ohne Zusatz);6;0.35;0.0601;0.0066;0.792;1.1;0.836;5.6;180;ja
156;55.214;CEM III (Hüttensandzement);12;Stabmixer + SDS;KOH 1 mol/l;10;0.35;0.0882;0.0213;0.522;0.9;1.0;8.218;400;nein (EP 3 737 654)
157;55.1878;CEM III (Hüttensandzement);12;Ultraschall + SDS;KOH 1 mol/l;6;0.35;0.0882;0.0262;0.522;0.9;0.76;8.418;400;nein (EP 3 737 654)
158;55.1388;Geopolymer (Hüttensand + NaOH/Wasserglas);15;Stabmixer;KOH 1 mol/l;6;0.35;0.1071;0.0235;0.5225;0.99;0.76;10.28;180;ja
159;55.1264;Geopolymer (Hüttensand + NaOH/Wasserglas);12;Handrühren;Eigene Porenlösung (ohne Zusatz);10;0.35;0.0875;0.0086;0.638;1.1;1.1;8.16;180;ja
160;54.9426;Geopolymer (Hüttensand + NaOH/Wasserglas);15;Stabmixer + SDS;Eigene Porenlösung (ohne Zusatz);10;0.42;0.0983;0.0161;0.4786;1.1;1.1;10.23;180;ja
161;54.929;Geopolymer (Hüttensand + NaOH/Wasserglas);12;Ultraschall + SDS;KCl gesättigt;10;0.35;0.0875;0.026;0.638;0.22;1.0;8.61;180;ja
162;54.9099;Geopolymer (Hüttensand + NaOH/Wasserglas);8;Ultraschall + SDS;KCl gesättigt;10;0.35;0.0601;0.0181;0.792;0.22;1.0;6.05;180;ja
163;54.8944;Geopolymer (Hüttensand + NaOH/Wasserglas);10;Stabmixer;KOH 1 mol/l;3;0.42;0.0677;0.0187;0.6549;0.99;0.58;7.08;180;ja
164;54.8814;Geopolymer (Hüttensand + NaOH/Wasserglas);12;Stabmixer + SDS;Eigene Porenlösung (ohne Zusatz);6;0.42;0.0802;0.0155;0.5844;1.1;0.836;8.31;180;ja
165;54.8799;Geopolymer (Hüttensand + NaOH/Wasserglas);10;Handrühren;KOH 1 mol/l;6;0.35;0.074;0.013;0.715;0.99;0.76;6.98;180;ja
166;54.8619;Geopolymer (Hüttensand + NaOH/Wasserglas);15;Ultraschall + SDS;Eigene Porenlösung (ohne Zusatz);10;0.5;0.0898;0.0179;0.4284;1.1;1.1;10.43;180;ja
167;54.8465;Geopolymer (Hüttensand + NaOH/Wasserglas);10;Ultraschall + SDS;Eigene Porenlösung (ohne Zusatz);3;0.42;0.0677;0.0158;0.6549;1.1;0.638;7.23;180;ja
168;54.7838;Geopolymer (Hüttensand + NaOH/Wasserglas);8;Stabmixer;Eigene Porenlösung (ohne Zusatz);3;0.35;0.0601;0.0098;0.792;1.1;0.638;5.7;180;ja
169;54.7833;Geopolymer (Hüttensand + NaOH/Wasserglas);8;Ultraschall + SDS;Eigene Porenlösung (ohne Zusatz);3;0.42;0.0549;0.0126;0.7255;1.1;0.638;5.95;180;ja
170;54.6532;Geopolymer (Hüttensand + NaOH/Wasserglas);12;Stabmixer;KOH 1 mol/l;3;0.42;0.0802;0.0222;0.5844;0.99;0.58;8.36;180;ja
171;54.6333;Geopolymer (Hüttensand + NaOH/Wasserglas);15;Ultraschall + SDS;Eigene Porenlösung (ohne Zusatz);6;0.35;0.1071;0.0198;0.5225;1.1;0.836;10.43;180;ja
172;54.5974;Geopolymer (Hüttensand + NaOH/Wasserglas);8;Stabmixer;KOH 1 mol/l;10;0.5;0.05;0.0116;0.6494;0.99;1.0;5.8;180;ja
173;54.5784;Geopolymer (Hüttensand + NaOH/Wasserglas);10;Ultraschall + SDS;Eigene Porenlösung (ohne Zusatz);6;0.5;0.0617;0.014;0.5863;1.1;0.836;7.23;180;ja
174;54.5658;Geopolymer (Hüttensand + NaOH/Wasserglas);8;Stabmixer;Eigene Porenlösung (ohne Zusatz);6;0.42;0.0549;0.0086;0.7255;1.1;0.836;5.7;180;ja
175;54.552;Geopolymer (Hüttensand + NaOH/Wasserglas);15;Stabmixer;KOH 1 mol/l;10;0.5;0.0898;0.0213;0.4284;0.99;1.0;10.28;180;ja
176;54.4928;Geopolymer (Hüttensand + NaOH/Wasserglas);8;Stabmixer + SDS;KOH 1 mol/l;6;0.5;0.05;0.0156;0.6494;0.99;0.76;5.85;180;ja
177;54.4315;Geopolymer (Hüttensand + NaOH/Wasserglas);8;Ultraschall + SDS;KOH 1 mol/l;3;0.5;0.05;0.019;0.6494;0.99;0.58;6.05;180;ja
178;54.3346;Geopolymer (Hüttensand + NaOH/Wasserglas);8;Stabmixer;Eigene Porenlösung (ohne Zusatz);10;0.5;0.05;0.0073;0.6494;1.1;1.1;5.7;180;ja
179;54.3147;Geopolymer (Hüttensand + NaOH/Wasserglas);12;Handrühren;KOH 1 mol/l;10;0.42;0.0802;0.0135;0.5844;0.99;1.0;8.26;180;ja
180;54.2964;CEM III (Hüttensandzement);8;Ultraschall + SDS;KOH 1 mol/l;10;0.42;0.0553;0.0159;0.5936;0.9;1.0;5.858;400;nein (EP 3 737 654)
181;54.2925;CEM III (Hüttensandzement);8;Ultraschall + SDS;KOH 1 mol/l;6;0.35;0.0606;0.0184;0.648;0.9;0.76;5.858;400;nein (EP 3 737 654)
182;54.2399;CEM III (Hüttensandzement);15;Ultraschall + SDS;KOH 1 mol/l;10;0.42;0.0989;0.0271;0.3916;0.9;1.0;10.338;400;nein (EP 3 737 654)
183;54.2373;Geopolymer (Hüttensand + NaOH/Wasserglas);12;Stabmixer + SDS;Eigene Porenlösung (ohne Zusatz);3;0.35;0.0875;0.017;0.638;1.1;0.638;8.31;180;ja
184;54.2159;Geopolymer (Hüttensand + NaOH/Wasserglas);12;Stabmixer;Eigene Porenlösung (ohne Zusatz);6;0.35;0.0875;0.013;0.638;1.1;0.836;8.26;180;ja
185;54.1937;Geopolymer (Hüttensand + NaOH/Wasserglas);8;Ultraschall + SDS;KCl 1 mol/l;10;0.35;0.0601;0.0145;0.792;0.385;1.0;6.0;180;ja
186;54.1007;Geopolymer (Hüttensand + NaOH/Wasserglas);10;Stabmixer;Eigene Porenlösung (ohne Zusatz);6;0.42;0.0677;0.0109;0.6549;1.1;0.836;6.98;180;ja
187;54.0233;CEM III (Hüttensandzement);12;Ultraschall + SDS;KOH 1 mol/l;3;0.35;0.0882;0.0286;0.522;0.9;0.58;8.418;400;nein (EP 3 737 654)
188;54.012;Geopolymer (Hüttensand + NaOH/Wasserglas);12;Ultraschall + SDS;Eigene Porenlösung (ohne Zusatz);3;0.42;0.0802;0.0187;0.5844;1.1;0.638;8.51;180;ja
189;53.9602;Geopolymer (Hüttensand + NaOH/Wasserglas);12;Stabmixer;Eigene Porenlösung (ohne Zusatz);10;0.5;0.0731;0.0113;0.5232;1.1;1.1;8.26;180;ja
190;53.9136;Geopolymer (Hüttensand + NaOH/Wasserglas);10;Ultraschall + SDS;KCl 1 mol/l;10;0.35;0.074;0.018;0.715;0.385;1.0;7.28;180;ja
191;53.8741;Geopolymer (Hüttensand + NaOH/Wasserglas);12;Ultraschall + SDS;Eigene Porenlösung (ohne Zusatz);6;0.5;0.0731;0.0167;0.5232;1.1;0.836;8.51;180;ja
192;53.8492;Geopolymer (Hüttensand + NaOH/Wasserglas);10;Stabmixer;KOH 1 mol/l;6;0.5;0.0617;0.0166;0.5863;0.99;0.76;7.08;180;ja
193;53.8471;CEM III (Hüttensandzement);10;Ultraschall + SDS;KOH 1 mol/l;3;0.35;0.0746;0.0248;0.585;0.9;0.58;7.138;400;nein (EP 3 737 654)
194;53.8031;Geopolymer (Hüttensand + NaOH/Wasserglas);8;Stabmixer;KOH 1 mol/l;3;0.42;0.0549;0.0149;0.7255;0.99;0.58;5.8;180;ja
195;53.7958;Geopolymer (Hüttensand + NaOH/Wasserglas);15;Stabmixer;KOH 1 mol/l;6;0.42;0.0983;0.0236;0.4786;0.99;0.76;10.28;180;ja
196;53.7785;Geopolymer (Hüttensand + NaOH/Wasserglas);12;Stabmixer;KOH 1 mol/l;6;0.5;0.0731;0.0198;0.5232;0.99;0.76;8.36;180;ja
197;53.7731;CEM III (Hüttensandzement);10;Stabmixer + SDS;KOH 1 mol/l;10;0.42;0.0682;0.0178;0.5359;0.9;1.0;6.938;400;nein (EP 3 737 654)
198;53.751;Geopolymer (Hüttensand + NaOH/Wasserglas);15;Stabmixer;Eigene Porenlösung (ohne Zusatz);10;0.35;0.1071;0.0134;0.5225;1.1;1.1;10.18;180;ja
199;53.7402;Geopolymer (Hüttensand + NaOH/Wasserglas);15;Stabmixer;KOH 1 mol/l;3;0.35;0.1071;0.0257;0.5225;0.99;0.58;10.28;180;ja
200;53.6812;CEM III (Hüttensandzement);12;Stabmixer + SDS;KOH 1 mol/l;10;0.42;0.0807;0.0211;0.4782;0.9;1.0;8.218;400;nein (EP 3 737 654)
201;53.6433;Geopolymer (Hüttensand + NaOH/Wasserglas);8;Stabmixer + SDS;Eigene Porenlösung (ohne Zusatz);3;0.42;0.0549;0.0113;0.7255;1.1;0.638;5.75;180;ja
202;53.6267;Geopolymer (Hüttensand + NaOH/Wasserglas);10;Handrühren;Eigene Porenlösung (ohne Zusatz);6;0.35;0.074;0.0082;0.715;1.1;0.836;6.88;180;ja
203;53.6243;CEM III (Hüttensandzement);12;Ultraschall + SDS;KOH 1 mol/l;6;0.42;0.0807;0.026;0.4782;0.9;0.76;8.418;400;nein (EP 3 737 654)
204;53.6214;Geopolymer (Hüttensand + NaOH/Wasserglas);10;Stabmixer;Eigene Porenlösung (ohne Zusatz);3;0.35;0.074;0.0122;0.715;1.1;0.638;6.98;180;ja
205;53.6125;CEM III (Hüttensandzement);15;Ultraschall + SDS;KOH 1 mol/l;6;0.35;0.1079;0.03;0.4275;0.9;0.76;10.338;400;nein (EP 3 737 654)
206;53.5571;Geopolymer (Hüttensand + NaOH/Wasserglas);8;Ultraschall + SDS;Eigene Porenlösung (ohne Zusatz);6;0.5;0.05;0.011;0.6494;1.1;0.836;5.95;180;ja
207;53.5319;Geopolymer (Hüttensand + NaOH/Wasserglas);10;Stabmixer + SDS;Eigene Porenlösung (ohne Zusatz);3;0.42;0.0677;0.0142;0.6549;1.1;0.638;7.03;180;ja
208;53.5246;Geopolymer (Hüttensand + NaOH/Wasserglas);10;Stabmixer + SDS;KCl gesättigt;10;0.35;0.074;0.0202;0.715;0.22;1.0;7.13;180;ja
209;53.4908;CEM I (Portland);10;Ultraschall + SDS;KOH 1 mol/l;10;0.35;0.0763;0.021;0.65;0.9;1.0;7.17;850;nein (EP 3 737 654)
210;53.4893;CEM III (Hüttensandzement);12;Ultraschall + SDS;KOH 1 mol/l;10;0.5;0.0736;0.0228;0.428;0.9;1.0;8.418;400;nein (EP 3 737 654)
211;53.4061;Geopolymer (Hüttensand + NaOH/Wasserglas);10;Stabmixer + SDS;Eigene Porenlösung (ohne Zusatz);6;0.5;0.0617;0.0126;0.5863;1.1;0.836;7.03;180;ja
212;53.3609;Geopolymer (Hüttensand + NaOH/Wasserglas);12;Handrühren;Eigene Porenlösung (ohne Zusatz);10;0.42;0.0802;0.0085;0.5844;1.1;1.1;8.16;180;ja
213;53.3608;Geopolymer (Hüttensand + NaOH/Wasserglas);15;Stabmixer + SDS;Eigene Porenlösung (ohne Zusatz);10;0.5;0.0898;0.0161;0.4284;1.1;1.1;10.23;180;ja
214;53.3363;CEM III (Hüttensandzement);10;Stabmixer + SDS;KOH 1 mol/l;6;0.35;0.0746;0.0205;0.585;0.9;0.76;6.938;400;nein (EP 3 737 654)
215;53.3202;Geopolymer (Hüttensand + NaOH/Wasserglas);8;Stabmixer + SDS;KCl gesättigt;10;0.35;0.0601;0.0163;0.792;0.22;1.0;5.85;180;ja
216;53.2839;Geopolymer (Hüttensand + NaOH/Wasserglas);15;Ultraschall + SDS;Eigene Porenlösung (ohne Zusatz);6;0.42;0.0983;0.0199;0.4786;1.1;0.836;10.43;180;ja
217;53.2711;Geopolymer (Hüttensand + NaOH/Wasserglas);10;Ultraschall + SDS;KCl gesättigt;6;0.35;0.074;0.0249;0.715;0.22;0.76;7.33;180;ja
218;53.2165;CEM III (Hüttensandzement);8;Stabmixer;KOH 1 mol/l;10;0.35;0.0606;0.0124;0.648;0.9;1.0;5.608;400;nein (EP 3 737 654)
219;53.1138;CEM I (Portland);8;Ultraschall + SDS;KOH 1 mol/l;10;0.35;0.062;0.017;0.72;0.9;1.0;5.89;850;nein (EP 3 737 654)
220;53.1068;Geopolymer (Hüttensand + NaOH/Wasserglas);8;Handrühren;KOH 1 mol/l;3;0.35;0.0601;0.0114;0.792;0.99;0.58;5.7;180;ja
221;53.0959;Geopolymer (Hüttensand + NaOH/Wasserglas);12;Ultraschall + SDS;KCl gesättigt;6;0.35;0.0875;0.0288;0.638;0.22;0.76;8.61;180;ja
222;53.0654;Geopolymer (Hüttensand + NaOH/Wasserglas);12;Ultraschall + SDS;KCl gesättigt;10;0.42;0.0802;0.0258;0.5844;0.22;1.0;8.61;180;ja
223;53.0309;CEM III (Hüttensandzement);10;Stabmixer;KOH 1 mol/l;10;0.35;0.0746;0.0154;0.585;0.9;1.0;6.888;400;nein (EP 3 737 654)
224;52.9936;CEM III (Hüttensandzement);10;Ultraschall + SDS;KOH 1 mol/l;6;0.42;0.0682;0.022;0.5359;0.9;0.76;7.138;400;nein (EP 3 737 654)
225;52.9586;Geopolymer (Hüttensand + NaOH/Wasserglas);8;Stabmixer + SDS;KCl 1 mol/l;10;0.35;0.0601;0.013;0.792;0.385;1.0;5.8;180;ja
226;52.9517;Geopolymer (Hüttensand + NaOH/Wasserglas);12;Handrühren;KOH 1 mol/l;6;0.35;0.0875;0.0151;0.638;0.99;0.76;8.26;180;ja
227;52.9448;Geopolymer (Hüttensand + NaOH/Wasserglas);15;Stabmixer + SDS;Eigene Porenlösung (ohne Zusatz);6;0.35;0.1071;0.0178;0.5225;1.1;0.836;10.23;180;ja
228;52.944;CEM III (Hüttensandzement);15;Ultraschall + SDS;KOH 1 mol/l;10;0.5;0.0904;0.0271;0.3505;0.9;1.0;10.338;400;nein (EP 3 737 654)
229;52.9346;CEM III (Hüttensandzement);15;Stabmixer + SDS;KOH 1 mol/l;10;0.35;0.1079;0.0244;0.4275;0.9;1.0;10.138;400;nein (EP 3 737 654)
230;52.9061;CEM III (Hüttensandzement);10;Ultraschall + SDS;KOH 1 mol/l;10;0.5;0.0621;0.0192;0.4797;0.9;1.0;7.138;400;nein (EP 3 737 654)
231;52.8885;Geopolymer (Hüttensand + NaOH/Wasserglas);10;Handrühren;KOH 1 mol/l;10;0.5;0.0617;0.0109;0.5863;0.99;1.0;6.98;180;ja
232;52.8767;CEM III (Hüttensandzement);12;Stabmixer + SDS;KOH 1 mol/l;6;0.35;0.0882;0.0236;0.522;0.9;0.76;8.218;400;nein (EP 3 737 654)
233;52.8501;CEM III (Hüttensandzement);8;Stabmixer + SDS;KOH 1 mol/l;10;0.42;0.0553;0.0143;0.5936;0.9;1.0;5.658;400;nein (EP 3 737 654)
234;52.8466;Geopolymer (Hüttensand + NaOH/Wasserglas);10;Handrühren;Eigene Porenlösung (ohne Zusatz);10;0.5;0.0617;0.0069;0.5863;1.1;1.1;6.88;180;ja
235;52.8298;Geopolymer (Hüttensand + NaOH/Wasserglas);5;Ultraschall + SDS;Eigene Porenlösung (ohne Zusatz);10;0.35;0.0384;0.0056;0.9075;1.1;1.1;4.03;180;ja
236;52.8282;Geopolymer (Hüttensand + NaOH/Wasserglas);10;Ultraschall + SDS;KCl gesättigt;10;0.42;0.0677;0.0218;0.6549;0.22;1.0;7.33;180;ja
237;52.7831;CEM III (Hüttensandzement);15;Ultraschall + SDS;KOH 1 mol/l;3;0.35;0.1079;0.0327;0.4275;0.9;0.58;10.338;400;nein (EP 3 737 654)
238;52.7108;CEM I (Portland);12;Ultraschall + SDS;KOH 1 mol/l;10;0.35;0.0902;0.024;0.58;0.9;1.0;8.45;850;nein (EP 3 737 654)
239;52.6856;CEM III (Hüttensandzement);8;Stabmixer + SDS;KOH 1 mol/l;6;0.35;0.0606;0.0165;0.648;0.9;0.76;5.658;400;nein (EP 3 737 654)
240;52.6855;Geopolymer (Hüttensand + NaOH/Wasserglas);12;Ultraschall + SDS;KCl 1 mol/l;10;0.35;0.0875;0.0208;0.638;0.385;1.0;8.56;180;ja
241;52.6773;Geopolymer (Hüttensand + NaOH/Wasserglas);15;Ultraschall + SDS;KCl gesättigt;10;0.35;0.1071;0.0298;0.5225;0.22;1.0;10.53;180;ja
242;52.6431;Geopolymer (Hüttensand + NaOH/Wasserglas);12;Stabmixer + SDS;KCl gesättigt;10;0.35;0.0875;0.0234;0.638;0.22;1.0;8.41;180;ja
243;52.5628;Geopolymer (Hüttensand + NaOH/Wasserglas);15;Ultraschall + SDS;Eigene Porenlösung (ohne Zusatz);3;0.35;0.1071;0.0216;0.5225;1.1;0.638;10.43;180;ja
244;52.5626;Geopolymer (Hüttensand + NaOH/Wasserglas);10;Handrühren;KOH 1 mol/l;3;0.35;0.074;0.0142;0.715;0.99;0.58;6.98;180;ja
245;52.53;CEM III (Hüttensandzement);15;Ultraschall + SDS;KOH 1 mol/l;6;0.42;0.0989;0.0301;0.3916;0.9;0.76;10.338;400;nein (EP 3 737 654)
246;52.4843;Geopolymer (Hüttensand + NaOH/Wasserglas);12;Stabmixer + SDS;Eigene Porenlösung (ohne Zusatz);6;0.5;0.0731;0.015;0.5232;1.1;0.836;8.31;180;ja
247;52.4825;Geopolymer (Hüttensand + NaOH/Wasserglas);8;Stabmixer + SDS;KOH 1 mol/l;3;0.5;0.05;0.017;0.6494;0.99;0.58;5.85;180;ja
248;52.4518;CEM III (Hüttensandzement);8;Ultraschall + SDS;KOH 1 mol/l;3;0.35;0.0606;0.02;0.648;0.9;0.58;5.858;400;nein (EP 3 737 654)
249;52.4445;CEM III (Hüttensandzement);12;Ultraschall + SDS;KOH 1 mol/l;3;0.42;0.0807;0.0284;0.4782;0.9;0.58;8.418;400;nein (EP 3 737 654)
250;52.4316;Geopolymer (Hüttensand + NaOH/Wasserglas);10;Handrühren;KOH 1 mol/l;6;0.42;0.0677;0.0126;0.6549;0.99;0.76;6.98;180;ja
251;52.4292;Geopolymer (Hüttensand + NaOH/Wasserglas);12;Stabmixer;Eigene Porenlösung (ohne Zusatz);6;0.42;0.0802;0.0129;0.5844;1.1;0.836;8.26;180;ja
252;52.4288;Geopolymer (Hüttensand + NaOH/Wasserglas);12;Stabmixer + SDS;Eigene Porenlösung (ohne Zusatz);3;0.42;0.0802;0.0169;0.5844;1.1;0.638;8.31;180;ja
253;52.401;Geopolymer (Hüttensand + NaOH/Wasserglas);15;Stabmixer;KOH 1 mol/l;3;0.42;0.0983;0.0257;0.4786;0.99;0.58;10.28;180;ja
254;52.399;Geopolymer (Hüttensand + NaOH/Wasserglas);10;Stabmixer + SDS;KCl 1 mol/l;10;0.35;0.074;0.0162;0.715;0.385;1.0;7.08;180;ja
255;52.3988;Geopolymer (Hüttensand + NaOH/Wasserglas);8;Stabmixer + SDS;Eigene Porenlösung (ohne Zusatz);6;0.5;0.05;0.0099;0.6494;1.1;0.836;5.75;180;ja
256;52.3898;Geopolymer (Hüttensand + NaOH/Wasserglas);15;Stabmixer;Eigene Porenlösung (ohne Zusatz);10;0.42;0.0983;0.0134;0.4786;1.1;1.1;10.18;180;ja
257;52.2818;Geopolymer (Hüttensand + NaOH/Wasserglas);5;Ultraschall + SDS;KOH 1 mol/l;10;0.35;0.0384;0.0089;0.9075;0.99;1.0;4.13;180;ja
258;52.256;Geopolymer (Hüttensand + NaOH/Wasserglas);8;Ultraschall + SDS;KCl gesättigt;6;0.35;0.0601;0.0201;0.792;0.22;0.76;6.05;180;ja
259;52.2146;Geopolymer (Hüttensand + NaOH/Wasserglas);15;Stabmixer;KOH 1 mol/l;6;0.5;0.0898;0.0236;0.4284;0.99;0.76;10.28;180;ja
260;52.1591;Geopolymer (Hüttensand + NaOH/Wasserglas);12;Ultraschall + SDS;KCl gesättigt;3;0.35;0.0875;0.0314;0.638;0.22;0.58;8.61;180;ja
261;52.1097;Geopolymer (Hüttensand + NaOH/Wasserglas);8;Handrühren;Eigene Porenlösung (ohne Zusatz);3;0.35;0.0601;0.0072;0.792;1.1;0.638;5.6;180;ja
262;52.0955;Geopolymer (Hüttensand + NaOH/Wasserglas);15;Handrühren;KOH 1 mol/l;10;0.35;0.1071;0.0156;0.5225;0.99;1.0;10.18;180;ja
263;52.0541;Geopolymer (Hüttensand + NaOH/Wasserglas);12;Stabmixer;KOH 1 mol/l;3;0.5;0.0731;0.0216;0.5232;0.99;0.58;8.36;180;ja
264;52.0252;Geopolymer (Hüttensand + NaOH/Wasserglas);8;Handrühren;KOH 1 mol/l;6;0.42;0.0549;0.0099;0.7255;0.99;0.76;5.7;180;ja
265;52.0116;Geopolymer (Hüttensand + NaOH/Wasserglas);10;Ultraschall + SDS;Eigene Porenlösung (ohne Zusatz);3;0.5;0.0617;0.0153;0.5863;1.1;0.638;7.23;180;ja
266;51.9958;Geopolymer (Hüttensand + NaOH/Wasserglas);10;Ultraschall + SDS;KCl gesättigt;3;0.35;0.074;0.0272;0.715;0.22;0.58;7.33;180;ja
267;51.9401;Geopolymer (Hüttensand + NaOH/Wasserglas);12;Handrühren;KOH 1 mol/l;10;0.5;0.0731;0.0131;0.5232;0.99;1.0;8.26;180;ja
268;51.8897;Geopolymer (Hüttensand + NaOH/Wasserglas);8;Handrühren;Eigene Porenlösung (ohne Zusatz);6;0.42;0.0549;0.0063;0.7255;1.1;0.836;5.6;180;ja
269;51.8573;Geopolymer (Hüttensand + NaOH/Wasserglas);10;Stabmixer;KOH 1 mol/l;3;0.5;0.0617;0.0181;0.5863;0.99;0.58;7.08;180;ja
270;51.8424;CEM III (Hüttensandzement);15;Stabmixer + SDS;KOH 1 mol/l;10;0.42;0.0989;0.0244;0.3916;0.9;1.0;10.138;400;nein (EP 3 737 654)
271;51.8246;CEM III (Hüttensandzement);12;Stabmixer;KOH 1 mol/l;10;0.35;0.0882;0.0177;0.522;0.9;1.0;8.168;400;nein (EP 3 737 654)
272;51.7051;CEM III (Hüttensandzement);15;Ultraschall + SDS;KOH 1 mol/l;3;0.42;0.0989;0.0328;0.3916;0.9;0.58;10.338;400;nein (EP 3 737 654)
273;51.7033;Geopolymer (Hüttensand + NaOH/Wasserglas);15;Ultraschall + SDS;Eigene Porenlösung (ohne Zusatz);6;0.5;0.0898;0.0199;0.4284;1.1;0.836;10.43;180;ja
274;51.6882;CEM I (Portland);10;Stabmixer + SDS;KOH 1 mol/l;10;0.35;0.0763;0.0189;0.65;0.9;1.0;6.97;850;nein (EP 3 737 654)
275;51.6828;Geopolymer (Hüttensand + NaOH/Wasserglas);8;Ultraschall + SDS;Agar-Gel + KCl;10;0.35;0.0601;0.01;0.792;0.385;1.1;6.03;180;ja
276;51.6693;CEM III (Hüttensandzement);10;Stabmixer + SDS;KOH 1 mol/l;3;0.35;0.0746;0.0223;0.585;0.9;0.58;6.938;400;nein (EP 3 737 654)
277;51.6588;CEM I (Portland);8;Stabmixer + SDS;KOH 1 mol/l;10;0.35;0.062;0.0152;0.72;0.9;1.0;5.69;850;nein (EP 3 737 654)
278;51.6493;Geopolymer (Hüttensand + NaOH/Wasserglas);8;Ultraschall + SDS;KCl gesättigt;10;0.42;0.0549;0.0174;0.7255;0.22;1.0;6.05;180;ja
279;51.5918;Geopolymer (Hüttensand + NaOH/Wasserglas);15;Stabmixer + SDS;Eigene Porenlösung (ohne Zusatz);6;0.42;0.0983;0.0179;0.4786;1.1;0.836;10.23;180;ja
280;51.5844;Geopolymer (Hüttensand + NaOH/Wasserglas);8;Stabmixer;Eigene Porenlösung (ohne Zusatz);3;0.42;0.0549;0.0094;0.7255;1.1;0.638;5.7;180;ja
281;51.5445;Geopolymer (Hüttensand + NaOH/Wasserglas);12;Stabmixer;Eigene Porenlösung (ohne Zusatz);3;0.35;0.0875;0.0141;0.638;1.1;0.638;8.26;180;ja
282;51.53;Geopolymer (Hüttensand + NaOH/Wasserglas);12;Ultraschall + SDS;Eigene Porenlösung (ohne Zusatz);3;0.5;0.0731;0.0182;0.5232;1.1;0.638;8.51;180;ja
283;51.5035;CEM III (Hüttensandzement);12;Stabmixer + SDS;KOH 1 mol/l;10;0.5;0.0736;0.0205;0.428;0.9;1.0;8.218;400;nein (EP 3 737 654)
284;51.4825;CEM III (Hüttensandzement);12;Stabmixer + SDS;KOH 1 mol/l;3;0.35;0.0882;0.0257;0.522;0.9;0.58;8.218;400;nein (EP 3 737 654)
285;51.4634;CEM III (Hüttensandzement);10;Ultraschall + SDS;KOH 1 mol/l;3;0.42;0.0682;0.024;0.5359;0.9;0.58;7.138;400;nein (EP 3 737 654)
286;51.425;CEM III (Hüttensandzement);8;Ultraschall + SDS;KOH 1 mol/l;6;0.42;0.0553;0.0176;0.5936;0.9;0.76;5.858;400;nein (EP 3 737 654)
287;51.4048;Geopolymer (Hüttensand + NaOH/Wasserglas);10;Ultraschall + SDS;KCl 1 mol/l;10;0.42;0.0677;0.0174;0.6549;0.385;1.0;7.28;180;ja
288;51.3953;Geopolymer (Hüttensand + NaOH/Wasserglas);8;Stabmixer;KOH 1 mol/l;6;0.5;0.05;0.0129;0.6494;0.99;0.76;5.8;180;ja
289;51.3459;Geopolymer (Hüttensand + NaOH/Wasserglas);15;Ultraschall + SDS;KCl gesättigt;10;0.42;0.0983;0.0298;0.4786;0.22;1.0;10.53;180;ja
290;51.3443;Geopolymer (Hüttensand + NaOH/Wasserglas);8;Handrühren;Eigene Porenlösung (ohne Zusatz);10;0.5;0.05;0.0052;0.6494;1.1;1.1;5.6;180;ja
291;51.3352;Geopolymer (Hüttensand + NaOH/Wasserglas);10;Handrühren;Eigene Porenlösung (ohne Zusatz);6;0.42;0.0677;0.008;0.6549;1.1;0.836;6.88;180;ja
292;51.3304;Geopolymer (Hüttensand + NaOH/Wasserglas);10;Stabmixer;Eigene Porenlösung (ohne Zusatz);6;0.5;0.0617;0.0105;0.5863;1.1;0.836;6.98;180;ja
293;51.3289;CEM III (Hüttensandzement);12;Stabmixer + SDS;KOH 1 mol/l;6;0.42;0.0807;0.0234;0.4782;0.9;0.76;8.218;400;nein (EP 3 737 654)
294;51.3202;CEM III (Hüttensandzement);12;Ultraschall + SDS;KOH 1 mol/l;6;0.5;0.0736;0.0253;0.428;0.9;0.76;8.418;400;nein (EP 3 737 654)
295;51.2524;Geopolymer (Hüttensand + NaOH/Wasserglas);15;Ultraschall + SDS;KCl gesättigt;6;0.35;0.1071;0.033;0.5225;0.22;0.76;10.53;180;ja
296;51.2524;Geopolymer (Hüttensand + NaOH/Wasserglas);10;Stabmixer;Eigene Porenlösung (ohne Zusatz);3;0.42;0.0677;0.0118;0.6549;1.1;0.638;6.98;180;ja
297;51.2359;CEM III (Hüttensandzement);10;Stabmixer + SDS;KOH 1 mol/l;10;0.5;0.0621;0.0172;0.4797;0.9;1.0;6.938;400;nein (EP 3 737 654)
298;51.2343;CEM III (Hüttensandzement);15;Ultraschall + SDS;KOH 1 mol/l;6;0.5;0.0904;0.0301;0.3505;0.9;0.76;10.338;400;nein (EP 3 737 654)
299;51.2264;Geopolymer (Hüttensand + NaOH/Wasserglas);10;Ultraschall + SDS;KCl 1 mol/l;6;0.35;0.074;0.02;0.715;0.385;0.76;7.28;180;ja
300;51.2167;Geopolymer (Hüttensand + NaOH/Wasserglas);15;Ultraschall + SDS;Eigene Porenlösung (ohne Zusatz);3;0.42;0.0983;0.0217;0.4786;1.1;0.638;10.43;180;ja
301;51.2144;Geopolymer (Hüttensand + NaOH/Wasserglas);12;Ultraschall + SDS;KCl gesättigt;6;0.42;0.0802;0.0286;0.5844;0.22;0.76;8.61;180;ja
302;51.1535;Geopolymer (Hüttensand + NaOH/Wasserglas);8;Ultraschall + SDS;KCl 1 mol/l;6;0.35;0.0601;0.0161;0.792;0.385;0.76;6.0;180;ja
303;51.1447;Geopolymer (Hüttensand + NaOH/Wasserglas);12;Handrühren;KOH 1 mol/l;6;0.42;0.0802;0.015;0.5844;0.99;0.76;8.26;180;ja
304;51.1288;Geopolymer (Hüttensand + NaOH/Wasserglas);12;Handrühren;Eigene Porenlösung (ohne Zusatz);10;0.5;0.0731;0.0083;0.5232;1.1;1.1;8.16;180;ja
305;51.1223;CEM I (Portland);10;Ultraschall + SDS;KOH 1 mol/l;6;0.35;0.0763;0.0233;0.65;0.9;0.76;7.17;850;nein (EP 3 737 654)
306;51.0798;Geopolymer (Hüttensand + NaOH/Wasserglas);8;Ultraschall + SDS;KCl 1 mol/l;10;0.42;0.0549;0.0139;0.7255;0.385;1.0;6.0;180;ja
307;51.0782;Geopolymer (Hüttensand + NaOH/Wasserglas);10;Stabmixer + SDS;KCl gesättigt;6;0.35;0.074;0.0224;0.715;0.22;0.76;7.13;180;ja
308;51.0754;CEM III (Hüttensandzement);10;Stabmixer + SDS;KOH 1 mol/l;6;0.42;0.0682;0.0198;0.5359;0.9;0.76;6.938;400;nein (EP 3 737 654)
309;51.0323;CEM I (Portland);10;Ultraschall + SDS;KOH 1 mol/l;10;0.42;0.0696;0.0202;0.5954;0.9;1.0;7.17;850;nein (EP 3 737 654)
310;50.9944;CEM I (Portland);12;Ultraschall + SDS;KOH 1 mol/l;10;0.42;0.0824;0.0238;0.5313;0.9;1.0;8.45;850;nein (EP 3 737 654)
311;50.9681;Geopolymer (Hüttensand + NaOH/Wasserglas);12;Handrühren;Eigene Porenlösung (ohne Zusatz);6;0.35;0.0875;0.0095;0.638;1.1;0.836;8.16;180;ja
312;50.9335;Geopolymer (Hüttensand + NaOH/Wasserglas);10;Stabmixer + SDS;KCl gesättigt;10;0.42;0.0677;0.0196;0.6549;0.22;1.0;7.13;180;ja
313;50.9296;CEM III (Hüttensandzement);15;Stabmixer + SDS;KOH 1 mol/l;6;0.35;0.1079;0.027;0.4275;0.9;0.76;10.138;400;nein (EP 3 737 654)
314;50.907;CEM III (Hüttensandzement);10;Stabmixer;KOH 1 mol/l;10;0.42;0.0682;0.0149;0.5359;0.9;1.0;6.888;400;nein (EP 3 737 654)
315;50.905;Geopolymer (Hüttensand + NaOH/Wasserglas);12;Stabmixer + SDS;KCl 1 mol/l;10;0.35;0.0875;0.0187;0.638;0.385;1.0;8.36;180;ja
316;50.8928;Geopolymer (Hüttensand + NaOH/Wasserglas);8;Stabmixer + SDS;Agar-Gel + KCl;10;0.35;0.0601;0.009;0.792;0.385;1.1;5.83;180;ja
317;50.8551;Geopolymer (Hüttensand + NaOH/Wasserglas);12;Ultraschall + SDS;KCl 1 mol/l;10;0.42;0.0802;0.0206;0.5844;0.385;1.0;8.56;180;ja
318;50.8202;Geopolymer (Hüttensand + NaOH/Wasserglas);15;Stabmixer;KOH 1 mol/l;3;0.5;0.0898;0.0257;0.4284;0.99;0.58;10.28;180;ja
319;50.8127;Geopolymer (Hüttensand + NaOH/Wasserglas);8;Ultraschall + SDS;Eigene Porenlösung (ohne Zusatz);3;0.5;0.05;0.012;0.6494;1.1;0.638;5.95;180;ja
320;50.8096;Geopolymer (Hüttensand + NaOH/Wasserglas);12;Handrühren;KOH 1 mol/l;3;0.35;0.0875;0.0164;0.638;0.99;0.58;8.26;180;ja
321;50.8069;Geopolymer (Hüttensand + NaOH/Wasserglas);15;Stabmixer;Eigene Porenlösung (ohne Zusatz);10;0.5;0.0898;0.0134;0.4284;1.1;1.1;10.18;180;ja
322;50.7942;Geopolymer (Hüttensand + NaOH/Wasserglas);12;Stabmixer + SDS;KCl gesättigt;10;0.42;0.0802;0.0232;0.5844;0.22;1.0;8.41;180;ja
323;50.787;Geopolymer (Hüttensand + NaOH/Wasserglas);5;Stabmixer + SDS;Eigene Porenlösung (ohne Zusatz);10;0.35;0.0384;0.0049;0.9075;1.1;1.1;3.83;180;ja
324;50.7846;Geopolymer (Hüttensand + NaOH/Wasserglas);8;Stabmixer;KCl 1 mol/l;10;0.35;0.0601;0.0108;0.792;0.385;1.0;5.75;180;ja
325;50.7378;Geopolymer (Hüttensand + NaOH/Wasserglas);15;Handrühren;KOH 1 mol/l;10;0.42;0.0983;0.0156;0.4786;0.99;1.0;10.18;180;ja
326;50.7185;Geopolymer (Hüttensand + NaOH/Wasserglas);10;Stabmixer + SDS;Eigene Porenlösung (ohne Zusatz);3;0.5;0.0617;0.0137;0.5863;1.1;0.638;7.03;180;ja
327;50.7006;Geopolymer (Hüttensand + NaOH/Wasserglas);15;Stabmixer + SDS;Eigene Porenlösung (ohne Zusatz);3;0.35;0.1071;0.0195;0.5225;1.1;0.638;10.23;180;ja
328;50.6862;Geopolymer (Hüttensand + NaOH/Wasserglas);15;Ultraschall + SDS;KCl gesättigt;3;0.35;0.1071;0.036;0.5225;0.22;0.58;10.53;180;ja
329;50.6855;CEM III (Hüttensandzement);8;Stabmixer + SDS;KOH 1 mol/l;3;0.35;0.0606;0.018;0.648;0.9;0.58;5.658;400;nein (EP 3 737 654)
330;50.6665;CEM I (Portland);12;Ultraschall + SDS;KOH 1 mol/l;6;0.35;0.0902;0.0266;0.58;0.9;0.76;8.45;850;nein (EP 3 737 654)
331;50.648;CEM III (Hüttensandzement);8;Ultraschall + SDS;KOH 1 mol/l;10;0.5;0.0503;0.0151;0.5314;0.9;1.0;5.858;400;nein (EP 3 737 654)
332;50.6167;CEM I (Portland);12;Stabmixer + SDS;KOH 1 mol/l;10;0.35;0.0902;0.0216;0.58;0.9;1.0;8.25;850;nein (EP 3 737 654)
333;50.6158;Geopolymer (Hüttensand + NaOH/Wasserglas);8;Stabmixer;KCl gesättigt;10;0.35;0.0601;0.0136;0.792;0.22;1.0;5.8;180;ja
334;50.5697;Geopolymer (Hüttensand + NaOH/Wasserglas);8;Ultraschall + SDS;KCl gesättigt;3;0.35;0.0601;0.0219;0.792;0.22;0.58;6.05;180;ja
335;50.5491;Geopolymer (Hüttensand + NaOH/Wasserglas);10;Ultraschall + SDS;KCl gesättigt;6;0.42;0.0677;0.0242;0.6549;0.22;0.76;7.33;180;ja
336;50.5462;CEM III (Hüttensandzement);15;Stabmixer + SDS;KOH 1 mol/l;10;0.5;0.0904;0.0244;0.3505;0.9;1.0;10.138;400;nein (EP 3 737 654)
337;50.544;Geopolymer (Hüttensand + NaOH/Wasserglas);10;Handrühren;Eigene Porenlösung (ohne Zusatz);3;0.35;0.074;0.009;0.715;1.1;0.638;6.88;180;ja
338;50.5317;Geopolymer (Hüttensand + NaOH/Wasserglas);12;Stabmixer + SDS;KCl gesättigt;6;0.35;0.0875;0.0259;0.638;0.22;0.76;8.41;180;ja
339;50.5097;Geopolymer (Hüttensand + NaOH/Wasserglas);8;Handrühren;KOH 1 mol/l;10;0.5;0.05;0.0083;0.6494;0.99;1.0;5.7;180;ja
340;50.4743;Geopolymer (Hüttensand + NaOH/Wasserglas);8;Stabmixer + SDS;KCl gesättigt;6;0.35;0.0601;0.0181;0.792;0.22;0.76;5.85;180;ja
341;50.4268;CEM I (Portland);15;Ultraschall + SDS;KOH 1 mol/l;10;0.35;0.1102;0.0274;0.475;0.9;1.0;10.37;850;nein (EP 3 737 654)
342;50.4095;CEM III (Hüttensandzement);15;Ultraschall + SDS;KOH 1 mol/l;3;0.5;0.0904;0.0328;0.3505;0.9;0.58;10.338;400;nein (EP 3 737 654)
343;50.3942;Geopolymer (Hüttensand + NaOH/Wasserglas);15;Handrühren;Eigene Porenlösung (ohne Zusatz);10;0.35;0.1071;0.0098;0.5225;1.1;1.1;10.08;180;ja
344;50.3863;Geopolymer (Hüttensand + NaOH/Wasserglas);12;Ultraschall + SDS;KCl gesättigt;10;0.5;0.0731;0.0251;0.5232;0.22;1.0;8.61;180;ja
345;50.3571;CEM III (Hüttensandzement);10;Ultraschall + SDS;KOH 1 mol/l;6;0.5;0.0621;0.0213;0.4797;0.9;0.76;7.138;400;nein (EP 3 737 654)
346;50.3391;CEM III (Hüttensandzement);8;Stabmixer;KOH 1 mol/l;10;0.42;0.0553;0.0118;0.5936;0.9;1.0;5.608;400;nein (EP 3 737 654)
347;50.3342;Geopolymer (Hüttensand + NaOH/Wasserglas);10;Ultraschall + SDS;Agar-Gel + KCl;10;0.35;0.074;0.0124;0.715;0.385;1.1;7.31;180;ja
348;50.3284;CEM I (Portland);8;Ultraschall + SDS;KOH 1 mol/l;6;0.35;0.062;0.0188;0.72;0.9;0.76;5.89;850;nein (EP 3 737 654)
349;50.3124;CEM III (Hüttensandzement);12;Stabmixer;KOH 1 mol/l;10;0.42;0.0807;0.0176;0.4782;0.9;1.0;8.168;400;nein (EP 3 737 654)
350;50.296;Geopolymer (Hüttensand + NaOH/Wasserglas);12;Ultraschall + SDS;KCl 1 mol/l;6;0.35;0.0875;0.0231;0.638;0.385;0.76;8.56;180;ja
351;50.2923;Geopolymer (Hüttensand + NaOH/Wasserglas);10;Stabmixer;KCl gesättigt;10;0.35;0.074;0.0168;0.715;0.22;1.0;7.08;180;ja
352;50.2614;Geopolymer (Hüttensand + NaOH/Wasserglas);12;Ultraschall + SDS;KCl gesättigt;3;0.42;0.0802;0.0312;0.5844;0.22;0.58;8.61;180;ja
353;50.2604;Geopolymer (Hüttensand + NaOH/Wasserglas);8;Stabmixer;Eigene Porenlösung (ohne Zusatz);6;0.5;0.05;0.0081;0.6494;1.1;0.836;5.7;180;ja
354;50.1737;CEM I (Portland);8;Ultraschall + SDS;KOH 1 mol/l;10;0.42;0.0565;0.0163;0.6595;0.9;1.0;5.89;850;nein (EP 3 737 654)
355;50.1098;Geopolymer (Hüttensand + NaOH/Wasserglas);15;Stabmixer;Eigene Porenlösung (ohne Zusatz);6;0.35;0.1071;0.0149;0.5225;1.1;0.836;10.18;180;ja
356;50.0953;Geopolymer (Hüttensand + NaOH/Wasserglas);12;Stabmixer;Eigene Porenlösung (ohne Zusatz);6;0.5;0.0731;0.0125;0.5232;1.1;0.836;8.26;180;ja
357;50.0829;Geopolymer (Hüttensand + NaOH/Wasserglas);10;Handrühren;KOH 1 mol/l;3;0.42;0.0677;0.0137;0.6549;0.99;0.58;6.98;180;ja
358;50.0781;CEM III (Hüttensandzement);12;Ultraschall + SDS;KOH 1 mol/l;3;0.5;0.0736;0.0276;0.428;0.9;0.58;8.418;400;nein (EP 3 737 654)
359;50.0647;CEM III (Hüttensandzement);10;Stabmixer;KOH 1 mol/l;6;0.35;0.0746;0.0171;0.585;0.9;0.76;6.888;400;nein (EP 3 737 654)
360;50.0509;Geopolymer (Hüttensand + NaOH/Wasserglas);8;Stabmixer + SDS;KCl gesättigt;10;0.42;0.0549;0.0156;0.7255;0.22;1.0;5.85;180;ja
361;50.0211;Geopolymer (Hüttensand + NaOH/Wasserglas);15;Stabmixer + SDS;KCl gesättigt;10;0.35;0.1071;0.0268;0.5225;0.22;1.0;10.33;180;ja
362;50.0105;Geopolymer (Hüttensand + NaOH/Wasserglas);15;Stabmixer + SDS;Eigene Porenlösung (ohne Zusatz);6;0.5;0.0898;0.0179;0.4284;1.1;0.836;10.23;180;ja
363;49.9942;Geopolymer (Hüttensand + NaOH/Wasserglas);12;Stabmixer + SDS;Eigene Porenlösung (ohne Zusatz);3;0.5;0.0731;0.0164;0.5232;1.1;0.638;8.31;180;ja
364;49.9572;CEM III (Hüttensandzement);8;Stabmixer;KOH 1 mol/l;6;0.35;0.0606;0.0137;0.648;0.9;0.76;5.608;400;nein (EP 3 737 654)
365;49.9368;Geopolymer (Hüttensand + NaOH/Wasserglas);5;Stabmixer + SDS;KOH 1 mol/l;10;0.35;0.0384;0.0078;0.9075;0.99;1.0;3.93;180;ja
366;49.9344;Geopolymer (Hüttensand + NaOH/Wasserglas);10;Stabmixer + SDS;KCl 1 mol/l;10;0.42;0.0677;0.0157;0.6549;0.385;1.0;7.08;180;ja
367;49.9269;Geopolymer (Hüttensand + NaOH/Wasserglas);15;Ultraschall + SDS;KCl gesättigt;6;0.42;0.0983;0.0331;0.4786;0.22;0.76;10.53;180;ja
368;49.921;CEM III (Hüttensandzement);12;Stabmixer + SDS;KOH 1 mol/l;3;0.42;0.0807;0.0255;0.4782;0.9;0.58;8.218;400;nein (EP 3 737 654)
369;49.9112;CEM III (Hüttensandzement);8;Handrühren;KOH 1 mol/l;10;0.35;0.0606;0.009;0.648;0.9;1.0;5.508;400;nein (EP 3 737 654)
370;49.842;CEM III (Hüttensandzement);15;Stabmixer + SDS;KOH 1 mol/l;6;0.42;0.0989;0.0271;0.3916;0.9;0.76;10.138;400;nein (EP 3 737 654)
371;49.837;CEM III (Hüttensandzement);15;Stabmixer + SDS;KOH 1 mol/l;3;0.35;0.1079;0.0295;0.4275;0.9;0.58;10.138;400;nein (EP 3 737 654)
372;49.8234;Geopolymer (Hüttensand + NaOH/Wasserglas);8;Stabmixer + SDS;KCl 1 mol/l;10;0.42;0.0549;0.0125;0.7255;0.385;1.0;5.8;180;ja
373;49.8232;Geopolymer (Hüttensand + NaOH/Wasserglas);10;Stabmixer;KCl 1 mol/l;10;0.35;0.074;0.0135;0.715;0.385;1.0;7.03;180;ja
374;49.8147;CEM III (Hüttensandzement);8;Stabmixer + SDS;KOH 1 mol/l;6;0.42;0.0553;0.0158;0.5936;0.9;0.76;5.658;400;nein (EP 3 737 654)
375;49.8091;Geopolymer (Hüttensand + NaOH/Wasserglas);10;Ultraschall + SDS;KCl gesättigt;10;0.5;0.0617;0.021;0.5863;0.22;1.0;7.33;180;ja
376;49.7673;Geopolymer (Hüttensand + NaOH/Wasserglas);15;Ultraschall + SDS;KCl gesättigt;10;0.5;0.0898;0.0298;0.4284;0.22;1.0;10.53;180;ja
377;49.7659;Geopolymer (Hüttensand + NaOH/Wasserglas);8;Stabmixer + SDS;KCl 1 mol/l;6;0.35;0.0601;0.0145;0.792;0.385;0.76;5.8;180;ja
378;49.7511;Geopolymer (Hüttensand + NaOH/Wasserglas);12;Stabmixer;Eigene Porenlösung (ohne Zusatz);3;0.42;0.0802;0.014;0.5844;1.1;0.638;8.26;180;ja
379;49.6995;CEM I (Portland);10;Ultraschall + SDS;KOH 1 mol/l;3;0.35;0.0763;0.0254;0.65;0.9;0.58;7.17;850;nein (EP 3 737 654)
380;49.6917;Geopolymer (Hüttensand + NaOH/Wasserglas);15;Ultraschall + SDS;KCl 1 mol/l;10;0.35;0.1071;0.0238;0.5225;0.385;1.0;10.48;180;ja
381;49.6365;Geopolymer (Hüttensand + NaOH/Wasserglas);15;Ultraschall + SDS;Eigene Porenlösung (ohne Zusatz);3;0.5;0.0898;0.0217;0.4284;1.1;0.638;10.43;180;ja
382;49.5844;Geopolymer (Hüttensand + NaOH/Wasserglas);10;Stabmixer + SDS;KCl gesättigt;3;0.35;0.074;0.0245;0.715;0.22;0.58;7.13;180;ja
383;49.5728;Geopolymer (Hüttensand + NaOH/Wasserglas);8;Stabmixer + SDS;Eigene Porenlösung (ohne Zusatz);3;0.5;0.05;0.0107;0.6494;1.1;0.638;5.75;180;ja
384;49.5383;CEM I (Portland);12;Ultraschall + SDS;KOH 1 mol/l;3;0.35;0.0902;0.029;0.58;0.9;0.58;8.45;850;nein (EP 3 737 654)
385;49.5355;CEM III (Hüttensandzement);8;Ultraschall + SDS;KOH 1 mol/l;3;0.42;0.0553;0.0192;0.5936;0.9;0.58;5.858;400;nein (EP 3 737 654)
386;49.5195;Geopolymer (Hüttensand + NaOH/Wasserglas);10;Stabmixer + SDS;KCl 1 mol/l;6;0.35;0.074;0.018;0.715;0.385;0.76;7.08;180;ja
387;49.5182;Geopolymer (Hüttensand + NaOH/Wasserglas);8;Handrühren;KOH 1 mol/l;3;0.42;0.0549;0.0108;0.7255;0.99;0.58;5.7;180;ja
388;49.5143;Geopolymer (Hüttensand + NaOH/Wasserglas);10;Ultraschall + SDS;KCl 1 mol/l;3;0.35;0.074;0.0218;0.715;0.385;0.58;7.28;180;ja
389;49.4821;Geopolymer (Hüttensand + NaOH/Wasserglas);10;Handrühren;KOH 1 mol/l;6;0.5;0.0617;0.0121;0.5863;0.99;0.76;6.98;180;ja
390;49.3854;Geopolymer (Hüttensand + NaOH/Wasserglas);8;Stabmixer;Agar-Gel + KCl;10;0.35;0.0601;0.0075;0.792;0.385;1.1;5.78;180;ja
391;49.367;Geopolymer (Hüttensand + NaOH/Wasserglas);10;Stabmixer + SDS;Agar-Gel + KCl;10;0.35;0.074;0.0111;0.715;0.385;1.1;7.11;180;ja
392;49.3661;Geopolymer (Hüttensand + NaOH/Wasserglas);15;Ultraschall + SDS;KCl gesättigt;3;0.42;0.0983;0.0361;0.4786;0.22;0.58;10.53;180;ja
393;49.3527;CEM III (Hüttensandzement);10;Stabmixer + SDS;KOH 1 mol/l;3;0.42;0.0682;0.0216;0.5359;0.9;0.58;6.938;400;nein (EP 3 737 654)
394;49.3505;Geopolymer (Hüttensand + NaOH/Wasserglas);15;Stabmixer + SDS;Eigene Porenlösung (ohne Zusatz);3;0.42;0.0983;0.0195;0.4786;1.1;0.638;10.23;180;ja
395;49.3425;Geopolymer (Hüttensand + NaOH/Wasserglas);12;Stabmixer + SDS;KCl gesättigt;3;0.35;0.0875;0.0283;0.638;0.22;0.58;8.41;180;ja
396;49.3414;Geopolymer (Hüttensand + NaOH/Wasserglas);5;Ultraschall + SDS;KOH 1 mol/l;6;0.35;0.0384;0.0099;0.9075;0.99;0.76;4.13;180;ja
397;49.2903;CEM I (Portland);10;Stabmixer + SDS;KOH 1 mol/l;10;0.42;0.0696;0.0182;0.5954;0.9;1.0;6.97;850;nein (EP 3 737 654)
398;49.236;Geopolymer (Hüttensand + NaOH/Wasserglas);5;Ultraschall + SDS;Eigene Porenlösung (ohne Zusatz);6;0.35;0.0384;0.0062;0.9075;1.1;0.836;4.03;180;ja
399;49.2064;Geopolymer (Hüttensand + NaOH/Wasserglas);10;Ultraschall + SDS;KCl gesättigt;3;0.42;0.0677;0.0263;0.6549;0.22;0.58;7.33;180;ja
400;49.2062;CEM I (Portland);15;Ultraschall + SDS;KOH 1 mol/l;10;0.42;0.1009;0.0275;0.4351;0.9;1.0;10.37;850;nein (EP 3 737 654)
401;49.1979;Geopolymer (Hüttensand + NaOH/Wasserglas);12;Handrühren;Eigene Porenlösung (ohne Zusatz);6;0.42;0.0802;0.0094;0.5844;1.1;0.836;8.16;180;ja
402;49.1793;Geopolymer (Hüttensand + NaOH/Wasserglas);8;Stabmixer;KOH 1 mol/l;3;0.5;0.05;0.014;0.6494;0.99;0.58;5.8;180;ja
403;49.1614;CEM I (Portland);8;Stabmixer;KOH 1 mol/l;10;0.35;0.062;0.0127;0.72;0.9;1.0;5.64;850;nein (EP 3 737 654)
404;49.1538;Geopolymer (Hüttensand + NaOH/Wasserglas);15;Handrühren;KOH 1 mol/l;10;0.5;0.0898;0.0156;0.4284;0.99;1.0;10.18;180;ja
405;49.1472;Geopolymer (Hüttensand + NaOH/Wasserglas);15;Handrühren;KOH 1 mol/l;6;0.35;0.1071;0.0173;0.5225;0.99;0.76;10.18;180;ja
406;49.1428;CEM III (Hüttensandzement);10;Handrühren;KOH 1 mol/l;10;0.35;0.0746;0.0113;0.585;0.9;1.0;6.788;400;nein (EP 3 737 654)
407;49.1221;CEM III (Hüttensandzement);8;Stabmixer + SDS;KOH 1 mol/l;10;0.5;0.0503;0.0135;0.5314;0.9;1.0;5.658;400;nein (EP 3 737 654)
408;49.1167;Geopolymer (Hüttensand + NaOH/Wasserglas);8;Ultraschall + SDS;KCl 1 mol/l;3;0.35;0.0601;0.0176;0.792;0.385;0.58;6.0;180;ja
409;49.1078;CEM III (Hüttensandzement);12;Stabmixer;KOH 1 mol/l;6;0.35;0.0882;0.0197;0.522;0.9;0.76;8.168;400;nein (EP 3 737 654)
410;49.0953;CEM I (Portland);10;Stabmixer + SDS;KOH 1 mol/l;6;0.35;0.0763;0.0209;0.65;0.9;0.76;6.97;850;nein (EP 3 737 654)
411;49.0901;CEM III (Hüttensandzement);12;Stabmixer + SDS;KOH 1 mol/l;6;0.5;0.0736;0.0228;0.428;0.9;0.76;8.218;400;nein (EP 3 737 654)
412;49.0861;Geopolymer (Hüttensand + NaOH/Wasserglas);12;Stabmixer + SDS;KCl 1 mol/l;10;0.42;0.0802;0.0186;0.5844;0.385;1.0;8.36;180;ja
413;49.0432;CEM III (Hüttensandzement);15;Stabmixer;KOH 1 mol/l;10;0.35;0.1079;0.0203;0.4275;0.9;1.0;10.088;400;nein (EP 3 737 654)
414;49.0262;Geopolymer (Hüttensand + NaOH/Wasserglas);15;Handrühren;Eigene Porenlösung (ohne Zusatz);10;0.42;0.0983;0.0098;0.4786;1.1;1.1;10.08;180;ja
415;48.9945;Geopolymer (Hüttensand + NaOH/Wasserglas);12;Handrühren;KOH 1 mol/l;3;0.42;0.0802;0.0163;0.5844;0.99;0.58;8.26;180;ja
416;48.9419;Geopolymer (Hüttensand + NaOH/Wasserglas);8;Ultraschall + SDS;KCl gesättigt;6;0.42;0.0549;0.0193;0.7255;0.22;0.76;6.05;180;ja
417;48.9313;CEM I (Portland);12;Ultraschall + SDS;KOH 1 mol/l;6;0.42;0.0824;0.0264;0.5313;0.9;0.76;8.45;850;nein (EP 3 737 654)
418;48.9166;CEM I (Portland);12;Stabmixer + SDS;KOH 1 mol/l;10;0.42;0.0824;0.0214;0.5313;0.9;1.0;8.25;850;nein (EP 3 737 654)
419;48.9117;Geopolymer (Hüttensand + NaOH/Wasserglas);12;Stabmixer;KCl gesättigt;10;0.35;0.0875;0.0195;0.638;0.22;1.0;8.36;180;ja
420;48.8543;Geopolymer (Hüttensand + NaOH/Wasserglas);12;Ultraschall + SDS;KCl 1 mol/l;3;0.35;0.0875;0.0251;0.638;0.385;0.58;8.56;180;ja
421;48.7673;CEM III (Hüttensandzement);10;Ultraschall + SDS;KOH 1 mol/l;3;0.5;0.0621;0.0232;0.4797;0.9;0.58;7.138;400;nein (EP 3 737 654)
422;48.7669;Geopolymer (Hüttensand + NaOH/Wasserglas);8;Ultraschall + SDS;Agar-Gel + KCl;10;0.42;0.0549;0.0096;0.7255;0.385;1.1;6.03;180;ja
423;48.7535;CEM III (Hüttensandzement);15;Stabmixer + SDS;KOH 1 mol/l;3;0.42;0.0989;0.0295;0.3916;0.9;0.58;10.138;400;nein (EP 3 737 654)
424;48.7513;Geopolymer (Hüttensand + NaOH/Wasserglas);15;Stabmixer;Eigene Porenlösung (ohne Zusatz);6;0.42;0.0983;0.0149;0.4786;1.1;0.836;10.18;180;ja
425;48.7511;CEM I (Portland);15;Ultraschall + SDS;KOH 1 mol/l;6;0.35;0.1102;0.0305;0.475;0.9;0.76;10.37;850;nein (EP 3 737 654)
426;48.7387;Geopolymer (Hüttensand + NaOH/Wasserglas);8;Handrühren;Eigene Porenlösung (ohne Zusatz);3;0.42;0.0549;0.0068;0.7255;1.1;0.638;5.6;180;ja
427;48.7314;Geopolymer (Hüttensand + NaOH/Wasserglas);12;Handrühren;KOH 1 mol/l;6;0.5;0.0731;0.0145;0.5232;0.99;0.76;8.26;180;ja
428;48.7238;CEM I (Portland);8;Stabmixer + SDS;KOH 1 mol/l;10;0.42;0.0565;0.0146;0.6595;0.9;1.0;5.69;850;nein (EP 3 737 654)
429;48.6938;CEM I (Portland);8;Stabmixer + SDS;KOH 1 mol/l;6;0.35;0.062;0.0169;0.72;0.9;0.76;5.69;850;nein (EP 3 737 654)
430;48.6842;Geopolymer (Hüttensand + NaOH/Wasserglas);15;Stabmixer + SDS;KCl gesättigt;10;0.42;0.0983;0.0268;0.4786;0.22;1.0;10.33;180;ja
431;48.681;CEM I (Portland);10;Stabmixer;KOH 1 mol/l;10;0.35;0.0763;0.0157;0.65;0.9;1.0;6.92;850;nein (EP 3 737 654)
432;48.6669;Geopolymer (Hüttensand + NaOH/Wasserglas);12;Stabmixer + SDS;KCl gesättigt;6;0.42;0.0802;0.0258;0.5844;0.22;0.76;8.41;180;ja
433;48.6601;Geopolymer (Hüttensand + NaOH/Wasserglas);10;Ultraschall + SDS;KCl 1 mol/l;6;0.42;0.0677;0.0193;0.6549;0.385;0.76;7.28;180;ja
434;48.6577;CEM I (Portland);12;Ultraschall + SDS;KOH 1 mol/l;10;0.5;0.075;0.0232;0.4756;0.9;1.0;8.45;850;nein (EP 3 737 654)
435;48.6131;Geopolymer (Hüttensand + NaOH/Wasserglas);8;Stabmixer + SDS;KCl gesättigt;3;0.35;0.0601;0.0197;0.792;0.22;0.58;5.85;180;ja
436;48.59;CEM I (Portland);10;Ultraschall + SDS;KOH 1 mol/l;6;0.42;0.0696;0.0225;0.5954;0.9;0.76;7.17;850;nein (EP 3 737 654)
437;48.5569;Geopolymer (Hüttensand + NaOH/Wasserglas);10;Handrühren;Eigene Porenlösung (ohne Zusatz);6;0.5;0.0617;0.0077;0.5863;1.1;0.836;6.88;180;ja
438;48.5459;CEM III (Hüttensandzement);15;Stabmixer + SDS;KOH 1 mol/l;6;0.5;0.0904;0.0271;0.3505;0.9;0.76;10.138;400;nein (EP 3 737 654)
439;48.5294;Geopolymer (Hüttensand + NaOH/Wasserglas);10;Ultraschall + SDS;KCl 1 mol/l;10;0.5;0.0617;0.0168;0.5863;0.385;1.0;7.28;180;ja
440;48.5241;CEM I (Portland);8;Ultraschall + SDS;KOH 1 mol/l;3;0.35;0.062;0.0205;0.72;0.9;0.58;5.89;850;nein (EP 3 737 654)
441;48.4832;CEM III (Hüttensandzement);10;Stabmixer + SDS;KOH 1 mol/l;6;0.5;0.0621;0.0191;0.4797;0.9;0.76;6.938;400;nein (EP 3 737 654)
442;48.4631;Geopolymer (Hüttensand + NaOH/Wasserglas);10;Stabmixer;Eigene Porenlösung (ohne Zusatz);3;0.5;0.0617;0.0114;0.5863;1.1;0.638;6.98;180;ja
443;48.457;Geopolymer (Hüttensand + NaOH/Wasserglas);12;Ultraschall + SDS;KCl gesättigt;6;0.5;0.0731;0.0278;0.5232;0.22;0.76;8.61;180;ja
444;48.4514;Geopolymer (Hüttensand + NaOH/Wasserglas);12;Ultraschall + SDS;KCl 1 mol/l;6;0.42;0.0802;0.0229;0.5844;0.385;0.76;8.56;180;ja
445;48.4217;Geopolymer (Hüttensand + NaOH/Wasserglas);10;Stabmixer + SDS;KCl gesättigt;6;0.42;0.0677;0.0217;0.6549;0.22;0.76;7.13;180;ja
446;48.4169;CEM III (Hüttensandzement);10;Stabmixer;KOH 1 mol/l;10;0.5;0.0621;0.0143;0.4797;0.9;1.0;6.888;400;nein (EP 3 737 654)
447;48.3496;Geopolymer (Hüttensand + NaOH/Wasserglas);15;Ultraschall + SDS;KCl 1 mol/l;10;0.42;0.0983;0.0239;0.4786;0.385;1.0;10.48;180;ja
448;48.3489;Geopolymer (Hüttensand + NaOH/Wasserglas);15;Ultraschall + SDS;KCl gesättigt;6;0.5;0.0898;0.0331;0.4284;0.22;0.76;10.53;180;ja
449;48.3213;Geopolymer (Hüttensand + NaOH/Wasserglas);12;Ultraschall + SDS;KCl 1 mol/l;10;0.5;0.0731;0.02;0.5232;0.385;1.0;8.56;180;ja
450;48.3154;CEM I (Portland);12;Stabmixer + SDS;KOH 1 mol/l;6;0.35;0.0902;0.024;0.58;0.9;0.76;8.25;850;nein (EP 3 737 654)
451;48.2929;Geopolymer (Hüttensand + NaOH/Wasserglas);12;Stabmixer + SDS;KCl 1 mol/l;6;0.35;0.0875;0.0207;0.638;0.385;0.76;8.36;180;ja
452;48.2771;Geopolymer (Hüttensand + NaOH/Wasserglas);15;Stabmixer + SDS;KCl gesättigt;6;0.35;0.1071;0.0297;0.5225;0.22;0.76;10.33;180;ja
453;48.2591;CEM I (Portland);10;Ultraschall + SDS;KOH 1 mol/l;10;0.5;0.0633;0.0195;0.533;0.9;1.0;7.17;850;nein (EP 3 737 654)
454;48.255;Geopolymer (Hüttensand + NaOH/Wasserglas);12;Ultraschall + SDS;Agar-Gel + KCl;10;0.35;0.0875;0.0143;0.638;0.385;1.1;8.59;180;ja
455;48.2369;Geopolymer (Hüttensand + NaOH/Wasserglas);10;Handrühren;Eigene Porenlösung (ohne Zusatz);3;0.42;0.0677;0.0087;0.6549;1.1;0.638;6.88;180;ja
456;48.221;CEM III (Hüttensandzement);12;Stabmixer;KOH 1 mol/l;10;0.5;0.0736;0.0171;0.428;0.9;1.0;8.168;400;nein (EP 3 737 654)
457;48.1824;Geopolymer (Hüttensand + NaOH/Wasserglas);12;Stabmixer + SDS;KCl gesättigt;10;0.5;0.0731;0.0225;0.5232;0.22;1.0;8.41;180;ja
458;48.0991;CEM III (Hüttensandzement);10;Stabmixer;KOH 1 mol/l;3;0.35;0.0746;0.0186;0.585;0.9;0.58;6.888;400;nein (EP 3 737 654)
459;48.0051;Geopolymer (Hüttensand + NaOH/Wasserglas);8;Ultraschall + SDS;KCl 1 mol/l;6;0.42;0.0549;0.0155;0.7255;0.385;0.76;6.0;180;ja
460;48.0023;Geopolymer (Hüttensand + NaOH/Wasserglas);10;Ultraschall + SDS;Agar-Gel + KCl;10;0.42;0.0677;0.012;0.6549;0.385;1.1;7.31;180;ja
461;47.9985;CEM I (Portland);15;Stabmixer + SDS;KOH 1 mol/l;10;0.35;0.1102;0.0247;0.475;0.9;1.0;10.17;850;nein (EP 3 737 654)
462;47.9939;Geopolymer (Hüttensand + NaOH/Wasserglas);12;Handrühren;Eigene Porenlösung (ohne Zusatz);3;0.35;0.0875;0.0104;0.638;1.1;0.638;8.16;180;ja
463;47.9572;CEM I (Portland);15;Ultraschall + SDS;KOH 1 mol/l;3;0.35;0.1102;0.0332;0.475;0.9;0.58;10.37;850;nein (EP 3 737 654)
464;47.9557;Geopolymer (Hüttensand + NaOH/Wasserglas);10;Stabmixer + SDS;KCl gesättigt;10;0.5;0.0617;0.0189;0.5863;0.22;1.0;7.13;180;ja
465;47.944;CEM III (Hüttensandzement);15;Stabmixer;KOH 1 mol/l;10;0.42;0.0989;0.0203;0.3916;0.9;1.0;10.088;400;nein (EP 3 737 654)
466;47.9421;Geopolymer (Hüttensand + NaOH/Wasserglas);8;Stabmixer + SDS;Agar-Gel + KCl;10;0.42;0.0549;0.0086;0.7255;0.385;1.1;5.83;180;ja
467;47.9318;Geopolymer (Hüttensand + NaOH/Wasserglas);12;Stabmixer;KCl 1 mol/l;10;0.35;0.0875;0.0156;0.638;0.385;1.0;8.31;180;ja
468;47.892;CEM III (Hüttensandzement);10;Stabmixer;KOH 1 mol/l;6;0.42;0.0682;0.0165;0.5359;0.9;0.76;6.888;400;nein (EP 3 737 654)
469;47.8684;Geopolymer (Hüttensand + NaOH/Wasserglas);8;Handrühren;KCl 1 mol/l;10;0.35;0.0601;0.0079;0.792;0.385;1.0;5.65;180;ja
470;47.7926;Geopolymer (Hüttensand + NaOH/Wasserglas);15;Handrühren;KOH 1 mol/l;6;0.42;0.0983;0.0173;0.4786;0.99;0.76;10.18;180;ja
471;47.7887;Geopolymer (Hüttensand + NaOH/Wasserglas);15;Ultraschall + SDS;KCl gesättigt;3;0.5;0.0898;0.0361;0.4284;0.22;0.58;10.53;180;ja
472;47.7859;CEM I (Portland);12;Ultraschall + SDS;KOH 1 mol/l;3;0.42;0.0824;0.0288;0.5313;0.9;0.58;8.45;850;nein (EP 3 737 654)
473;47.785;Geopolymer (Hüttensand + NaOH/Wasserglas);10;Stabmixer;KCl gesättigt;10;0.42;0.0677;0.0163;0.6549;0.22;1.0;7.08;180;ja
474;47.7747;CEM III (Hüttensandzement);8;Stabmixer + SDS;KOH 1 mol/l;3;0.42;0.0553;0.0173;0.5936;0.9;0.58;5.658;400;nein (EP 3 737 654)
475;47.7696;Geopolymer (Hüttensand + NaOH/Wasserglas);15;Stabmixer + SDS;Eigene Porenlösung (ohne Zusatz);3;0.5;0.0898;0.0195;0.4284;1.1;0.638;10.23;180;ja
476;47.7546;CEM I (Portland);15;Ultraschall + SDS;KOH 1 mol/l;10;0.5;0.092;0.0275;0.3895;0.9;1.0;10.37;850;nein (EP 3 737 654)
477;47.748;CEM III (Hüttensandzement);8;Ultraschall + SDS;KOH 1 mol/l;6;0.5;0.0503;0.0168;0.5314;0.9;0.76;5.858;400;nein (EP 3 737 654)
478;47.7197;CEM III (Hüttensandzement);8;Stabmixer;KOH 1 mol/l;3;0.35;0.0606;0.015;0.648;0.9;0.58;5.608;400;nein (EP 3 737 654)
479;47.7013;Geopolymer (Hüttensand + NaOH/Wasserglas);8;Ultraschall + SDS;Agar-Gel + KCl;6;0.35;0.0601;0.0111;0.792;0.385;0.836;6.03;180;ja
480;47.6327;Geopolymer (Hüttensand + NaOH/Wasserglas);10;Stabmixer + SDS;KCl 1 mol/l;3;0.35;0.074;0.0196;0.715;0.385;0.58;7.08;180;ja
481;47.6287;Geopolymer (Hüttensand + NaOH/Wasserglas);15;Ultraschall + SDS;KCl 1 mol/l;6;0.35;0.1071;0.0264;0.5225;0.385;0.76;10.48;180;ja
482;47.6262;CEM III (Hüttensandzement);12;Stabmixer + SDS;KOH 1 mol/l;3;0.5;0.0736;0.0248;0.428;0.9;0.58;8.218;400;nein (EP 3 737 654)
483;47.6151;Geopolymer (Hüttensand + NaOH/Wasserglas);15;Stabmixer + SDS;KCl 1 mol/l;10;0.35;0.1071;0.0214;0.5225;0.385;1.0;10.28;180;ja
484;47.6121;Geopolymer (Hüttensand + NaOH/Wasserglas);10;Stabmixer;Agar-Gel + KCl;10;0.35;0.074;0.0093;0.715;0.385;1.1;7.06;180;ja
485;47.605;Geopolymer (Hüttensand + NaOH/Wasserglas);15;Stabmixer;Eigene Porenlösung (ohne Zusatz);3;0.35;0.1071;0.0162;0.5225;1.1;0.638;10.18;180;ja
486;47.596;Geopolymer (Hüttensand + NaOH/Wasserglas);8;Stabmixer;KCl 1 mol/l;10;0.42;0.0549;0.0104;0.7255;0.385;1.0;5.75;180;ja
487;47.5899;Geopolymer (Hüttensand + NaOH/Wasserglas);8;Stabmixer + SDS;KCl 1 mol/l;3;0.35;0.0601;0.0158;0.792;0.385;0.58;5.8;180;ja
488;47.5833;CEM III (Hüttensandzement);12;Stabmixer;KOH 1 mol/l;6;0.42;0.0807;0.0195;0.4782;0.9;0.76;8.168;400;nein (EP 3 737 654)
489;47.5346;CEM I (Portland);15;Ultraschall + SDS;KOH 1 mol/l;6;0.42;0.1009;0.0305;0.4351;0.9;0.76;10.37;850;nein (EP 3 737 654)
490;47.5159;Geopolymer (Hüttensand + NaOH/Wasserglas);8;Ultraschall + SDS;KCl gesättigt;10;0.5;0.05;0.0165;0.6494;0.22;1.0;6.05;180;ja
491;47.4852;Geopolymer (Hüttensand + NaOH/Wasserglas);10;Stabmixer;KCl gesättigt;6;0.35;0.074;0.0187;0.715;0.22;0.76;7.08;180;ja
492;47.4846;Geopolymer (Hüttensand + NaOH/Wasserglas);8;Stabmixer;KCl gesättigt;6;0.35;0.0601;0.0151;0.792;0.22;0.76;5.8;180;ja
493;47.4688;CEM I (Portland);10;Stabmixer + SDS;KOH 1 mol/l;3;0.35;0.0763;0.0228;0.65;0.9;0.58;6.97;850;nein (EP 3 737 654)
494;47.4631;Geopolymer (Hüttensand + NaOH/Wasserglas);12;Stabmixer + SDS;KCl gesättigt;3;0.42;0.0802;0.0281;0.5844;0.22;0.58;8.41;180;ja
495;47.4607;Geopolymer (Hüttensand + NaOH/Wasserglas);10;Ultraschall + SDS;KCl gesättigt;6;0.5;0.0617;0.0234;0.5863;0.22;0.76;7.33;180;ja
496;47.4575;CEM III (Hüttensandzement);15;Stabmixer + SDS;KOH 1 mol/l;3;0.5;0.0904;0.0295;0.3505;0.9;0.58;10.138;400;nein (EP 3 737 654)
497;47.4416;Geopolymer (Hüttensand + NaOH/Wasserglas);15;Handrühren;Eigene Porenlösung (ohne Zusatz);10;0.5;0.0898;0.0098;0.4284;1.1;1.1;10.08;180;ja
498;47.4325;Geopolymer (Hüttensand + NaOH/Wasserglas);12;Ultraschall + SDS;KCl gesättigt;3;0.5;0.0731;0.0303;0.5232;0.22;0.58;8.61;180;ja
499;47.422;Geopolymer (Hüttensand + NaOH/Wasserglas);10;Stabmixer;KCl 1 mol/l;10;0.42;0.0677;0.013;0.6549;0.385;1.0;7.03;180;ja
500;47.4214;Geopolymer (Hüttensand + NaOH/Wasserglas);15;Stabmixer + SDS;KCl gesättigt;3;0.35;0.1071;0.0324;0.5225;0.22;0.58;10.33;180;ja
501;47.3866;Geopolymer (Hüttensand + NaOH/Wasserglas);12;Stabmixer;Eigene Porenlösung (ohne Zusatz);3;0.5;0.0731;0.0136;0.5232;1.1;0.638;8.26;180;ja
502;47.3691;CEM III (Hüttensandzement);12;Stabmixer;KOH 1 mol/l;3;0.35;0.0882;0.0214;0.522;0.9;0.58;8.168;400;nein (EP 3 737 654)
503;47.3657;Geopolymer (Hüttensand + NaOH/Wasserglas);8;Stabmixer;KCl 1 mol/l;6;0.35;0.0601;0.012;0.792;0.385;0.76;5.75;180;ja
504;47.3534;Geopolymer (Hüttensand + NaOH/Wasserglas);8;Handrühren;Agar-Gel + KCl;10;0.35;0.0601;0.0054;0.792;0.385;1.1;5.68;180;ja
505;47.3454;CEM III (Hüttensandzement);12;Handrühren;KOH 1 mol/l;10;0.35;0.0882;0.013;0.522;0.9;1.0;8.068;400;nein (EP 3 737 654)
506;47.3344;CEM I (Portland);8;Ultraschall + SDS;KOH 1 mol/l;6;0.42;0.0565;0.018;0.6595;0.9;0.76;5.89;850;nein (EP 3 737 654)
507;47.3221;Geopolymer (Hüttensand + NaOH/Wasserglas);8;Stabmixer;Eigene Porenlösung (ohne Zusatz);3;0.5;0.05;0.0089;0.6494;1.1;0.638;5.7;180;ja
508;47.3143;Geopolymer (Hüttensand + NaOH/Wasserglas);8;Stabmixer;KCl gesättigt;10;0.42;0.0549;0.013;0.7255;0.22;1.0;5.8;180;ja
509;47.2568;Geopolymer (Hüttensand + NaOH/Wasserglas);5;Ultraschall + SDS;KOH 1 mol/l;3;0.35;0.0384;0.0108;0.9075;0.99;0.58;4.13;180;ja
510;47.2473;Geopolymer (Hüttensand + NaOH/Wasserglas);5;Stabmixer + SDS;Eigene Porenlösung (ohne Zusatz);6;0.35;0.0384;0.0054;0.9075;1.1;0.836;3.83;180;ja
511;47.2006;Geopolymer (Hüttensand + NaOH/Wasserglas);8;Ultraschall + SDS;KCl gesättigt;3;0.42;0.0549;0.0211;0.7255;0.22;0.58;6.05;180;ja
512;47.1985;Geopolymer (Hüttensand + NaOH/Wasserglas);15;Handrühren;KOH 1 mol/l;3;0.35;0.1071;0.0188;0.5225;0.99;0.58;10.18;180;ja
513;47.1733;CEM I (Portland);12;Stabmixer;KOH 1 mol/l;10;0.35;0.0902;0.018;0.58;0.9;1.0;8.2;850;nein (EP 3 737 654)
514;47.1689;Geopolymer (Hüttensand + NaOH/Wasserglas);15;Stabmixer;Eigene Porenlösung (ohne Zusatz);6;0.5;0.0898;0.0149;0.4284;1.1;0.836;10.18;180;ja
515;47.163;Geopolymer (Hüttensand + NaOH/Wasserglas);8;Stabmixer + SDS;KCl gesättigt;6;0.42;0.0549;0.0173;0.7255;0.22;0.76;5.85;180;ja
516;47.1565;Geopolymer (Hüttensand + NaOH/Wasserglas);8;Handrühren;Eigene Porenlösung (ohne Zusatz);6;0.5;0.05;0.0058;0.6494;1.1;0.836;5.6;180;ja
517;47.1223;CEM III (Hüttensandzement);10;Ultraschall + SDS;KCl gesättigt;10;0.35;0.0746;0.0216;0.585;0.2;1.0;7.138;400;nein (EP 3 737 654)
518;47.1207;Geopolymer (Hüttensand + NaOH/Wasserglas);8;Ultraschall + SDS;KCl 1 mol/l;10;0.5;0.05;0.0132;0.6494;0.385;1.0;6.0;180;ja
519;47.1123;CEM III (Hüttensandzement);10;Handrühren;KOH 1 mol/l;10;0.42;0.0682;0.0109;0.5359;0.9;1.0;6.788;400;nein (EP 3 737 654)
520;47.1097;Geopolymer (Hüttensand + NaOH/Wasserglas);10;Handrühren;KOH 1 mol/l;3;0.5;0.0617;0.0132;0.5863;0.99;0.58;6.98;180;ja
521;47.1063;Geopolymer (Hüttensand + NaOH/Wasserglas);12;Stabmixer + SDS;Agar-Gel + KCl;10;0.35;0.0875;0.0129;0.638;0.385;1.1;8.39;180;ja
522;47.1046;Geopolymer (Hüttensand + NaOH/Wasserglas);15;Stabmixer + SDS;KCl gesättigt;10;0.5;0.0898;0.0268;0.4284;0.22;1.0;10.33;180;ja
523;47.0996;CEM I (Portland);10;Ultraschall + SDS;KOH 1 mol/l;3;0.42;0.0696;0.0245;0.5954;0.9;0.58;7.17;850;nein (EP 3 737 654)
524;47.0875;Geopolymer (Hüttensand + NaOH/Wasserglas);10;Stabmixer + SDS;KCl 1 mol/l;10;0.5;0.0617;0.0151;0.5863;0.385;1.0;7.08;180;ja
525;47.0847;Geopolymer (Hüttensand + NaOH/Wasserglas);12;Stabmixer;KCl gesättigt;10;0.42;0.0802;0.0193;0.5844;0.22;1.0;8.36;180;ja
526;47.063;CEM III (Hüttensandzement);8;Stabmixer;KOH 1 mol/l;6;0.42;0.0553;0.0131;0.5936;0.9;0.76;5.608;400;nein (EP 3 737 654)
527;47.0629;Geopolymer (Hüttensand + NaOH/Wasserglas);10;Stabmixer + SDS;Agar-Gel + KCl;10;0.42;0.0677;0.0108;0.6549;0.385;1.1;7.11;180;ja
528;47.054;Geopolymer (Hüttensand + NaOH/Wasserglas);8;Handrühren;KOH 1 mol/l;6;0.5;0.05;0.0092;0.6494;0.99;0.76;5.7;180;ja
529;47.0499;Geopolymer (Hüttensand + NaOH/Wasserglas);5;Stabmixer;Eigene Porenlösung (ohne Zusatz);10;0.35;0.0384;0.0038;0.9075;1.1;1.1;3.78;180;ja
530;47.004;Geopolymer (Hüttensand + NaOH/Wasserglas);10;Stabmixer + SDS;KCl 1 mol/l;6;0.42;0.0677;0.0174;0.6549;0.385;0.76;7.08;180;ja
531;46.9978;Geopolymer (Hüttensand + NaOH/Wasserglas);8;Handrühren;KCl gesättigt;10;0.35;0.0601;0.0099;0.792;0.22;1.0;5.7;180;ja
532;46.9969;Geopolymer (Hüttensand + NaOH/Wasserglas);12;Ultraschall + SDS;KCl 1 mol/l;3;0.42;0.0802;0.025;0.5844;0.385;0.58;8.56;180;ja
533;46.9944;Geopolymer (Hüttensand + NaOH/Wasserglas);5;Stabmixer + SDS;KOH 1 mol/l;6;0.35;0.0384;0.0086;0.9075;0.99;0.76;3.93;180;ja
534;46.9538;CEM I (Portland);12;Stabmixer + SDS;KOH 1 mol/l;3;0.35;0.0902;0.0261;0.58;0.9;0.58;8.25;850;nein (EP 3 737 654)
535;46.9456;Geopolymer (Hüttensand + NaOH/Wasserglas);15;Stabmixer + SDS;KCl gesättigt;6;0.42;0.0983;0.0298;0.4786;0.22;0.76;10.33;180;ja
536;46.9439;Geopolymer (Hüttensand + NaOH/Wasserglas);12;Handrühren;Eigene Porenlösung (ohne Zusatz);6;0.5;0.0731;0.0092;0.5232;1.1;0.836;8.16;180;ja
537;46.9136;CEM III (Hüttensandzement);8;Handrühren;KOH 1 mol/l;10;0.42;0.0553;0.0086;0.5936;0.9;1.0;5.508;400;nein (EP 3 737 654)
538;46.8949;Geopolymer (Hüttensand + NaOH/Wasserglas);10;Ultraschall + SDS;KCl 1 mol/l;3;0.42;0.0677;0.0211;0.6549;0.385;0.58;7.28;180;ja
539;46.8677;Geopolymer (Hüttensand + NaOH/Wasserglas);10;Stabmixer + SDS;KCl gesättigt;3;0.42;0.0677;0.0237;0.6549;0.22;0.58;7.13;180;ja
540;46.8159;CEM III (Hüttensandzement);12;Ultraschall + SDS;KCl gesättigt;10;0.35;0.0882;0.0249;0.522;0.2;1.0;8.418;400;nein (EP 3 737 654)
541;46.8086;Geopolymer (Hüttensand + NaOH/Wasserglas);8;Stabmixer + SDS;Agar-Gel + KCl;6;0.35;0.0601;0.01;0.792;0.385;0.836;5.83;180;ja
542;46.7739;CEM I (Portland);15;Stabmixer + SDS;KOH 1 mol/l;10;0.42;0.1009;0.0247;0.4351;0.9;1.0;10.17;850;nein (EP 3 737 654)
543;46.77;Geopolymer (Hüttensand + NaOH/Wasserglas);15;Ultraschall + SDS;KCl 1 mol/l;10;0.5;0.0898;0.0239;0.4284;0.385;1.0;10.48;180;ja
544;46.7446;CEM I (Portland);15;Ultraschall + SDS;KOH 1 mol/l;3;0.42;0.1009;0.0332;0.4351;0.9;0.58;10.37;850;nein (EP 3 737 654)
545;46.7258;CEM I (Portland);8;Stabmixer + SDS;KOH 1 mol/l;3;0.35;0.062;0.0184;0.72;0.9;0.58;5.69;850;nein (EP 3 737 654)
546;46.708;CEM III (Hüttensandzement);10;Stabmixer + SDS;KOH 1 mol/l;3;0.5;0.0621;0.0209;0.4797;0.9;0.58;6.938;400;nein (EP 3 737 654)
547;46.6553;Geopolymer (Hüttensand + NaOH/Wasserglas);10;Stabmixer;KCl 1 mol/l;6;0.35;0.074;0.015;0.715;0.385;0.76;7.03;180;ja
548;46.6493;Geopolymer (Hüttensand + NaOH/Wasserglas);12;Stabmixer + SDS;KCl 1 mol/l;3;0.35;0.0875;0.0226;0.638;0.385;0.58;8.36;180;ja
549;46.6472;CEM III (Hüttensandzement);15;Stabmixer;KOH 1 mol/l;10;0.5;0.0904;0.0203;0.3505;0.9;1.0;10.088;400;nein (EP 3 737 654)
550;46.6324;CEM I (Portland);12;Stabmixer + SDS;KOH 1 mol/l;10;0.5;0.075;0.0209;0.4756;0.9;1.0;8.25;850;nein (EP 3 737 654)
551;46.6315;CEM I (Portland);10;Stabmixer + SDS;KOH 1 mol/l;6;0.42;0.0696;0.0202;0.5954;0.9;0.76;6.97;850;nein (EP 3 737 654)
552;46.617;Geopolymer (Hüttensand + NaOH/Wasserglas);5;Ultraschall + SDS;Eigene Porenlösung (ohne Zusatz);3;0.35;0.0384;0.0068;0.9075;1.1;0.638;4.03;180;ja
553;46.6067;Geopolymer (Hüttensand + NaOH/Wasserglas);8;Stabmixer + SDS;KCl 1 mol/l;6;0.42;0.0549;0.0139;0.7255;0.385;0.76;5.8;180;ja
554;46.6055;Geopolymer (Hüttensand + NaOH/Wasserglas);12;Stabmixer + SDS;KCl 1 mol/l;10;0.5;0.0731;0.018;0.5232;0.385;1.0;8.36;180;ja
555;46.6032;CEM III (Hüttensandzement);15;Stabmixer;KOH 1 mol/l;6;0.35;0.1079;0.0225;0.4275;0.9;0.76;10.088;400;nein (EP 3 737 654)
556;46.5983;CEM I (Portland);12;Stabmixer + SDS;KOH 1 mol/l;6;0.42;0.0824;0.0238;0.5313;0.9;0.76;8.25;850;nein (EP 3 737 654)
557;46.5842;Geopolymer (Hüttensand + NaOH/Wasserglas);10;Ultraschall + SDS;Agar-Gel + KCl;6;0.35;0.074;0.0137;0.715;0.385;0.836;7.31;180;ja
558;46.5636;CEM I (Portland);10;Stabmixer + SDS;KOH 1 mol/l;10;0.5;0.0633;0.0176;0.533;0.9;1.0;6.97;850;nein (EP 3 737 654)
559;46.5453;Geopolymer (Hüttensand + NaOH/Wasserglas);12;Handrühren;KOH 1 mol/l;3;0.5;0.0731;0.0158;0.5232;0.99;0.58;8.26;180;ja
560;46.5336;CEM I (Portland);12;Ultraschall + SDS;KOH 1 mol/l;6;0.5;0.075;0.0258;0.4756;0.9;0.76;8.45;850;nein (EP 3 737 654)
561;46.4835;Geopolymer (Hüttensand + NaOH/Wasserglas);15;Ultraschall + SDS;KCl 1 mol/l;3;0.35;0.1071;0.0288;0.5225;0.385;0.58;10.48;180;ja
562;46.478;CEM I (Portland);8;Ultraschall + SDS;KOH 1 mol/l;10;0.5;0.0513;0.0155;0.5904;0.9;1.0;5.89;850;nein (EP 3 737 654)
563;46.4663;Geopolymer (Hüttensand + NaOH/Wasserglas);12;Ultraschall + SDS;Agar-Gel + KCl;10;0.42;0.0802;0.0142;0.5844;0.385;1.1;8.59;180;ja
564;46.4615;Geopolymer (Hüttensand + NaOH/Wasserglas);12;Stabmixer + SDS;KCl 1 mol/l;6;0.42;0.0802;0.0206;0.5844;0.385;0.76;8.36;180;ja
565;46.4554;CEM III (Hüttensandzement);8;Stabmixer;KOH 1 mol/l;10;0.5;0.0503;0.0111;0.5314;0.9;1.0;5.608;400;nein (EP 3 737 654)
566;46.4238;Geopolymer (Hüttensand + NaOH/Wasserglas);10;Handrühren;KCl 1 mol/l;10;0.35;0.074;0.0099;0.715;0.385;1.0;6.93;180;ja
567;46.3831;Geopolymer (Hüttensand + NaOH/Wasserglas);12;Stabmixer;KCl gesättigt;6;0.35;0.0875;0.0216;0.638;0.22;0.76;8.36;180;ja
568;46.372;CEM I (Portland);10;Stabmixer;KOH 1 mol/l;10;0.42;0.0696;0.0152;0.5954;0.9;1.0;6.92;850;nein (EP 3 737 654)
569;46.3702;Geopolymer (Hüttensand + NaOH/Wasserglas);15;Handrühren;Eigene Porenlösung (ohne Zusatz);6;0.35;0.1071;0.0109;0.5225;1.1;0.836;10.08;180;ja
570;46.3639;CEM III (Hüttensandzement);8;Ultraschall + SDS;KCl gesättigt;10;0.35;0.0606;0.0174;0.648;0.2;1.0;5.858;400;nein (EP 3 737 654)
571;46.3593;Geopolymer (Hüttensand + NaOH/Wasserglas);8;Stabmixer;Agar-Gel + KCl;10;0.42;0.0549;0.0071;0.7255;0.385;1.1;5.78;180;ja
572;46.3123;CEM III (Hüttensandzement);8;Handrühren;KOH 1 mol/l;6;0.35;0.0606;0.01;0.648;0.9;0.76;5.508;400;nein (EP 3 737 654)
573;46.2914;Geopolymer (Hüttensand + NaOH/Wasserglas);15;Ultraschall + SDS;KCl 1 mol/l;6;0.42;0.0983;0.0265;0.4786;0.385;0.76;10.48;180;ja
574;46.2686;Geopolymer (Hüttensand + NaOH/Wasserglas);15;Stabmixer + SDS;KCl 1 mol/l;10;0.42;0.0983;0.0215;0.4786;0.385;1.0;10.28;180;ja
575;46.2489;Geopolymer (Hüttensand + NaOH/Wasserglas);15;Stabmixer;Eigene Porenlösung (ohne Zusatz);3;0.42;0.0983;0.0162;0.4786;1.1;0.638;10.18;180;ja
576;46.2193;Geopolymer (Hüttensand + NaOH/Wasserglas);12;Handrühren;Eigene Porenlösung (ohne Zusatz);3;0.42;0.0802;0.0103;0.5844;1.1;0.638;8.16;180;ja
577;46.218;CEM I (Portland);8;Stabmixer;KOH 1 mol/l;10;0.42;0.0565;0.0121;0.6595;0.9;1.0;5.64;850;nein (EP 3 737 654)
578;46.2091;Geopolymer (Hüttensand + NaOH/Wasserglas);15;Handrühren;KOH 1 mol/l;6;0.5;0.0898;0.0173;0.4284;0.99;0.76;10.18;180;ja
579;46.13;Geopolymer (Hüttensand + NaOH/Wasserglas);12;Stabmixer;KCl 1 mol/l;10;0.42;0.0802;0.0155;0.5844;0.385;1.0;8.31;180;ja
580;46.0947;Geopolymer (Hüttensand + NaOH/Wasserglas);15;Stabmixer + SDS;KCl gesättigt;3;0.42;0.0983;0.0325;0.4786;0.22;0.58;10.33;180;ja
581;46.0818;CEM I (Portland);15;Ultraschall + SDS;KOH 1 mol/l;6;0.5;0.092;0.0305;0.3895;0.9;0.76;10.37;850;nein (EP 3 737 654)
582;46.0748;CEM III (Hüttensandzement);8;Stabmixer + SDS;KOH 1 mol/l;6;0.5;0.0503;0.015;0.5314;0.9;0.76;5.658;400;nein (EP 3 737 654)
583;46.0528;Geopolymer (Hüttensand + NaOH/Wasserglas);10;Ultraschall + SDS;KCl gesättigt;3;0.5;0.0617;0.0255;0.5863;0.22;0.58;7.33;180;ja
584;46.0287;CEM I (Portland);15;Stabmixer + SDS;KOH 1 mol/l;6;0.35;0.1102;0.0274;0.475;0.9;0.76;10.17;850;nein (EP 3 737 654)
585;46.0183;Geopolymer (Hüttensand + NaOH/Wasserglas);10;Handrühren;KCl gesättigt;10;0.35;0.074;0.0123;0.715;0.22;1.0;6.98;180;ja
586;45.9848;Geopolymer (Hüttensand + NaOH/Wasserglas);12;Stabmixer + SDS;KCl gesättigt;6;0.5;0.0731;0.025;0.5232;0.22;0.76;8.41;180;ja
587;45.9305;Geopolymer (Hüttensand + NaOH/Wasserglas);8;Ultraschall + SDS;KCl 1 mol/l;3;0.42;0.0549;0.0169;0.7255;0.385;0.58;6.0;180;ja
588;45.9286;CEM I (Portland);8;Stabmixer;KOH 1 mol/l;6;0.35;0.062;0.0141;0.72;0.9;0.76;5.64;850;nein (EP 3 737 654)
589;45.881;CEM III (Hüttensandzement);10;Stabmixer;KOH 1 mol/l;3;0.42;0.0682;0.018;0.5359;0.9;0.58;6.888;400;nein (EP 3 737 654)
590;45.8596;CEM III (Hüttensandzement);12;Handrühren;KOH 1 mol/l;10;0.42;0.0807;0.0129;0.4782;0.9;1.0;8.068;400;nein (EP 3 737 654)
591;45.8555;Geopolymer (Hüttensand + NaOH/Wasserglas);12;Ultraschall + SDS;KCl 1 mol/l;6;0.5;0.0731;0.0222;0.5232;0.385;0.76;8.56;180;ja
592;45.8496;Geopolymer (Hüttensand + NaOH/Wasserglas);8;Stabmixer + SDS;KCl gesättigt;10;0.5;0.05;0.0148;0.6494;0.22;1.0;5.85;180;ja
593;45.8467;Geopolymer (Hüttensand + NaOH/Wasserglas);15;Handrühren;KOH 1 mol/l;3;0.42;0.0983;0.0189;0.4786;0.99;0.58;10.18;180;ja
594;45.8334;CEM I (Portland);8;Handrühren;KOH 1 mol/l;10;0.35;0.062;0.0093;0.72;0.9;1.0;5.54;850;nein (EP 3 737 654)
595;45.8332;CEM III (Hüttensandzement);12;Stabmixer;KOH 1 mol/l;3;0.42;0.0807;0.0213;0.4782;0.9;0.58;8.168;400;nein (EP 3 737 654)
596;45.8194;CEM III (Hüttensandzement);8;Ultraschall + SDS;KOH 1 mol/l;3;0.5;0.0503;0.0183;0.5314;0.9;0.58;5.858;400;nein (EP 3 737 654)
597;45.8099;Geopolymer (Hüttensand + NaOH/Wasserglas);5;Stabmixer;KOH 1 mol/l;10;0.35;0.0384;0.0061;0.9075;0.99;1.0;3.88;180;ja
598;45.7817;Geopolymer (Hüttensand + NaOH/Wasserglas);8;Stabmixer + SDS;KCl 1 mol/l;10;0.5;0.05;0.0118;0.6494;0.385;1.0;5.8;180;ja
599;45.7516;CEM I (Portland);10;Stabmixer;KOH 1 mol/l;6;0.35;0.0763;0.0174;0.65;0.9;0.76;6.92;850;nein (EP 3 737 654)
600;45.748;CEM I (Portland);10;Ultraschall + SDS;KOH 1 mol/l;6;0.5;0.0633;0.0217;0.533;0.9;0.76;7.17;850;nein (EP 3 737 654)
601;45.7387;CEM III (Hüttensandzement);10;Handrühren;KOH 1 mol/l;6;0.35;0.0746;0.0125;0.585;0.9;0.76;6.788;400;nein (EP 3 737 654)
602;45.7344;Geopolymer (Hüttensand + NaOH/Wasserglas);15;Stabmixer;KCl gesättigt;10;0.35;0.1071;0.0223;0.5225;0.22;1.0;10.28;180;ja
603;45.7323;Geopolymer (Hüttensand + NaOH/Wasserglas);10;Ultraschall + SDS;KCl 1 mol/l;6;0.5;0.0617;0.0187;0.5863;0.385;0.76;7.28;180;ja
604;45.7153;CEM I (Portland);8;Stabmixer + SDS;KOH 1 mol/l;6;0.42;0.0565;0.0162;0.6595;0.9;0.76;5.69;850;nein (EP 3 737 654)
605;45.664;Geopolymer (Hüttensand + NaOH/Wasserglas);10;Stabmixer;KCl gesättigt;3;0.35;0.074;0.0204;0.715;0.22;0.58;7.08;180;ja
606;45.5376;CEM III (Hüttensandzement);8;Ultraschall + SDS;KCl 1 mol/l;10;0.35;0.0606;0.0139;0.648;0.35;1.0;5.808;400;nein (EP 3 737 654)
607;45.5078;CEM III (Hüttensandzement);15;Stabmixer;KOH 1 mol/l;6;0.42;0.0989;0.0226;0.3916;0.9;0.76;10.088;400;nein (EP 3 737 654)
608;45.4973;CEM I (Portland);12;Stabmixer;KOH 1 mol/l;10;0.42;0.0824;0.0179;0.5313;0.9;1.0;8.2;850;nein (EP 3 737 654)
609;45.4849;Geopolymer (Hüttensand + NaOH/Wasserglas);10;Stabmixer + SDS;Agar-Gel + KCl;6;0.35;0.074;0.0123;0.715;0.385;0.836;7.11;180;ja
610;45.4842;CEM III (Hüttensandzement);10;Ultraschall + SDS;KCl 1 mol/l;10;0.35;0.0746;0.0173;0.585;0.35;1.0;7.088;400;nein (EP 3 737 654)
611;45.476;CEM I (Portland);8;Ultraschall + SDS;KOH 1 mol/l;3;0.42;0.0565;0.0197;0.6595;0.9;0.58;5.89;850;nein (EP 3 737 654)
612;45.4549;Geopolymer (Hüttensand + NaOH/Wasserglas);10;Handrühren;Eigene Porenlösung (ohne Zusatz);3;0.5;0.0617;0.0084;0.5863;1.1;0.638;6.88;180;ja
613;45.4414;CEM III (Hüttensandzement);12;Stabmixer;KOH 1 mol/l;6;0.5;0.0736;0.019;0.428;0.9;0.76;8.168;400;nein (EP 3 737 654)
614;45.3834;Geopolymer (Hüttensand + NaOH/Wasserglas);10;Stabmixer + SDS;KCl gesättigt;6;0.5;0.0617;0.021;0.5863;0.22;0.76;7.13;180;ja
615;45.3666;Geopolymer (Hüttensand + NaOH/Wasserglas);15;Stabmixer + SDS;KCl gesättigt;6;0.5;0.0898;0.0298;0.4284;0.22;0.76;10.33;180;ja
616;45.3628;Geopolymer (Hüttensand + NaOH/Wasserglas);8;Stabmixer;KCl gesättigt;3;0.35;0.0601;0.0164;0.792;0.22;0.58;5.8;180;ja
617;45.3604;CEM III (Hüttensandzement);10;Stabmixer;KOH 1 mol/l;6;0.5;0.0621;0.0159;0.4797;0.9;0.76;6.888;400;nein (EP 3 737 654)
618;45.3466;Geopolymer (Hüttensand + NaOH/Wasserglas);10;Stabmixer;Agar-Gel + KCl;10;0.42;0.0677;0.009;0.6549;0.385;1.1;7.06;180;ja
619;45.3326;CEM I (Portland);12;Ultraschall + SDS;KOH 1 mol/l;3;0.5;0.075;0.0281;0.4756;0.9;0.58;8.45;850;nein (EP 3 737 654)
620;45.3253;Geopolymer (Hüttensand + NaOH/Wasserglas);12;Stabmixer + SDS;Agar-Gel + KCl;10;0.42;0.0802;0.0128;0.5844;0.385;1.1;8.39;180;ja
621;45.3233;CEM I (Portland);15;Stabmixer + SDS;KOH 1 mol/l;10;0.5;0.092;0.0247;0.3895;0.9;1.0;10.17;850;nein (EP 3 737 654)
622;45.3117;Geopolymer (Hüttensand + NaOH/Wasserglas);10;Ultraschall + SDS;Agar-Gel + KCl;10;0.5;0.0617;0.0116;0.5863;0.385;1.1;7.31;180;ja
623;45.3068;Geopolymer (Hüttensand + NaOH/Wasserglas);10;Handrühren;Agar-Gel + KCl;10;0.35;0.074;0.0068;0.715;0.385;1.1;6.96;180;ja
624;45.2969;Geopolymer (Hüttensand + NaOH/Wasserglas);15;Stabmixer + SDS;KCl 1 mol/l;6;0.35;0.1071;0.0238;0.5225;0.385;0.76;10.28;180;ja
625;45.2907;CEM I (Portland);15;Ultraschall + SDS;KOH 1 mol/l;3;0.5;0.092;0.0332;0.3895;0.9;0.58;10.37;850;nein (EP 3 737 654)
626;45.2626;CEM III (Hüttensandzement);12;Ultraschall + SDS;KCl gesättigt;10;0.42;0.0807;0.0247;0.4782;0.2;1.0;8.418;400;nein (EP 3 737 654)
627;45.2591;CEM III (Hüttensandzement);10;Stabmixer + SDS;KCl gesättigt;10;0.35;0.0746;0.0194;0.585;0.2;1.0;6.938;400;nein (EP 3 737 654)
628;45.2561;Geopolymer (Hüttensand + NaOH/Wasserglas);8;Stabmixer + SDS;KCl gesättigt;3;0.42;0.0549;0.0189;0.7255;0.22;0.58;5.85;180;ja
629;45.2213;CEM I (Portland);12;Stabmixer + SDS;KOH 1 mol/l;3;0.42;0.0824;0.0259;0.5313;0.9;0.58;8.25;850;nein (EP 3 737 654)
630;45.1504;Geopolymer (Hüttensand + NaOH/Wasserglas);15;Ultraschall + SDS;KCl 1 mol/l;3;0.42;0.0983;0.0289;0.4786;0.385;0.58;10.48;180;ja
631;45.1497;Geopolymer (Hüttensand + NaOH/Wasserglas);8;Stabmixer;Agar-Gel + KCl;6;0.35;0.0601;0.0083;0.792;0.385;0.836;5.78;180;ja
632;45.1157;CEM III (Hüttensandzement);15;Stabmixer;KOH 1 mol/l;3;0.35;0.1079;0.0246;0.4275;0.9;0.58;10.088;400;nein (EP 3 737 654)
633;45.0808;Geopolymer (Hüttensand + NaOH/Wasserglas);12;Stabmixer;Agar-Gel + KCl;10;0.35;0.0875;0.0107;0.638;0.385;1.1;8.34;180;ja
634;45.0699;Geopolymer (Hüttensand + NaOH/Wasserglas);10;Stabmixer + SDS;KCl 1 mol/l;3;0.42;0.0677;0.019;0.6549;0.385;0.58;7.08;180;ja
635;45.0566;Geopolymer (Hüttensand + NaOH/Wasserglas);8;Ultraschall + SDS;Agar-Gel + KCl;10;0.5;0.05;0.0091;0.6494;0.385;1.1;6.03;180;ja
636;45.0474;CEM III (Hüttensandzement);15;Ultraschall + SDS;KCl gesättigt;10;0.35;0.1079;0.0285;0.4275;0.2;1.0;10.338;400;nein (EP 3 737 654)
637;45.0042;Geopolymer (Hüttensand + NaOH/Wasserglas);15;Handrühren;Eigene Porenlösung (ohne Zusatz);6;0.42;0.0983;0.0109;0.4786;1.1;0.836;10.08;180;ja
638;44.9859;Geopolymer (Hüttensand + NaOH/Wasserglas);12;Stabmixer;KCl 1 mol/l;6;0.35;0.0875;0.0173;0.638;0.385;0.76;8.31;180;ja
639;44.9827;Geopolymer (Hüttensand + NaOH/Wasserglas);8;Stabmixer;KCl 1 mol/l;3;0.35;0.0601;0.0131;0.792;0.385;0.58;5.75;180;ja
640;44.9783;CEM I (Portland);8;Stabmixer + SDS;KOH 1 mol/l;10;0.5;0.0513;0.0138;0.5904;0.9;1.0;5.69;850;nein (EP 3 737 654)
641;44.9681;CEM I (Portland);15;Stabmixer + SDS;KOH 1 mol/l;3;0.35;0.1102;0.0299;0.475;0.9;0.58;10.17;850;nein (EP 3 737 654)
642;44.9444;CEM I (Portland);10;Stabmixer + SDS;KOH 1 mol/l;3;0.42;0.0696;0.022;0.5954;0.9;0.58;6.97;850;nein (EP 3 737 654)
643;44.925;Geopolymer (Hüttensand + NaOH/Wasserglas);10;Stabmixer;KCl gesättigt;6;0.42;0.0677;0.0181;0.6549;0.22;0.76;7.08;180;ja
644;44.8896;Geopolymer (Hüttensand + NaOH/Wasserglas);5;Stabmixer + SDS;KOH 1 mol/l;3;0.35;0.0384;0.0094;0.9075;0.99;0.58;3.93;180;ja
645;44.8825;Geopolymer (Hüttensand + NaOH/Wasserglas);8;Ultraschall + SDS;Agar-Gel + KCl;3;0.35;0.0601;0.0121;0.792;0.385;0.638;6.03;180;ja
646;44.865;CEM III (Hüttensandzement);12;Ultraschall + SDS;KCl gesättigt;6;0.35;0.0882;0.0276;0.522;0.2;0.76;8.418;400;nein (EP 3 737 654)
647;44.8632;Geopolymer (Hüttensand + NaOH/Wasserglas);10;Stabmixer;KCl gesättigt;10;0.5;0.0617;0.0157;0.5863;0.22;1.0;7.08;180;ja
648;44.8577;CEM III (Hüttensandzement);8;Stabmixer + SDS;KCl gesättigt;10;0.35;0.0606;0.0157;0.648;0.2;1.0;5.658;400;nein (EP 3 737 654)
649;44.847;CEM III (Hüttensandzement);10;Ultraschall + SDS;KCl gesättigt;10;0.42;0.0682;0.0209;0.5359;0.2;1.0;7.138;400;nein (EP 3 737 654)
650;44.8199;CEM III (Hüttensandzement);10;Ultraschall + SDS;KCl gesättigt;6;0.35;0.0746;0.0239;0.585;0.2;0.76;7.138;400;nein (EP 3 737 654)
651;44.8152;Geopolymer (Hüttensand + NaOH/Wasserglas);12;Stabmixer;KCl gesättigt;3;0.35;0.0875;0.0236;0.638;0.22;0.58;8.36;180;ja
652;44.808;CEM I (Portland);15;Stabmixer + SDS;KOH 1 mol/l;6;0.42;0.1009;0.0274;0.4351;0.9;0.76;10.17;850;nein (EP 3 737 654)
653;44.8063;Geopolymer (Hüttensand + NaOH/Wasserglas);12;Stabmixer + SDS;KCl 1 mol/l;3;0.42;0.0802;0.0225;0.5844;0.385;0.58;8.36;180;ja
654;44.8013;CEM III (Hüttensandzement);8;Stabmixer;KOH 1 mol/l;3;0.42;0.0553;0.0143;0.5936;0.9;0.58;5.608;400;nein (EP 3 737 654)
655;44.7786;Geopolymer (Hüttensand + NaOH/Wasserglas);8;Ultraschall + SDS;Agar-Gel + KCl;6;0.42;0.0549;0.0106;0.7255;0.385;0.836;6.03;180;ja
656;44.7712;Geopolymer (Hüttensand + NaOH/Wasserglas);8;Ultraschall + SDS;KCl gesättigt;6;0.5;0.05;0.0184;0.6494;0.22;0.76;6.05;180;ja
657;44.7168;Geopolymer (Hüttensand + NaOH/Wasserglas);12;Stabmixer + SDS;KCl gesättigt;3;0.5;0.0731;0.0273;0.5232;0.22;0.58;8.41;180;ja
658;44.7123;Geopolymer (Hüttensand + NaOH/Wasserglas);15;Ultraschall + SDS;KCl 1 mol/l;6;0.5;0.0898;0.0265;0.4284;0.385;0.76;10.48;180;ja
659;44.7085;CEM I (Portland);10;Handrühren;KOH 1 mol/l;10;0.35;0.0763;0.0115;0.65;0.9;1.0;6.82;850;nein (EP 3 737 654)
660;44.7085;Geopolymer (Hüttensand + NaOH/Wasserglas);12;Ultraschall + SDS;Agar-Gel + KCl;6;0.35;0.0875;0.0159;0.638;0.385;0.836;8.59;180;ja
661;44.6882;Geopolymer (Hüttensand + NaOH/Wasserglas);15;Stabmixer + SDS;KCl 1 mol/l;10;0.5;0.0898;0.0215;0.4284;0.385;1.0;10.28;180;ja
662;44.6819;CEM III (Hüttensandzement);5;Ultraschall + SDS;KOH 1 mol/l;10;0.35;0.0388;0.0086;0.7425;0.9;1.0;3.938;400;nein (EP 3 737 654)
663;44.6669;Geopolymer (Hüttensand + NaOH/Wasserglas);15;Stabmixer;Eigene Porenlösung (ohne Zusatz);3;0.5;0.0898;0.0162;0.4284;1.1;0.638;10.18;180;ja
664;44.664;CEM III (Hüttensandzement);10;Handrühren;KOH 1 mol/l;10;0.5;0.0621;0.0105;0.4797;0.9;1.0;6.788;400;nein (EP 3 737 654)
665;44.657;Geopolymer (Hüttensand + NaOH/Wasserglas);5;Stabmixer + SDS;Eigene Porenlösung (ohne Zusatz);3;0.35;0.0384;0.0059;0.9075;1.1;0.638;3.83;180;ja
666;44.6371;CEM III (Hüttensandzement);12;Stabmixer + SDS;KCl gesättigt;10;0.35;0.0882;0.0224;0.522;0.2;1.0;8.218;400;nein (EP 3 737 654)
667;44.6108;Geopolymer (Hüttensand + NaOH/Wasserglas);10;Stabmixer;KCl 1 mol/l;10;0.5;0.0617;0.0126;0.5863;0.385;1.0;7.03;180;ja
668;44.5922;Geopolymer (Hüttensand + NaOH/Wasserglas);8;Handrühren;KOH 1 mol/l;3;0.5;0.05;0.01;0.6494;0.99;0.58;5.7;180;ja
669;44.573;Geopolymer (Hüttensand + NaOH/Wasserglas);12;Stabmixer;KCl gesättigt;10;0.5;0.0731;0.0188;0.5232;0.22;1.0;8.36;180;ja
670;44.5442;Geopolymer (Hüttensand + NaOH/Wasserglas);8;Handrühren;KCl 1 mol/l;10;0.42;0.0549;0.0075;0.7255;0.385;1.0;5.65;180;ja
671;44.543;Geopolymer (Hüttensand + NaOH/Wasserglas);12;Stabmixer;KCl gesättigt;6;0.42;0.0802;0.0215;0.5844;0.22;0.76;8.36;180;ja
672;44.5363;CEM III (Hüttensandzement);12;Ultraschall + SDS;KCl 1 mol/l;10;0.35;0.0882;0.0199;0.522;0.35;1.0;8.368;400;nein (EP 3 737 654)
673;44.5163;Geopolymer (Hüttensand + NaOH/Wasserglas);15;Stabmixer + SDS;KCl gesättigt;3;0.5;0.0898;0.0325;0.4284;0.22;0.58;10.33;180;ja
674;44.5067;Geopolymer (Hüttensand + NaOH/Wasserglas);10;Stabmixer;KCl 1 mol/l;3;0.35;0.074;0.0163;0.715;0.385;0.58;7.03;180;ja
675;44.4864;CEM I (Portland);12;Stabmixer;KOH 1 mol/l;6;0.35;0.0902;0.02;0.58;0.9;0.76;8.2;850;nein (EP 3 737 654)
676;44.4013;Geopolymer (Hüttensand + NaOH/Wasserglas);8;Stabmixer + SDS;KCl 1 mol/l;3;0.42;0.0549;0.0151;0.7255;0.385;0.58;5.8;180;ja
677;44.3894;Geopolymer (Hüttensand + NaOH/Wasserglas);15;Stabmixer;KCl gesättigt;10;0.42;0.0983;0.0224;0.4786;0.22;1.0;10.28;180;ja
678;44.3854;Geopolymer (Hüttensand + NaOH/Wasserglas);10;Stabmixer + SDS;Agar-Gel + KCl;10;0.5;0.0617;0.0104;0.5863;0.385;1.1;7.11;180;ja
679;44.3721;CEM III (Hüttensandzement);8;Stabmixer + SDS;KCl 1 mol/l;10;0.35;0.0606;0.0125;0.648;0.35;1.0;5.608;400;nein (EP 3 737 654)
680;44.3441;Geopolymer (Hüttensand + NaOH/Wasserglas);12;Ultraschall + SDS;KCl 1 mol/l;3;0.5;0.0731;0.0242;0.5232;0.385;0.58;8.56;180;ja
681;44.3335;Geopolymer (Hüttensand + NaOH/Wasserglas);15;Ultraschall + SDS;Agar-Gel + KCl;10;0.35;0.1071;0.0164;0.5225;0.385;1.1;10.51;180;ja
682;44.2636;Geopolymer (Hüttensand + NaOH/Wasserglas);15;Handrühren;KOH 1 mol/l;3;0.5;0.0898;0.0189;0.4284;0.99;0.58;10.18;180;ja
683;44.2595;CEM I (Portland);12;Stabmixer + SDS;KOH 1 mol/l;6;0.5;0.075;0.0232;0.4756;0.9;0.76;8.25;850;nein (EP 3 737 654)
684;44.2151;Geopolymer (Hüttensand + NaOH/Wasserglas);10;Ultraschall + SDS;Agar-Gel + KCl;6;0.42;0.0677;0.0133;0.6549;0.385;0.836;7.31;180;ja
685;44.2135;Geopolymer (Hüttensand + NaOH/Wasserglas);10;Stabmixer;KCl 1 mol/l;6;0.42;0.0677;0.0145;0.6549;0.385;0.76;7.03;180;ja
686;44.211;CEM III (Hüttensandzement);15;Stabmixer;KOH 1 mol/l;6;0.5;0.0904;0.0226;0.3505;0.9;0.76;10.088;400;nein (EP 3 737 654)
687;44.1979;Geopolymer (Hüttensand + NaOH/Wasserglas);15;Stabmixer;KCl 1 mol/l;10;0.35;0.1071;0.0179;0.5225;0.385;1.0;10.23;180;ja
688;44.1932;CEM I (Portland);10;Ultraschall + SDS;KOH 1 mol/l;3;0.5;0.0633;0.0236;0.533;0.9;0.58;7.17;850;nein (EP 3 737 654)
689;44.172;Geopolymer (Hüttensand + NaOH/Wasserglas);8;Stabmixer;KCl 1 mol/l;6;0.42;0.0549;0.0115;0.7255;0.385;0.76;5.75;180;ja
690;44.1616;Geopolymer (Hüttensand + NaOH/Wasserglas);8;Stabmixer;KCl gesättigt;6;0.42;0.0549;0.0144;0.7255;0.22;0.76;5.8;180;ja
691;44.1563;Geopolymer (Hüttensand + NaOH/Wasserglas);8;Handrühren;Agar-Gel + KCl;10;0.42;0.0549;0.0052;0.7255;0.385;1.1;5.68;180;ja
692;44.1552;Geopolymer (Hüttensand + NaOH/Wasserglas);8;Handrühren;KCl 1 mol/l;6;0.35;0.0601;0.0088;0.792;0.385;0.76;5.65;180;ja
693;44.1358;Geopolymer (Hüttensand + NaOH/Wasserglas);8;Stabmixer + SDS;Agar-Gel + KCl;10;0.5;0.05;0.0081;0.6494;0.385;1.1;5.83;180;ja
694;44.1225;CEM III (Hüttensandzement);12;Handrühren;KOH 1 mol/l;6;0.35;0.0882;0.0144;0.522;0.9;0.76;8.068;400;nein (EP 3 737 654)
695;44.115;Geopolymer (Hüttensand + NaOH/Wasserglas);12;Ultraschall + SDS;Agar-Gel + KCl;10;0.5;0.0731;0.0138;0.5232;0.385;1.1;8.59;180;ja
696;44.112;Geopolymer (Hüttensand + NaOH/Wasserglas);10;Stabmixer + SDS;KCl 1 mol/l;6;0.5;0.0617;0.0168;0.5863;0.385;0.76;7.08;180;ja
697;44.0984;Geopolymer (Hüttensand + NaOH/Wasserglas);10;Handrühren;KCl 1 mol/l;10;0.42;0.0677;0.0096;0.6549;0.385;1.0;6.93;180;ja
698;44.0978;Geopolymer (Hüttensand + NaOH/Wasserglas);8;Handrühren;Eigene Porenlösung (ohne Zusatz);3;0.5;0.05;0.0063;0.6494;1.1;0.638;5.6;180;ja
699;44.0537;CEM I (Portland);15;Stabmixer;KOH 1 mol/l;10;0.35;0.1102;0.0206;0.475;0.9;1.0;10.12;850;nein (EP 3 737 654)
700;44.0412;CEM III (Hüttensandzement);10;Stabmixer + SDS;KCl 1 mol/l;10;0.35;0.0746;0.0155;0.585;0.35;1.0;6.888;400;nein (EP 3 737 654)
701;44.0337;Geopolymer (Hüttensand + NaOH/Wasserglas);8;Ultraschall + SDS;KCl 1 mol/l;6;0.5;0.05;0.0147;0.6494;0.385;0.76;6.0;180;ja
702;44.0238;CEM III (Hüttensandzement);15;Stabmixer;KOH 1 mol/l;3;0.42;0.0989;0.0246;0.3916;0.9;0.58;10.088;400;nein (EP 3 737 654)
703;44.0086;CEM III (Hüttensandzement);8;Stabmixer + SDS;KOH 1 mol/l;3;0.5;0.0503;0.0163;0.5314;0.9;0.58;5.658;400;nein (EP 3 737 654)
704;44.0074;Geopolymer (Hüttensand + NaOH/Wasserglas);12;Handrühren;KCl 1 mol/l;10;0.35;0.0875;0.0114;0.638;0.385;1.0;8.21;180;ja
705;43.9801;Geopolymer (Hüttensand + NaOH/Wasserglas);10;Ultraschall + SDS;Agar-Gel + KCl;3;0.35;0.074;0.015;0.715;0.385;0.638;7.31;180;ja
706;43.9765;Geopolymer (Hüttensand + NaOH/Wasserglas);12;Handrühren;KCl gesättigt;10;0.35;0.0875;0.0143;0.638;0.22;1.0;8.26;180;ja
707;43.9623;CEM III (Hüttensandzement);15;Ultraschall + SDS;KCl gesättigt;10;0.42;0.0989;0.0285;0.3916;0.2;1.0;10.338;400;nein (EP 3 737 654)
708;43.9546;Geopolymer (Hüttensand + NaOH/Wasserglas);15;Stabmixer + SDS;KCl 1 mol/l;6;0.42;0.0983;0.0238;0.4786;0.385;0.76;10.28;180;ja
709;43.9444;Geopolymer (Hüttensand + NaOH/Wasserglas);12;Handrühren;Eigene Porenlösung (ohne Zusatz);3;0.5;0.0731;0.01;0.5232;1.1;0.638;8.16;180;ja
710;43.9251;Geopolymer (Hüttensand + NaOH/Wasserglas);12;Stabmixer + SDS;KCl 1 mol/l;6;0.5;0.0731;0.02;0.5232;0.385;0.76;8.36;180;ja
711;43.92;Geopolymer (Hüttensand + NaOH/Wasserglas);15;Stabmixer + SDS;KCl 1 mol/l;3;0.35;0.1071;0.0259;0.5225;0.385;0.58;10.28;180;ja
712;43.9171;Geopolymer (Hüttensand + NaOH/Wasserglas);10;Ultraschall + SDS;KCl 1 mol/l;3;0.5;0.0617;0.0204;0.5863;0.385;0.58;7.28;180;ja
713;43.8956;Geopolymer (Hüttensand + NaOH/Wasserglas);8;Stabmixer + SDS;Agar-Gel + KCl;3;0.35;0.0601;0.0109;0.792;0.385;0.638;5.83;180;ja
714;43.895;CEM III (Hüttensandzement);15;Handrühren;KOH 1 mol/l;10;0.35;0.1079;0.0149;0.4275;0.9;1.0;9.988;400;nein (EP 3 737 654)
715;43.88;CEM III (Hüttensandzement);12;Handrühren;KOH 1 mol/l;10;0.5;0.0736;0.0125;0.428;0.9;1.0;8.068;400;nein (EP 3 737 654)
716;43.861;Geopolymer (Hüttensand + NaOH/Wasserglas);8;Stabmixer + SDS;Agar-Gel + KCl;6;0.42;0.0549;0.0095;0.7255;0.385;0.836;5.83;180;ja
717;43.8443;CEM I (Portland);10;Stabmixer + SDS;KOH 1 mol/l;6;0.5;0.0633;0.0195;0.533;0.9;0.76;6.97;850;nein (EP 3 737 654)
718;43.8214;CEM III (Hüttensandzement);12;Ultraschall + SDS;KCl gesättigt;3;0.35;0.0882;0.0301;0.522;0.2;0.58;8.418;400;nein (EP 3 737 654)
719;43.8196;CEM I (Portland);10;Stabmixer;KOH 1 mol/l;3;0.35;0.0763;0.019;0.65;0.9;0.58;6.92;850;nein (EP 3 737 654)
720;43.7717;Geopolymer (Hüttensand + NaOH/Wasserglas);10;Stabmixer + SDS;KCl gesättigt;3;0.5;0.0617;0.0229;0.5863;0.22;0.58;7.13;180;ja
721;43.7637;CEM III (Hüttensandzement);8;Handrühren;KOH 1 mol/l;3;0.35;0.0606;0.0109;0.648;0.9;0.58;5.508;400;nein (EP 3 737 654)
722;43.7508;CEM I (Portland);15;Stabmixer + SDS;KOH 1 mol/l;3;0.42;0.1009;0.0299;0.4351;0.9;0.58;10.17;850;nein (EP 3 737 654)
723;43.728;Geopolymer (Hüttensand + NaOH/Wasserglas);12;Stabmixer;KCl 1 mol/l;10;0.5;0.0731;0.015;0.5232;0.385;1.0;8.31;180;ja
724;43.7166;CEM I (Portland);8;Stabmixer;KOH 1 mol/l;3;0.35;0.062;0.0153;0.72;0.9;0.58;5.64;850;nein (EP 3 737 654)
725;43.71;CEM I (Portland);10;Stabmixer;KOH 1 mol/l;10;0.5;0.0633;0.0146;0.533;0.9;1.0;6.92;850;nein (EP 3 737 654)
726;43.7019;CEM I (Portland);8;Stabmixer + SDS;KOH 1 mol/l;3;0.42;0.0565;0.0177;0.6595;0.9;0.58;5.69;850;nein (EP 3 737 654)
727;43.6764;CEM III (Hüttensandzement);10;Handrühren;KOH 1 mol/l;6;0.42;0.0682;0.0121;0.5359;0.9;0.76;6.788;400;nein (EP 3 737 654)
728;43.6607;Geopolymer (Hüttensand + NaOH/Wasserglas);5;Ultraschall + SDS;Eigene Porenlösung (ohne Zusatz);10;0.42;0.035;0.0047;0.8313;1.1;1.1;4.03;180;ja
729;43.6451;CEM III (Hüttensandzement);12;Stabmixer;KOH 1 mol/l;3;0.5;0.0736;0.0207;0.428;0.9;0.58;8.168;400;nein (EP 3 737 654)
730;43.638;Geopolymer (Hüttensand + NaOH/Wasserglas);5;Stabmixer;Eigene Porenlösung (ohne Zusatz);6;0.35;0.0384;0.0043;0.9075;1.1;0.836;3.78;180;ja
731;43.6322;CEM III (Hüttensandzement);8;Ultraschall + SDS;KCl gesättigt;6;0.35;0.0606;0.0193;0.648;0.2;0.76;5.858;400;nein (EP 3 737 654)
732;43.6149;Geopolymer (Hüttensand + NaOH/Wasserglas);10;Handrühren;KCl gesättigt;10;0.42;0.0677;0.0119;0.6549;0.22;1.0;6.98;180;ja
733;43.6015;CEM I (Portland);8;Ultraschall + SDS;KOH 1 mol/l;6;0.5;0.0513;0.0172;0.5904;0.9;0.76;5.89;850;nein (EP 3 737 654)
734;43.6005;CEM III (Hüttensandzement);8;Ultraschall + SDS;KCl gesättigt;10;0.42;0.0553;0.0167;0.5936;0.2;1.0;5.858;400;nein (EP 3 737 654)
735;43.5967;Geopolymer (Hüttensand + NaOH/Wasserglas);8;Handrühren;KCl gesättigt;10;0.42;0.0549;0.0094;0.7255;0.22;1.0;5.7;180;ja
736;43.5718;Geopolymer (Hüttensand + NaOH/Wasserglas);15;Ultraschall + SDS;KCl 1 mol/l;3;0.5;0.0898;0.0289;0.4284;0.385;0.58;10.48;180;ja
737;43.5322;Geopolymer (Hüttensand + NaOH/Wasserglas);10;Stabmixer;Agar-Gel + KCl;6;0.35;0.074;0.0103;0.715;0.385;0.836;7.06;180;ja
738;43.5179;Geopolymer (Hüttensand + NaOH/Wasserglas);15;Handrühren;Eigene Porenlösung (ohne Zusatz);3;0.35;0.1071;0.0119;0.5225;1.1;0.638;10.08;180;ja
739;43.5119;Geopolymer (Hüttensand + NaOH/Wasserglas);15;Stabmixer;KCl gesättigt;6;0.35;0.1071;0.0248;0.5225;0.22;0.76;10.28;180;ja
740;43.4939;Geopolymer (Hüttensand + NaOH/Wasserglas);8;Handrühren;KCl gesättigt;6;0.35;0.0601;0.011;0.792;0.22;0.76;5.7;180;ja
741;43.4851;CEM III (Hüttensandzement);15;Ultraschall + SDS;KCl gesättigt;6;0.35;0.1079;0.0316;0.4275;0.2;0.76;10.338;400;nein (EP 3 737 654)
742;43.4569;CEM III (Hüttensandzement);10;Ultraschall + SDS;KCl gesättigt;3;0.35;0.0746;0.0261;0.585;0.2;0.58;7.138;400;nein (EP 3 737 654)
743;43.42;Geopolymer (Hüttensand + NaOH/Wasserglas);15;Handrühren;Eigene Porenlösung (ohne Zusatz);6;0.5;0.0898;0.0109;0.4284;1.1;0.836;10.08;180;ja
744;43.4068;Geopolymer (Hüttensand + NaOH/Wasserglas);12;Stabmixer + SDS;Agar-Gel + KCl;6;0.35;0.0875;0.0143;0.638;0.385;0.836;8.39;180;ja
745;43.3957;Geopolymer (Hüttensand + NaOH/Wasserglas);8;Stabmixer;KCl 1 mol/l;10;0.5;0.05;0.0098;0.6494;0.385;1.0;5.75;180;ja
746;43.389;CEM I (Portland);10;Stabmixer;KOH 1 mol/l;6;0.42;0.0696;0.0168;0.5954;0.9;0.76;6.92;850;nein (EP 3 737 654)
747;43.3756;CEM III (Hüttensandzement);10;Handrühren;KOH 1 mol/l;3;0.35;0.0746;0.0136;0.585;0.9;0.58;6.788;400;nein (EP 3 737 654)
748;43.3563;CEM I (Portland);15;Stabmixer + SDS;KOH 1 mol/l;6;0.5;0.092;0.0274;0.3895;0.9;0.76;10.17;850;nein (EP 3 737 654)
749;43.3457;CEM III (Hüttensandzement);10;Ultraschall + SDS;KCl 1 mol/l;10;0.42;0.0682;0.0167;0.5359;0.35;1.0;7.088;400;nein (EP 3 737 654)
750;43.3332;CEM III (Hüttensandzement);8;Handrühren;KOH 1 mol/l;6;0.42;0.0553;0.0095;0.5936;0.9;0.76;5.508;400;nein (EP 3 737 654)
751;43.3109;Geopolymer (Hüttensand + NaOH/Wasserglas);12;Stabmixer;Agar-Gel + KCl;10;0.42;0.0802;0.0106;0.5844;0.385;1.1;8.34;180;ja
752;43.3083;CEM III (Hüttensandzement);10;Stabmixer;KOH 1 mol/l;3;0.5;0.0621;0.0174;0.4797;0.9;0.58;6.888;400;nein (EP 3 737 654)
753;43.294;CEM III (Hüttensandzement);12;Ultraschall + SDS;KCl gesättigt;6;0.42;0.0807;0.0274;0.4782;0.2;0.76;8.418;400;nein (EP 3 737 654)
754;43.2913;CEM I (Portland);12;Stabmixer;KOH 1 mol/l;10;0.5;0.075;0.0174;0.4756;0.9;1.0;8.2;850;nein (EP 3 737 654)
755;43.1989;CEM III (Hüttensandzement);8;Ultraschall + SDS;Agar-Gel + KCl;10;0.35;0.0606;0.0096;0.648;0.35;1.1;5.838;400;nein (EP 3 737 654)
756;43.1989;CEM III (Hüttensandzement);8;Stabmixer;KOH 1 mol/l;6;0.5;0.0503;0.0124;0.5314;0.9;0.76;5.608;400;nein (EP 3 737 654)
757;43.1739;Geopolymer (Hüttensand + NaOH/Wasserglas);12;Stabmixer;KCl 1 mol/l;6;0.42;0.0802;0.0172;0.5844;0.385;0.76;8.31;180;ja
758;43.1485;Geopolymer (Hüttensand + NaOH/Wasserglas);10;Stabmixer + SDS;Agar-Gel + KCl;6;0.42;0.0677;0.012;0.6549;0.385;0.836;7.11;180;ja
759;43.1308;Geopolymer (Hüttensand + NaOH/Wasserglas);5;Ultraschall + SDS;KCl 1 mol/l;10;0.35;0.0384;0.0075;0.9075;0.385;1.0;4.08;180;ja
760;43.0988;CEM III (Hüttensandzement);12;Stabmixer + SDS;KCl gesättigt;10;0.42;0.0807;0.0222;0.4782;0.2;1.0;8.218;400;nein (EP 3 737 654)
761;43.0831;Geopolymer (Hüttensand + NaOH/Wasserglas);10;Handrühren;Agar-Gel + KCl;10;0.42;0.0677;0.0066;0.6549;0.385;1.1;6.96;180;ja
762;43.0544;Geopolymer (Hüttensand + NaOH/Wasserglas);10;Stabmixer;KCl gesättigt;3;0.42;0.0677;0.0197;0.6549;0.22;0.58;7.08;180;ja
763;43.0421;CEM III (Hüttensandzement);10;Stabmixer + SDS;KCl gesättigt;10;0.42;0.0682;0.0188;0.5359;0.2;1.0;6.938;400;nein (EP 3 737 654)
764;43.0394;Geopolymer (Hüttensand + NaOH/Wasserglas);12;Stabmixer;KCl 1 mol/l;3;0.35;0.0875;0.0188;0.638;0.385;0.58;8.31;180;ja
765;43.016;CEM III (Hüttensandzement);12;Ultraschall + SDS;KCl 1 mol/l;10;0.42;0.0807;0.0198;0.4782;0.35;1.0;8.368;400;nein (EP 3 737 654)
766;43.0095;Geopolymer (Hüttensand + NaOH/Wasserglas);12;Stabmixer + SDS;Agar-Gel + KCl;10;0.5;0.0731;0.0124;0.5232;0.385;1.1;8.39;180;ja
767;42.9987;CEM III (Hüttensandzement);12;Ultraschall + SDS;KCl gesättigt;10;0.5;0.0736;0.024;0.428;0.2;1.0;8.418;400;nein (EP 3 737 654)
768;42.9821;Geopolymer (Hüttensand + NaOH/Wasserglas);8;Ultraschall + SDS;KCl gesättigt;3;0.5;0.05;0.02;0.6494;0.22;0.58;6.05;180;ja
769;42.9814;Geopolymer (Hüttensand + NaOH/Wasserglas);15;Stabmixer + SDS;Agar-Gel + KCl;10;0.35;0.1071;0.0147;0.5225;0.385;1.1;10.31;180;ja
770;42.9813;Geopolymer (Hüttensand + NaOH/Wasserglas);8;Stabmixer;KCl gesättigt;10;0.5;0.05;0.0122;0.6494;0.22;1.0;5.8;180;ja
771;42.978;Geopolymer (Hüttensand + NaOH/Wasserglas);15;Ultraschall + SDS;Agar-Gel + KCl;10;0.42;0.0983;0.0164;0.4786;0.385;1.1;10.51;180;ja
772;42.963;Geopolymer (Hüttensand + NaOH/Wasserglas);12;Stabmixer;KCl gesättigt;3;0.42;0.0802;0.0234;0.5844;0.22;0.58;8.36;180;ja
773;42.9604;CEM I (Portland);8;Stabmixer;KOH 1 mol/l;6;0.42;0.0565;0.0135;0.6595;0.9;0.76;5.64;850;nein (EP 3 737 654)
774;42.9417;Geopolymer (Hüttensand + NaOH/Wasserglas);8;Stabmixer + SDS;KCl gesättigt;6;0.5;0.05;0.0164;0.6494;0.22;0.76;5.85;180;ja
775;42.9239;Geopolymer (Hüttensand + NaOH/Wasserglas);8;Handrühren;Agar-Gel + KCl;6;0.35;0.0601;0.006;0.792;0.385;0.836;5.68;180;ja
776;42.9168;CEM III (Hüttensandzement);8;Ultraschall + SDS;KCl 1 mol/l;10;0.42;0.0553;0.0134;0.5936;0.35;1.0;5.808;400;nein (EP 3 737 654)
777;42.9113;Geopolymer (Hüttensand + NaOH/Wasserglas);5;Stabmixer;KOH 1 mol/l;6;0.35;0.0384;0.0068;0.9075;0.99;0.76;3.88;180;ja
778;42.9105;Geopolymer (Hüttensand + NaOH/Wasserglas);12;Ultraschall + SDS;Agar-Gel + KCl;6;0.42;0.0802;0.0157;0.5844;0.385;0.836;8.59;180;ja
779;42.9025;CEM I (Portland);10;Ultraschall + SDS;KCl gesättigt;10;0.35;0.0763;0.0221;0.65;0.2;1.0;7.17;850;nein (EP 3 737 654)
780;42.8723;Geopolymer (Hüttensand + NaOH/Wasserglas);10;Handrühren;KCl 1 mol/l;6;0.35;0.074;0.011;0.715;0.385;0.76;6.93;180;ja
781;42.8448;Geopolymer (Hüttensand + NaOH/Wasserglas);15;Stabmixer;KCl 1 mol/l;10;0.42;0.0983;0.0179;0.4786;0.385;1.0;10.23;180;ja
782;42.8415;CEM III (Hüttensandzement);12;Stabmixer + SDS;KCl 1 mol/l;10;0.35;0.0882;0.0179;0.522;0.35;1.0;8.168;400;nein (EP 3 737 654)
783;42.8326;CEM I (Portland);12;Stabmixer + SDS;KOH 1 mol/l;3;0.5;0.075;0.0253;0.4756;0.9;0.58;8.25;850;nein (EP 3 737 654)
784;42.8311;CEM I (Portland);8;Handrühren;KOH 1 mol/l;10;0.42;0.0565;0.0088;0.6595;0.9;1.0;5.54;850;nein (EP 3 737 654)
785;42.8282;Geopolymer (Hüttensand + NaOH/Wasserglas);5;Ultraschall + SDS;KOH 1 mol/l;10;0.42;0.035;0.0075;0.8313;0.99;1.0;4.13;180;ja
786;42.8233;CEM I (Portland);15;Stabmixer;KOH 1 mol/l;10;0.42;0.1009;0.0206;0.4351;0.9;1.0;10.12;850;nein (EP 3 737 654)
787;42.8131;Geopolymer (Hüttensand + NaOH/Wasserglas);5;Ultraschall + SDS;Agar-Gel + KCl;10;0.35;0.0384;0.0052;0.9075;0.385;1.1;4.11;180;ja
788;42.8084;Geopolymer (Hüttensand + NaOH/Wasserglas);15;Stabmixer;KCl gesättigt;10;0.5;0.0898;0.0224;0.4284;0.22;1.0;10.28;180;ja
789;42.7964;CEM I (Portland);12;Stabmixer;KOH 1 mol/l;6;0.42;0.0824;0.0198;0.5313;0.9;0.76;8.2;850;nein (EP 3 737 654)
790;42.7956;CEM I (Portland);5;Ultraschall + SDS;KOH 1 mol/l;10;0.35;0.0397;0.0091;0.825;0.9;1.0;3.97;850;nein (EP 3 737 654)
791;42.7942;CEM III (Hüttensandzement);15;Ultraschall + SDS;KCl gesättigt;3;0.35;0.1079;0.0345;0.4275;0.2;0.58;10.338;400;nein (EP 3 737 654)
792;42.7864;CEM III (Hüttensandzement);15;Handrühren;KOH 1 mol/l;10;0.42;0.0989;0.0149;0.3916;0.9;1.0;9.988;400;nein (EP 3 737 654)
793;42.7749;CEM I (Portland);12;Stabmixer;KOH 1 mol/l;3;0.35;0.0902;0.0218;0.58;0.9;0.58;8.2;850;nein (EP 3 737 654)
794;42.7609;Geopolymer (Hüttensand + NaOH/Wasserglas);10;Stabmixer + SDS;Agar-Gel + KCl;3;0.35;0.074;0.0135;0.715;0.385;0.638;7.11;180;ja
795;42.731;Geopolymer (Hüttensand + NaOH/Wasserglas);10;Handrühren;KCl gesättigt;6;0.35;0.074;0.0137;0.715;0.22;0.76;6.98;180;ja
796;42.7271;CEM III (Hüttensandzement);15;Stabmixer;KOH 1 mol/l;3;0.5;0.0904;0.0246;0.3505;0.9;0.58;10.088;400;nein (EP 3 737 654)
797;42.7257;CEM III (Hüttensandzement);10;Stabmixer + SDS;KCl gesättigt;6;0.35;0.0746;0.0215;0.585;0.2;0.76;6.938;400;nein (EP 3 737 654)
798;42.7198;CEM III (Hüttensandzement);10;Ultraschall + SDS;KCl 1 mol/l;6;0.35;0.0746;0.0192;0.585;0.35;0.76;7.088;400;nein (EP 3 737 654)
799;42.7171;CEM III (Hüttensandzement);8;Handrühren;KOH 1 mol/l;10;0.5;0.0503;0.008;0.5314;0.9;1.0;5.508;400;nein (EP 3 737 654)
800;42.6813;Geopolymer (Hüttensand + NaOH/Wasserglas);10;Stabmixer;Agar-Gel + KCl;10;0.5;0.0617;0.0087;0.5863;0.385;1.1;7.06;180;ja
801;42.6669;CEM III (Hüttensandzement);15;Ultraschall + SDS;KCl gesättigt;10;0.5;0.0904;0.0285;0.3505;0.2;1.0;10.338;400;nein (EP 3 737 654)
802;42.6621;CEM III (Hüttensandzement);5;Stabmixer + SDS;KOH 1 mol/l;10;0.35;0.0388;0.0075;0.7425;0.9;1.0;3.738;400;nein (EP 3 737 654)
803;42.6281;CEM III (Hüttensandzement);12;Handrühren;KOH 1 mol/l;6;0.42;0.0807;0.0143;0.4782;0.9;0.76;8.068;400;nein (EP 3 737 654)
804;42.6222;CEM I (Portland);12;Handrühren;KOH 1 mol/l;10;0.35;0.0902;0.0132;0.58;0.9;1.0;8.1;850;nein (EP 3 737 654)
805;42.5816;Geopolymer (Hüttensand + NaOH/Wasserglas);15;Stabmixer + SDS;KCl 1 mol/l;3;0.42;0.0983;0.026;0.4786;0.385;0.58;10.28;180;ja
806;42.5694;Geopolymer (Hüttensand + NaOH/Wasserglas);8;Stabmixer + SDS;KCl 1 mol/l;6;0.5;0.05;0.0131;0.6494;0.385;0.76;5.8;180;ja
807;42.5159;CEM III (Hüttensandzement);15;Stabmixer + SDS;KCl gesättigt;10;0.35;0.1079;0.0256;0.4275;0.2;1.0;10.138;400;nein (EP 3 737 654)
808;42.5122;CEM I (Portland);10;Handrühren;KOH 1 mol/l;10;0.42;0.0696;0.0111;0.5954;0.9;1.0;6.82;850;nein (EP 3 737 654)
809;42.4729;CEM III (Hüttensandzement);10;Ultraschall + SDS;KCl gesättigt;6;0.42;0.0682;0.0232;0.5359;0.2;0.76;7.138;400;nein (EP 3 737 654)
810;42.4606;CEM III (Hüttensandzement);8;Stabmixer + SDS;Agar-Gel + KCl;10;0.35;0.0606;0.0086;0.648;0.35;1.1;5.638;400;nein (EP 3 737 654)
811;42.4347;CEM III (Hüttensandzement);8;Ultraschall + SDS;KCl 1 mol/l;6;0.35;0.0606;0.0155;0.648;0.35;0.76;5.808;400;nein (EP 3 737 654)
812;42.42;Geopolymer (Hüttensand + NaOH/Wasserglas);12;Handrühren;Agar-Gel + KCl;10;0.35;0.0875;0.0079;0.638;0.385;1.1;8.24;180;ja
813;42.4197;CEM III (Hüttensandzement);12;Stabmixer + SDS;KCl gesättigt;6;0.35;0.0882;0.0248;0.522;0.2;0.76;8.218;400;nein (EP 3 737 654)
814;42.4053;CEM III (Hüttensandzement);15;Ultraschall + SDS;KCl gesättigt;6;0.42;0.0989;0.0317;0.3916;0.2;0.76;10.338;400;nein (EP 3 737 654)
815;42.3747;Geopolymer (Hüttensand + NaOH/Wasserglas);15;Stabmixer + SDS;KCl 1 mol/l;6;0.5;0.0898;0.0238;0.4284;0.385;0.76;10.28;180;ja
816;42.3704;CEM I (Portland);8;Stabmixer;KOH 1 mol/l;10;0.5;0.0513;0.0114;0.5904;0.9;1.0;5.64;850;nein (EP 3 737 654)
817;42.3702;Geopolymer (Hüttensand + NaOH/Wasserglas);8;Stabmixer;Agar-Gel + KCl;10;0.5;0.05;0.0067;0.6494;0.385;1.1;5.78;180;ja
818;42.3676;CEM I (Portland);8;Ultraschall + SDS;KCl gesättigt;10;0.35;0.062;0.0178;0.72;0.2;1.0;5.89;850;nein (EP 3 737 654)
819;42.3399;Geopolymer (Hüttensand + NaOH/Wasserglas);5;Ultraschall + SDS;KCl gesättigt;10;0.35;0.0384;0.0094;0.9075;0.22;1.0;4.13;180;ja
820;42.308;CEM III (Hüttensandzement);8;Stabmixer;KCl 1 mol/l;10;0.35;0.0606;0.0104;0.648;0.35;1.0;5.558;400;nein (EP 3 737 654)
821;42.2981;CEM I (Portland);15;Stabmixer + SDS;KOH 1 mol/l;3;0.5;0.092;0.0299;0.3895;0.9;0.58;10.17;850;nein (EP 3 737 654)
822;42.2895;Geopolymer (Hüttensand + NaOH/Wasserglas);12;Ultraschall + SDS;Agar-Gel + KCl;3;0.35;0.0875;0.0173;0.638;0.385;0.638;8.59;180;ja
823;42.2839;CEM III (Hüttensandzement);8;Stabmixer;KCl gesättigt;10;0.35;0.0606;0.013;0.648;0.2;1.0;5.608;400;nein (EP 3 737 654)
824;42.2737;CEM I (Portland);12;Ultraschall + SDS;KCl gesättigt;10;0.35;0.0902;0.0253;0.58;0.2;1.0;8.45;850;nein (EP 3 737 654)
825;42.272;CEM III (Hüttensandzement);10;Ultraschall + SDS;KCl gesättigt;10;0.5;0.0621;0.0202;0.4797;0.2;1.0;7.138;400;nein (EP 3 737 654)
826;42.2493;CEM I (Portland);8;Handrühren;KOH 1 mol/l;6;0.35;0.062;0.0103;0.72;0.9;0.76;5.54;850;nein (EP 3 737 654)
827;42.2343;CEM III (Hüttensandzement);12;Ultraschall + SDS;KCl gesättigt;3;0.42;0.0807;0.0299;0.4782;0.2;0.58;8.418;400;nein (EP 3 737 654)
828;42.2273;Geopolymer (Hüttensand + NaOH/Wasserglas);12;Handrühren;KCl 1 mol/l;10;0.42;0.0802;0.0113;0.5844;0.385;1.0;8.21;180;ja
829;42.2219;Geopolymer (Hüttensand + NaOH/Wasserglas);15;Stabmixer;KCl gesättigt;3;0.35;0.1071;0.027;0.5225;0.22;0.58;10.28;180;ja
830;42.219;Geopolymer (Hüttensand + NaOH/Wasserglas);12;Stabmixer + SDS;KCl 1 mol/l;3;0.5;0.0731;0.0218;0.5232;0.385;0.58;8.36;180;ja
831;42.1778;Geopolymer (Hüttensand + NaOH/Wasserglas);12;Handrühren;KCl gesättigt;10;0.42;0.0802;0.0142;0.5844;0.22;1.0;8.26;180;ja
832;42.1713;Geopolymer (Hüttensand + NaOH/Wasserglas);15;Stabmixer;KCl gesättigt;6;0.42;0.0983;0.0248;0.4786;0.22;0.76;10.28;180;ja
833;42.161;CEM III (Hüttensandzement);10;Stabmixer;KCl gesättigt;10;0.35;0.0746;0.0162;0.585;0.2;1.0;6.888;400;nein (EP 3 737 654)
834;42.1538;Geopolymer (Hüttensand + NaOH/Wasserglas);15;Handrühren;Eigene Porenlösung (ohne Zusatz);3;0.42;0.0983;0.0119;0.4786;1.1;0.638;10.08;180;ja
835;42.1453;Geopolymer (Hüttensand + NaOH/Wasserglas);8;Stabmixer;Agar-Gel + KCl;6;0.42;0.0549;0.0079;0.7255;0.385;0.836;5.78;180;ja
836;42.1343;Geopolymer (Hüttensand + NaOH/Wasserglas);10;Stabmixer + SDS;KCl 1 mol/l;3;0.5;0.0617;0.0183;0.5863;0.385;0.58;7.08;180;ja
837;42.1237;CEM III (Hüttensandzement);10;Ultraschall + SDS;Agar-Gel + KCl;10;0.35;0.0746;0.0119;0.585;0.35;1.1;7.118;400;nein (EP 3 737 654)
838;42.1002;CEM I (Portland);10;Stabmixer + SDS;KOH 1 mol/l;3;0.5;0.0633;0.0213;0.533;0.9;0.58;6.97;850;nein (EP 3 737 654)
839;42.0984;CEM III (Hüttensandzement);8;Stabmixer + SDS;KCl gesättigt;10;0.42;0.0553;0.015;0.5936;0.2;1.0;5.658;400;nein (EP 3 737 654)
840;42.0976;Geopolymer (Hüttensand + NaOH/Wasserglas);8;Stabmixer;Agar-Gel + KCl;3;0.35;0.0601;0.009;0.792;0.385;0.638;5.78;180;ja
841;42.0614;CEM III (Hüttensandzement);15;Ultraschall + SDS;KCl 1 mol/l;10;0.35;0.1079;0.0228;0.4275;0.35;1.0;10.288;400;nein (EP 3 737 654)
842;42.0526;CEM III (Hüttensandzement);12;Ultraschall + SDS;KCl 1 mol/l;6;0.35;0.0882;0.0221;0.522;0.35;0.76;8.368;400;nein (EP 3 737 654)
843;42.0267;Geopolymer (Hüttensand + NaOH/Wasserglas);10;Stabmixer;KCl 1 mol/l;3;0.42;0.0677;0.0158;0.6549;0.385;0.58;7.03;180;ja
844;42.0107;Geopolymer (Hüttensand + NaOH/Wasserglas);8;Stabmixer;KCl gesättigt;3;0.42;0.0549;0.0157;0.7255;0.22;0.58;5.8;180;ja
845;41.9732;Geopolymer (Hüttensand + NaOH/Wasserglas);12;Stabmixer;KCl gesättigt;6;0.5;0.0731;0.0208;0.5232;0.22;0.76;8.36;180;ja
846;41.9569;Geopolymer (Hüttensand + NaOH/Wasserglas);10;Stabmixer;KCl gesättigt;6;0.5;0.0617;0.0175;0.5863;0.22;0.76;7.08;180;ja
847;41.9484;CEM I (Portland);8;Stabmixer + SDS;KOH 1 mol/l;6;0.5;0.0513;0.0154;0.5904;0.9;0.76;5.69;850;nein (EP 3 737 654)
848;41.9479;CEM III (Hüttensandzement);10;Stabmixer + SDS;KCl 1 mol/l;10;0.42;0.0682;0.015;0.5359;0.35;1.0;6.888;400;nein (EP 3 737 654)
849;41.9465;Geopolymer (Hüttensand + NaOH/Wasserglas);8;Ultraschall + SDS;Agar-Gel + KCl;3;0.42;0.0549;0.0116;0.7255;0.385;0.638;6.03;180;ja
850;41.9417;CEM III (Hüttensandzement);8;Stabmixer + SDS;KCl gesättigt;6;0.35;0.0606;0.0174;0.648;0.2;0.76;5.658;400;nein (EP 3 737 654)
851;41.9341;Geopolymer (Hüttensand + NaOH/Wasserglas);8;Ultraschall + SDS;KCl 1 mol/l;3;0.5;0.05;0.016;0.6494;0.385;0.58;6.0;180;ja
852;41.9245;CEM III (Hüttensandzement);12;Handrühren;KOH 1 mol/l;3;0.35;0.0882;0.0157;0.522;0.9;0.58;8.068;400;nein (EP 3 737 654)
853;41.8757;CEM III (Hüttensandzement);8;Ultraschall + SDS;KCl gesättigt;3;0.35;0.0606;0.0211;0.648;0.2;0.58;5.858;400;nein (EP 3 737 654)
854;41.7749;Geopolymer (Hüttensand + NaOH/Wasserglas);8;Stabmixer;KCl 1 mol/l;3;0.42;0.0549;0.0125;0.7255;0.385;0.58;5.75;180;ja
855;41.7432;CEM III (Hüttensandzement);8;Stabmixer + SDS;KCl 1 mol/l;10;0.42;0.0553;0.012;0.5936;0.35;1.0;5.608;400;nein (EP 3 737 654)
856;41.7193;CEM III (Hüttensandzement);15;Ultraschall + SDS;KCl gesättigt;3;0.42;0.0989;0.0345;0.3916;0.2;0.58;10.338;400;nein (EP 3 737 654)
857;41.6976;CEM I (Portland);8;Ultraschall + SDS;KOH 1 mol/l;3;0.5;0.0513;0.0187;0.5904;0.9;0.58;5.89;850;nein (EP 3 737 654)
858;41.6883;CEM III (Hüttensandzement);5;Ultraschall + SDS;KOH 1 mol/l;6;0.35;0.0388;0.0096;0.7425;0.9;0.76;3.938;400;nein (EP 3 737 654)
859;41.643;CEM I (Portland);15;Stabmixer;KOH 1 mol/l;6;0.35;0.1102;0.0228;0.475;0.9;0.76;10.12;850;nein (EP 3 737 654)
860;41.6229;Geopolymer (Hüttensand + NaOH/Wasserglas);15;Stabmixer + SDS;Agar-Gel + KCl;10;0.42;0.0983;0.0148;0.4786;0.385;1.1;10.31;180;ja
861;41.6175;Geopolymer (Hüttensand + NaOH/Wasserglas);12;Stabmixer + SDS;Agar-Gel + KCl;6;0.42;0.0802;0.0142;0.5844;0.385;0.836;8.39;180;ja
862;41.5763;Geopolymer (Hüttensand + NaOH/Wasserglas);10;Ultraschall + SDS;Agar-Gel + KCl;3;0.42;0.0677;0.0145;0.6549;0.385;0.638;7.31;180;ja
863;41.5733;CEM III (Hüttensandzement);10;Stabmixer;KCl 1 mol/l;10;0.35;0.0746;0.0129;0.585;0.35;1.0;6.838;400;nein (EP 3 737 654)
864;41.5022;Geopolymer (Hüttensand + NaOH/Wasserglas);8;Handrühren;KCl 1 mol/l;3;0.35;0.0601;0.0096;0.792;0.385;0.58;5.65;180;ja
865;41.4968;Geopolymer (Hüttensand + NaOH/Wasserglas);15;Stabmixer;KCl 1 mol/l;6;0.35;0.1071;0.0198;0.5225;0.385;0.76;10.23;180;ja
866;41.4945;Geopolymer (Hüttensand + NaOH/Wasserglas);10;Ultraschall + SDS;Agar-Gel + KCl;6;0.5;0.0617;0.0128;0.5863;0.385;0.836;7.31;180;ja
867;41.4885;CEM III (Hüttensandzement);15;Handrühren;KOH 1 mol/l;10;0.5;0.0904;0.0149;0.3505;0.9;1.0;9.988;400;nein (EP 3 737 654)
868;41.4587;CEM I (Portland);8;Ultraschall + SDS;KCl 1 mol/l;10;0.35;0.062;0.0143;0.72;0.35;1.0;5.84;850;nein (EP 3 737 654)
869;41.426;CEM III (Hüttensandzement);15;Stabmixer + SDS;KCl gesättigt;10;0.42;0.0989;0.0257;0.3916;0.2;1.0;10.138;400;nein (EP 3 737 654)
870;41.4073;CEM I (Portland);10;Stabmixer;KOH 1 mol/l;3;0.42;0.0696;0.0184;0.5954;0.9;0.58;6.92;850;nein (EP 3 737 654)
871;41.3972;Geopolymer (Hüttensand + NaOH/Wasserglas);15;Ultraschall + SDS;Agar-Gel + KCl;10;0.5;0.0898;0.0164;0.4284;0.385;1.1;10.51;180;ja
872;41.374;CEM I (Portland);15;Stabmixer;KOH 1 mol/l;10;0.5;0.092;0.0206;0.3895;0.9;1.0;10.12;850;nein (EP 3 737 654)
873;41.3697;Geopolymer (Hüttensand + NaOH/Wasserglas);10;Stabmixer;KCl 1 mol/l;6;0.5;0.0617;0.014;0.5863;0.385;0.76;7.03;180;ja
874;41.333;CEM III (Hüttensandzement);12;Stabmixer + SDS;KCl 1 mol/l;10;0.42;0.0807;0.0178;0.4782;0.35;1.0;8.168;400;nein (EP 3 737 654)
875;41.331;CEM I (Portland);10;Handrühren;KOH 1 mol/l;6;0.35;0.0763;0.0128;0.65;0.9;0.76;6.82;850;nein (EP 3 737 654)
876;41.3139;Geopolymer (Hüttensand + NaOH/Wasserglas);10;Handrühren;KCl 1 mol/l;10;0.5;0.0617;0.0092;0.5863;0.385;1.0;6.93;180;ja
877;41.2885;Geopolymer (Hüttensand + NaOH/Wasserglas);5;Stabmixer + SDS;Eigene Porenlösung (ohne Zusatz);10;0.42;0.035;0.0041;0.8313;1.1;1.1;3.83;180;ja
878;41.2825;CEM III (Hüttensandzement);10;Handrühren;KOH 1 mol/l;3;0.42;0.0682;0.0132;0.5359;0.9;0.58;6.788;400;nein (EP 3 737 654)
879;41.2632;Geopolymer (Hüttensand + NaOH/Wasserglas);15;Stabmixer;KCl 1 mol/l;10;0.5;0.0898;0.0179;0.4284;0.385;1.0;10.23;180;ja
880;41.2422;Geopolymer (Hüttensand + NaOH/Wasserglas);10;Stabmixer;Agar-Gel + KCl;6;0.42;0.0677;0.01;0.6549;0.385;0.836;7.06;180;ja
881;41.2178;Geopolymer (Hüttensand + NaOH/Wasserglas);12;Stabmixer;KCl 1 mol/l;3;0.42;0.0802;0.0187;0.5844;0.385;0.58;8.31;180;ja
882;41.2142;Geopolymer (Hüttensand + NaOH/Wasserglas);5;Stabmixer + SDS;KCl 1 mol/l;10;0.35;0.0384;0.0065;0.9075;0.385;1.0;3.88;180;ja
883;41.208;CEM III (Hüttensandzement);10;Handrühren;KOH 1 mol/l;6;0.5;0.0621;0.0116;0.4797;0.9;0.76;6.788;400;nein (EP 3 737 654)
884;41.2061;CEM III (Hüttensandzement);10;Stabmixer + SDS;Agar-Gel + KCl;10;0.35;0.0746;0.0107;0.585;0.35;1.1;6.918;400;nein (EP 3 737 654)
885;41.1691;CEM I (Portland);10;Ultraschall + SDS;KCl 1 mol/l;10;0.35;0.0763;0.0176;0.65;0.35;1.0;7.12;850;nein (EP 3 737 654)
886;41.1601;Geopolymer (Hüttensand + NaOH/Wasserglas);5;Handrühren;Eigene Porenlösung (ohne Zusatz);10;0.35;0.0384;0.0025;0.9075;1.1;1.1;3.68;180;ja
887;41.1531;CEM III (Hüttensandzement);10;Stabmixer + SDS;KCl gesättigt;3;0.35;0.0746;0.0235;0.585;0.2;0.58;6.938;400;nein (EP 3 737 654)
888;41.1519;Geopolymer (Hüttensand + NaOH/Wasserglas);12;Stabmixer;Agar-Gel + KCl;6;0.35;0.0875;0.0119;0.638;0.385;0.836;8.34;180;ja
889;41.1351;Geopolymer (Hüttensand + NaOH/Wasserglas);5;Stabmixer + SDS;Agar-Gel + KCl;10;0.35;0.0384;0.0045;0.9075;0.385;1.1;3.91;180;ja
890;41.1343;CEM III (Hüttensandzement);12;Stabmixer + SDS;KCl gesättigt;3;0.35;0.0882;0.0271;0.522;0.2;0.58;8.218;400;nein (EP 3 737 654)
891;41.1266;Geopolymer (Hüttensand + NaOH/Wasserglas);5;Stabmixer;Eigene Porenlösung (ohne Zusatz);3;0.35;0.0384;0.0046;0.9075;1.1;0.638;3.78;180;ja
892;41.1228;CEM III (Hüttensandzement);8;Stabmixer + SDS;KCl 1 mol/l;6;0.35;0.0606;0.0139;0.648;0.35;0.76;5.608;400;nein (EP 3 737 654)
893;41.11;CEM III (Hüttensandzement);15;Ultraschall + SDS;KCl gesättigt;6;0.5;0.0904;0.0317;0.3505;0.2;0.76;10.338;400;nein (EP 3 737 654)
894;41.0963;Geopolymer (Hüttensand + NaOH/Wasserglas);8;Ultraschall + SDS;Agar-Gel + KCl;6;0.5;0.05;0.0101;0.6494;0.385;0.836;6.03;180;ja
895;41.0921;CEM III (Hüttensandzement);10;Stabmixer + SDS;KCl 1 mol/l;6;0.35;0.0746;0.0172;0.585;0.35;0.76;6.888;400;nein (EP 3 737 654)
896;41.0721;CEM I (Portland);12;Stabmixer;KOH 1 mol/l;3;0.42;0.0824;0.0216;0.5313;0.9;0.58;8.2;850;nein (EP 3 737 654)
897;41.0665;CEM III (Hüttensandzement);12;Stabmixer;KCl gesättigt;10;0.35;0.0882;0.0186;0.522;0.2;1.0;8.168;400;nein (EP 3 737 654)
898;41.0474;Geopolymer (Hüttensand + NaOH/Wasserglas);12;Stabmixer;Agar-Gel + KCl;10;0.5;0.0731;0.0103;0.5232;0.385;1.1;8.34;180;ja
899;41.0441;CEM III (Hüttensandzement);10;Ultraschall + SDS;KCl gesättigt;3;0.42;0.0682;0.0253;0.5359;0.2;0.58;7.138;400;nein (EP 3 737 654)
900;41.0362;CEM III (Hüttensandzement);8;Stabmixer;Agar-Gel + KCl;10;0.35;0.0606;0.0072;0.648;0.35;1.1;5.588;400;nein (EP 3 737 654)
901;41.0306;Geopolymer (Hüttensand + NaOH/Wasserglas);8;Handrühren;KCl gesättigt;3;0.35;0.0601;0.012;0.792;0.22;0.58;5.7;180;ja
902;41.0114;Geopolymer (Hüttensand + NaOH/Wasserglas);15;Ultraschall + SDS;Agar-Gel + KCl;6;0.35;0.1071;0.0182;0.5225;0.385;0.836;10.51;180;ja
903;41.0022;Geopolymer (Hüttensand + NaOH/Wasserglas);15;Stabmixer + SDS;KCl 1 mol/l;3;0.5;0.0898;0.026;0.4284;0.385;0.58;10.28;180;ja
904;41.0006;Geopolymer (Hüttensand + NaOH/Wasserglas);8;Stabmixer + SDS;KCl gesättigt;3;0.5;0.05;0.0179;0.6494;0.22;0.58;5.85;180;ja
905;40.9933;CEM I (Portland);10;Stabmixer + SDS;KCl gesättigt;10;0.35;0.0763;0.0199;0.65;0.2;1.0;6.97;850;nein (EP 3 737 654)
906;40.9776;CEM I (Portland);12;Handrühren;KOH 1 mol/l;10;0.42;0.0824;0.0131;0.5313;0.9;1.0;8.1;850;nein (EP 3 737 654)
907;40.9668;CEM III (Hüttensandzement);15;Ultraschall + SDS;KCl 1 mol/l;10;0.42;0.0989;0.0228;0.3916;0.35;1.0;10.288;400;nein (EP 3 737 654)
908;40.964;Geopolymer (Hüttensand + NaOH/Wasserglas);10;Handrühren;Agar-Gel + KCl;6;0.35;0.074;0.0075;0.715;0.385;0.836;6.96;180;ja
909;40.9581;CEM III (Hüttensandzement);12;Ultraschall + SDS;KCl gesättigt;6;0.5;0.0736;0.0267;0.428;0.2;0.76;8.418;400;nein (EP 3 737 654)
910;40.9427;Geopolymer (Hüttensand + NaOH/Wasserglas);8;Stabmixer + SDS;Agar-Gel + KCl;3;0.42;0.0549;0.0104;0.7255;0.385;0.638;5.83;180;ja
911;40.9401;CEM I (Portland);5;Stabmixer + SDS;KOH 1 mol/l;10;0.35;0.0397;0.008;0.825;0.9;1.0;3.77;850;nein (EP 3 737 654)
912;40.9375;CEM III (Hüttensandzement);10;Ultraschall + SDS;KCl 1 mol/l;3;0.35;0.0746;0.0209;0.585;0.35;0.58;7.088;400;nein (EP 3 737 654)
913;40.9353;CEM III (Hüttensandzement);8;Stabmixer;KOH 1 mol/l;3;0.5;0.0503;0.0135;0.5314;0.9;0.58;5.608;400;nein (EP 3 737 654)
914;40.9105;CEM III (Hüttensandzement);10;Ultraschall + SDS;KCl 1 mol/l;10;0.5;0.0621;0.0161;0.4797;0.35;1.0;7.088;400;nein (EP 3 737 654)
915;40.8972;CEM III (Hüttensandzement);12;Stabmixer + SDS;KCl gesättigt;10;0.5;0.0736;0.0216;0.428;0.2;1.0;8.218;400;nein (EP 3 737 654)
916;40.8916;Geopolymer (Hüttensand + NaOH/Wasserglas);12;Handrühren;KCl gesättigt;6;0.35;0.0875;0.0158;0.638;0.22;0.76;8.26;180;ja
917;40.8856;CEM III (Hüttensandzement);12;Ultraschall + SDS;KCl 1 mol/l;10;0.5;0.0736;0.0192;0.428;0.35;1.0;8.368;400;nein (EP 3 737 654)
918;40.8853;Geopolymer (Hüttensand + NaOH/Wasserglas);15;Stabmixer;KCl gesättigt;3;0.42;0.0983;0.0271;0.4786;0.22;0.58;10.28;180;ja
919;40.8748;CEM III (Hüttensandzement);15;Handrühren;KOH 1 mol/l;6;0.35;0.1079;0.0165;0.4275;0.9;0.76;9.988;400;nein (EP 3 737 654)
920;40.8656;CEM III (Hüttensandzement);12;Stabmixer + SDS;KCl gesättigt;6;0.42;0.0807;0.0247;0.4782;0.2;0.76;8.218;400;nein (EP 3 737 654)
921;40.8612;Geopolymer (Hüttensand + NaOH/Wasserglas);8;Handrühren;KCl 1 mol/l;6;0.42;0.0549;0.0083;0.7255;0.385;0.76;5.65;180;ja
922;40.849;Geopolymer (Hüttensand + NaOH/Wasserglas);12;Stabmixer + SDS;Agar-Gel + KCl;3;0.35;0.0875;0.0155;0.638;0.385;0.638;8.39;180;ja
923;40.8343;CEM I (Portland);8;Stabmixer + SDS;KCl gesättigt;10;0.35;0.062;0.016;0.72;0.2;1.0;5.69;850;nein (EP 3 737 654)
924;40.8174;CEM III (Hüttensandzement);8;Ultraschall + SDS;KCl gesättigt;6;0.42;0.0553;0.0186;0.5936;0.2;0.76;5.858;400;nein (EP 3 737 654)
925;40.8124;Geopolymer (Hüttensand + NaOH/Wasserglas);5;Stabmixer;KOH 1 mol/l;3;0.35;0.0384;0.0074;0.9075;0.99;0.58;3.88;180;ja
926;40.7884;CEM III (Hüttensandzement);8;Handrühren;KOH 1 mol/l;3;0.42;0.0553;0.0104;0.5936;0.9;0.58;5.508;400;nein (EP 3 737 654)
927;40.7674;CEM III (Hüttensandzement);8;Ultraschall + SDS;Agar-Gel + KCl;10;0.42;0.0553;0.0092;0.5936;0.35;1.1;5.838;400;nein (EP 3 737 654)
928;40.7495;Geopolymer (Hüttensand + NaOH/Wasserglas);10;Handrühren;KCl gesättigt;10;0.5;0.0617;0.0115;0.5863;0.22;1.0;6.98;180;ja
929;40.7262;Geopolymer (Hüttensand + NaOH/Wasserglas);12;Stabmixer;KCl 1 mol/l;6;0.5;0.0731;0.0167;0.5232;0.385;0.76;8.31;180;ja
930;40.718;CEM I (Portland);8;Stabmixer;KOH 1 mol/l;3;0.42;0.0565;0.0147;0.6595;0.9;0.58;5.64;850;nein (EP 3 737 654)
931;40.6801;CEM I (Portland);10;Stabmixer;KOH 1 mol/l;6;0.5;0.0633;0.0162;0.533;0.9;0.76;6.92;850;nein (EP 3 737 654)
932;40.6637;Geopolymer (Hüttensand + NaOH/Wasserglas);12;Handrühren;Agar-Gel + KCl;10;0.42;0.0802;0.0078;0.5844;0.385;1.1;8.24;180;ja
933;40.6522;CEM I (Portland);10;Ultraschall + SDS;KCl gesättigt;6;0.35;0.0763;0.0245;0.65;0.2;0.76;7.17;850;nein (EP 3 737 654)
934;40.6509;Geopolymer (Hüttensand + NaOH/Wasserglas);15;Stabmixer;Agar-Gel + KCl;10;0.35;0.1071;0.0123;0.5225;0.385;1.1;10.26;180;ja
935;40.6483;CEM III (Hüttensandzement);15;Stabmixer + SDS;KCl gesättigt;6;0.35;0.1079;0.0285;0.4275;0.2;0.76;10.138;400;nein (EP 3 737 654)
936;40.6285;Geopolymer (Hüttensand + NaOH/Wasserglas);10;Stabmixer;Agar-Gel + KCl;3;0.35;0.074;0.0112;0.715;0.385;0.638;7.06;180;ja
937;40.6165;Geopolymer (Hüttensand + NaOH/Wasserglas);12;Handrühren;KCl 1 mol/l;6;0.35;0.0875;0.0127;0.638;0.385;0.76;8.21;180;ja
938;40.6131;CEM III (Hüttensandzement);12;Handrühren;KOH 1 mol/l;6;0.5;0.0736;0.0139;0.428;0.9;0.76;8.068;400;nein (EP 3 737 654)
939;40.5909;Geopolymer (Hüttensand + NaOH/Wasserglas);15;Stabmixer;KCl gesättigt;6;0.5;0.0898;0.0248;0.4284;0.22;0.76;10.28;180;ja
940;40.57;Geopolymer (Hüttensand + NaOH/Wasserglas);15;Handrühren;Eigene Porenlösung (ohne Zusatz);3;0.5;0.0898;0.0119;0.4284;1.1;0.638;10.08;180;ja
941;40.5494;CEM I (Portland);12;Ultraschall + SDS;KCl gesättigt;10;0.42;0.0824;0.0251;0.5313;0.2;1.0;8.45;850;nein (EP 3 737 654)
942;40.5454;CEM I (Portland);12;Stabmixer;KOH 1 mol/l;6;0.5;0.075;0.0193;0.4756;0.9;0.76;8.2;850;nein (EP 3 737 654)
943;40.5254;CEM III (Hüttensandzement);12;Ultraschall + SDS;KCl 1 mol/l;3;0.35;0.0882;0.0241;0.522;0.35;0.58;8.368;400;nein (EP 3 737 654)
944;40.525;CEM III (Hüttensandzement);10;Ultraschall + SDS;KCl 1 mol/l;6;0.42;0.0682;0.0185;0.5359;0.35;0.76;7.088;400;nein (EP 3 737 654)
945;40.5214;Geopolymer (Hüttensand + NaOH/Wasserglas);10;Handrühren;KCl 1 mol/l;6;0.42;0.0677;0.0106;0.6549;0.385;0.76;6.93;180;ja
946;40.5182;CEM III (Hüttensandzement);12;Ultraschall + SDS;KCl 1 mol/l;6;0.42;0.0807;0.0219;0.4782;0.35;0.76;8.368;400;nein (EP 3 737 654)
947;40.5173;Geopolymer (Hüttensand + NaOH/Wasserglas);12;Ultraschall + SDS;Agar-Gel + KCl;6;0.5;0.0731;0.0153;0.5232;0.385;0.836;8.59;180;ja
948;40.5118;CEM III (Hüttensandzement);10;Stabmixer + SDS;KCl gesättigt;10;0.5;0.0621;0.0181;0.4797;0.2;1.0;6.938;400;nein (EP 3 737 654)
949;40.4829;Geopolymer (Hüttensand + NaOH/Wasserglas);12;Ultraschall + SDS;Agar-Gel + KCl;3;0.42;0.0802;0.0172;0.5844;0.385;0.638;8.59;180;ja
950;40.4737;Geopolymer (Hüttensand + NaOH/Wasserglas);10;Handrühren;KCl gesättigt;3;0.35;0.074;0.0149;0.715;0.22;0.58;6.98;180;ja
951;40.4677;Geopolymer (Hüttensand + NaOH/Wasserglas);5;Ultraschall + SDS;Eigene Porenlösung (ohne Zusatz);6;0.42;0.035;0.0053;0.8313;1.1;0.836;4.03;180;ja
952;40.4471;Geopolymer (Hüttensand + NaOH/Wasserglas);10;Stabmixer + SDS;Agar-Gel + KCl;6;0.5;0.0617;0.0116;0.5863;0.385;0.836;7.11;180;ja
953;40.4449;CEM III (Hüttensandzement);10;Stabmixer + SDS;KCl gesättigt;6;0.42;0.0682;0.0209;0.5359;0.2;0.76;6.938;400;nein (EP 3 737 654)
954;40.424;CEM III (Hüttensandzement);15;Ultraschall + SDS;KCl gesättigt;3;0.5;0.0904;0.0345;0.3505;0.2;0.58;10.338;400;nein (EP 3 737 654)
955;40.4221;CEM III (Hüttensandzement);12;Handrühren;KOH 1 mol/l;3;0.42;0.0807;0.0156;0.4782;0.9;0.58;8.068;400;nein (EP 3 737 654)
956;40.4174;CEM I (Portland);10;Ultraschall + SDS;KCl gesättigt;10;0.42;0.0696;0.0213;0.5954;0.2;1.0;7.17;850;nein (EP 3 737 654)
957;40.4158;CEM I (Portland);15;Stabmixer;KOH 1 mol/l;6;0.42;0.1009;0.0229;0.4351;0.9;0.76;10.12;850;nein (EP 3 737 654)
958;40.411;Geopolymer (Hüttensand + NaOH/Wasserglas);10;Handrühren;Agar-Gel + KCl;10;0.5;0.0617;0.0063;0.5863;0.385;1.1;6.96;180;ja
959;40.394;Geopolymer (Hüttensand + NaOH/Wasserglas);10;Stabmixer + SDS;Agar-Gel + KCl;3;0.42;0.0677;0.013;0.6549;0.385;0.638;7.11;180;ja
960;40.3751;Geopolymer (Hüttensand + NaOH/Wasserglas);10;Handrühren;KCl 1 mol/l;3;0.35;0.074;0.012;0.715;0.385;0.58;6.93;180;ja
961;40.3732;CEM III (Hüttensandzement);12;Ultraschall + SDS;Agar-Gel + KCl;10;0.35;0.0882;0.0137;0.522;0.35;1.1;8.398;400;nein (EP 3 737 654)
962;40.3648;CEM I (Portland);12;Ultraschall + SDS;KCl gesättigt;6;0.35;0.0902;0.028;0.58;0.2;0.76;8.45;850;nein (EP 3 737 654)
963;40.3519;Geopolymer (Hüttensand + NaOH/Wasserglas);8;Stabmixer + SDS;KCl 1 mol/l;3;0.5;0.05;0.0143;0.6494;0.385;0.58;5.8;180;ja
964;40.3414;CEM III (Hüttensandzement);8;Ultraschall + SDS;KCl 1 mol/l;3;0.35;0.0606;0.0169;0.648;0.35;0.58;5.808;400;nein (EP 3 737 654)
965;40.3401;Geopolymer (Hüttensand + NaOH/Wasserglas);12;Stabmixer;KCl gesättigt;3;0.5;0.0731;0.0227;0.5232;0.22;0.58;8.36;180;ja
966;40.2928;Geopolymer (Hüttensand + NaOH/Wasserglas);10;Handrühren;KCl gesättigt;6;0.42;0.0677;0.0133;0.6549;0.22;0.76;6.98;180;ja
967;40.2741;CEM I (Portland);8;Stabmixer + SDS;KCl 1 mol/l;10;0.35;0.062;0.0128;0.72;0.35;1.0;5.64;850;nein (EP 3 737 654)
968;40.2658;Geopolymer (Hüttensand + NaOH/Wasserglas);5;Stabmixer + SDS;KCl gesättigt;10;0.35;0.0384;0.0082;0.9075;0.22;1.0;3.93;180;ja
969;40.2401;Geopolymer (Hüttensand + NaOH/Wasserglas);5;Stabmixer + SDS;KOH 1 mol/l;10;0.42;0.035;0.0064;0.8313;0.99;1.0;3.93;180;ja
970;40.1822;CEM I (Portland);15;Stabmixer;KOH 1 mol/l;3;0.35;0.1102;0.0249;0.475;0.9;0.58;10.12;850;nein (EP 3 737 654)
971;40.1655;CEM I (Portland);15;Ultraschall + SDS;KCl gesättigt;10;0.35;0.1102;0.0289;0.475;0.2;1.0;10.37;850;nein (EP 3 737 654)
972;40.1642;Geopolymer (Hüttensand + NaOH/Wasserglas);5;Ultraschall + SDS;KOH 1 mol/l;6;0.42;0.035;0.0083;0.8313;0.99;0.76;4.13;180;ja
973;40.1576;CEM III (Hüttensandzement);10;Ultraschall + SDS;Agar-Gel + KCl;10;0.42;0.0682;0.0115;0.5359;0.35;1.1;7.118;400;nein (EP 3 737 654)
974;40.1473;Geopolymer (Hüttensand + NaOH/Wasserglas);15;Stabmixer;KCl 1 mol/l;6;0.42;0.0983;0.0199;0.4786;0.385;0.76;10.23;180;ja
975;40.1446;CEM III (Hüttensandzement);12;Stabmixer + SDS;KCl 1 mol/l;6;0.35;0.0882;0.0199;0.522;0.35;0.76;8.168;400;nein (EP 3 737 654)
976;40.1302;CEM III (Hüttensandzement);15;Stabmixer + SDS;KCl gesättigt;10;0.5;0.0904;0.0257;0.3505;0.2;1.0;10.138;400;nein (EP 3 737 654)
977;40.1114;CEM III (Hüttensandzement);8;Ultraschall + SDS;KCl gesättigt;10;0.5;0.0503;0.0159;0.5314;0.2;1.0;5.858;400;nein (EP 3 737 654)
978;40.1085;Geopolymer (Hüttensand + NaOH/Wasserglas);8;Handrühren;KCl gesättigt;6;0.42;0.0549;0.0104;0.7255;0.22;0.76;5.7;180;ja
979;40.0998;Geopolymer (Hüttensand + NaOH/Wasserglas);8;Stabmixer + SDS;Agar-Gel + KCl;6;0.5;0.05;0.009;0.6494;0.385;0.836;5.83;180;ja
980;40.0846;CEM III (Hüttensandzement);15;Stabmixer + SDS;KCl 1 mol/l;10;0.35;0.1079;0.0205;0.4275;0.35;1.0;10.088;400;nein (EP 3 737 654)
981;40.0692;Geopolymer (Hüttensand + NaOH/Wasserglas);5;Ultraschall + SDS;KCl 1 mol/l;6;0.35;0.0384;0.0083;0.9075;0.385;0.76;4.08;180;ja
982;40.0592;Geopolymer (Hüttensand + NaOH/Wasserglas);15;Handrühren;KCl gesättigt;10;0.35;0.1071;0.0164;0.5225;0.22;1.0;10.18;180;ja
983;40.0568;CEM I (Portland);12;Stabmixer + SDS;KCl gesättigt;10;0.35;0.0902;0.0227;0.58;0.2;1.0;8.25;850;nein (EP 3 737 654)
984;40.0414;Geopolymer (Hüttensand + NaOH/Wasserglas);15;Stabmixer + SDS;Agar-Gel + KCl;10;0.5;0.0898;0.0148;0.4284;0.385;1.1;10.31;180;ja
985;40.0409;Geopolymer (Hüttensand + NaOH/Wasserglas);10;Stabmixer;KCl gesättigt;3;0.5;0.0617;0.019;0.5863;0.22;0.58;7.08;180;ja
986;40.0297;CEM III (Hüttensandzement);10;Stabmixer;KCl gesättigt;10;0.42;0.0682;0.0156;0.5359;0.2;1.0;6.888;400;nein (EP 3 737 654)
987;40.0296;Geopolymer (Hüttensand + NaOH/Wasserglas);8;Handrühren;KCl 1 mol/l;10;0.5;0.05;0.007;0.6494;0.385;1.0;5.65;180;ja
988;40.0173;CEM III (Hüttensandzement);8;Stabmixer + SDS;KCl gesättigt;3;0.35;0.0606;0.019;0.648;0.2;0.58;5.658;400;nein (EP 3 737 654)
989;40.0076;CEM III (Hüttensandzement);8;Stabmixer + SDS;Agar-Gel + KCl;10;0.42;0.0553;0.0083;0.5936;0.35;1.1;5.638;400;nein (EP 3 737 654)
990;40.0076;Geopolymer (Hüttensand + NaOH/Wasserglas);8;Stabmixer;KCl 1 mol/l;6;0.5;0.05;0.0108;0.6494;0.385;0.76;5.75;180;ja
991;39.997;CEM III (Hüttensandzement);12;Stabmixer;KCl 1 mol/l;10;0.35;0.0882;0.0149;0.522;0.35;1.0;8.118;400;nein (EP 3 737 654)
992;39.927;Geopolymer (Hüttensand + NaOH/Wasserglas);12;Handrühren;KCl 1 mol/l;10;0.5;0.0731;0.011;0.5232;0.385;1.0;8.21;180;ja
993;39.9216;CEM I (Portland);10;Handrühren;KOH 1 mol/l;10;0.5;0.0633;0.0107;0.533;0.9;1.0;6.82;850;nein (EP 3 737 654)
994;39.9176;CEM I (Portland);12;Ultraschall + SDS;KCl 1 mol/l;10;0.35;0.0902;0.0202;0.58;0.35;1.0;8.4;850;nein (EP 3 737 654)
995;39.9019;CEM I (Portland);8;Stabmixer + SDS;KOH 1 mol/l;3;0.5;0.0513;0.0167;0.5904;0.9;0.58;5.69;850;nein (EP 3 737 654)
996;39.8885;CEM III (Hüttensandzement);15;Ultraschall + SDS;KCl 1 mol/l;6;0.35;0.1079;0.0253;0.4275;0.35;0.76;10.288;400;nein (EP 3 737 654)
997;39.8413;Geopolymer (Hüttensand + NaOH/Wasserglas);8;Stabmixer;KCl gesättigt;6;0.5;0.05;0.0135;0.6494;0.22;0.76;5.8;180;ja
998;39.8328;CEM III (Hüttensandzement);12;Ultraschall + SDS;KCl gesättigt;3;0.5;0.0736;0.0291;0.428;0.2;0.58;8.418;400;nein (EP 3 737 654)
999;39.8306;CEM III (Hüttensandzement);10;Ultraschall + SDS;KCl gesättigt;6;0.5;0.0621;0.0224;0.4797;0.2;0.76;7.138;400;nein (EP 3 737 654)
1000;39.807;Geopolymer (Hüttensand + NaOH/Wasserglas);8;Handrühren;Agar-Gel + KCl;10;0.5;0.05;0.0048;0.6494;0.385;1.1;5.68;180;ja
1001;39.7967;Geopolymer (Hüttensand + NaOH/Wasserglas);12;Handrühren;KCl gesättigt;10;0.5;0.0731;0.0138;0.5232;0.22;1.0;8.26;180;ja
1002;39.7835;Geopolymer (Hüttensand + NaOH/Wasserglas);8;Handrühren;Agar-Gel + KCl;6;0.42;0.0549;0.0057;0.7255;0.385;0.836;5.68;180;ja
1003;39.7806;CEM III (Hüttensandzement);8;Ultraschall + SDS;KCl 1 mol/l;6;0.42;0.0553;0.0148;0.5936;0.35;0.76;5.808;400;nein (EP 3 737 654)
1004;39.7725;Geopolymer (Hüttensand + NaOH/Wasserglas);15;Stabmixer;KCl 1 mol/l;3;0.35;0.1071;0.0216;0.5225;0.385;0.58;10.23;180;ja
1005;39.769;CEM III (Hüttensandzement);15;Handrühren;KOH 1 mol/l;6;0.42;0.0989;0.0166;0.3916;0.9;0.76;9.988;400;nein (EP 3 737 654)
1006;39.7602;CEM I (Portland);5;Ultraschall + SDS;KOH 1 mol/l;6;0.35;0.0397;0.0101;0.825;0.9;0.76;3.97;850;nein (EP 3 737 654)
1007;39.7161;CEM I (Portland);8;Handrühren;KOH 1 mol/l;3;0.35;0.062;0.0112;0.72;0.9;0.58;5.54;850;nein (EP 3 737 654)
1008;39.6923;Geopolymer (Hüttensand + NaOH/Wasserglas);8;Handrühren;Agar-Gel + KCl;3;0.35;0.0601;0.0066;0.792;0.385;0.638;5.68;180;ja
1009;39.6896;CEM I (Portland);10;Stabmixer + SDS;KCl 1 mol/l;10;0.35;0.0763;0.0159;0.65;0.35;1.0;6.92;850;nein (EP 3 737 654)
1010;39.6819;Geopolymer (Hüttensand + NaOH/Wasserglas);15;Handrühren;KCl 1 mol/l;10;0.35;0.1071;0.0131;0.5225;0.385;1.0;10.13;180;ja
1011;39.6804;CEM III (Hüttensandzement);15;Stabmixer + SDS;KCl gesättigt;3;0.35;0.1079;0.031;0.4275;0.2;0.58;10.138;400;nein (EP 3 737 654)
1012;39.6774;CEM I (Portland);8;Ultraschall + SDS;KCl gesättigt;6;0.35;0.062;0.0198;0.72;0.2;0.76;5.89;850;nein (EP 3 737 654)
1013;39.6713;CEM III (Hüttensandzement);15;Ultraschall + SDS;KCl 1 mol/l;10;0.5;0.0904;0.0228;0.3505;0.35;1.0;10.288;400;nein (EP 3 737 654)
1014;39.6672;CEM III (Hüttensandzement);5;Stabmixer + SDS;KOH 1 mol/l;6;0.35;0.0388;0.0084;0.7425;0.9;0.76;3.738;400;nein (EP 3 737 654)
1015;39.6592;Geopolymer (Hüttensand + NaOH/Wasserglas);15;Ultraschall + SDS;Agar-Gel + KCl;6;0.42;0.0983;0.0182;0.4786;0.385;0.836;10.51;180;ja
1016;39.6512;CEM III (Hüttensandzement);8;Stabmixer;KCl 1 mol/l;10;0.42;0.0553;0.01;0.5936;0.35;1.0;5.558;400;nein (EP 3 737 654)
1017;39.5968;CEM III (Hüttensandzement);8;Ultraschall + SDS;KCl 1 mol/l;10;0.5;0.0503;0.0127;0.5314;0.35;1.0;5.808;400;nein (EP 3 737 654)
1018;39.5657;CEM III (Hüttensandzement);12;Stabmixer + SDS;KCl gesättigt;3;0.42;0.0807;0.0269;0.4782;0.2;0.58;8.218;400;nein (EP 3 737 654)
1019;39.5632;CEM III (Hüttensandzement);15;Stabmixer + SDS;KCl gesättigt;6;0.42;0.0989;0.0285;0.3916;0.2;0.76;10.138;400;nein (EP 3 737 654)
1020;39.5624;Geopolymer (Hüttensand + NaOH/Wasserglas);5;Handrühren;KOH 1 mol/l;10;0.35;0.0384;0.004;0.9075;0.99;1.0;3.78;180;ja
1021;39.5615;CEM III (Hüttensandzement);5;Ultraschall + SDS;KOH 1 mol/l;3;0.35;0.0388;0.0105;0.7425;0.9;0.58;3.938;400;nein (EP 3 737 654)
1022;39.5537;CEM III (Hüttensandzement);8;Handrühren;KCl 1 mol/l;10;0.35;0.0606;0.0076;0.648;0.35;1.0;5.458;400;nein (EP 3 737 654)
1023;39.5505;CEM III (Hüttensandzement);12;Stabmixer;KCl gesättigt;10;0.42;0.0807;0.0185;0.4782;0.2;1.0;8.168;400;nein (EP 3 737 654)
1024;39.5458;CEM III (Hüttensandzement);10;Stabmixer;KCl 1 mol/l;10;0.42;0.0682;0.0125;0.5359;0.35;1.0;6.838;400;nein (EP 3 737 654)
1025;39.5449;CEM III (Hüttensandzement);10;Stabmixer + SDS;KCl 1 mol/l;10;0.5;0.0621;0.0145;0.4797;0.35;1.0;6.888;400;nein (EP 3 737 654)
1026;39.5261;CEM III (Hüttensandzement);10;Stabmixer;Agar-Gel + KCl;10;0.35;0.0746;0.0089;0.585;0.35;1.1;6.868;400;nein (EP 3 737 654)
1027;39.5168;CEM III (Hüttensandzement);8;Stabmixer;KCl gesättigt;10;0.42;0.0553;0.0124;0.5936;0.2;1.0;5.608;400;nein (EP 3 737 654)
1028;39.4838;Geopolymer (Hüttensand + NaOH/Wasserglas);15;Stabmixer + SDS;Agar-Gel + KCl;6;0.35;0.1071;0.0164;0.5225;0.385;0.836;10.31;180;ja
1029;39.4696;CEM I (Portland);8;Ultraschall + SDS;KCl gesättigt;10;0.42;0.0565;0.0171;0.6595;0.2;1.0;5.89;850;nein (EP 3 737 654)
1030;39.4398;Geopolymer (Hüttensand + NaOH/Wasserglas);5;Ultraschall + SDS;KCl gesättigt;6;0.35;0.0384;0.0104;0.9075;0.22;0.76;4.13;180;ja
1031;39.4211;CEM I (Portland);12;Handrühren;KOH 1 mol/l;6;0.35;0.0902;0.0146;0.58;0.9;0.76;8.1;850;nein (EP 3 737 654)
1032;39.3754;Geopolymer (Hüttensand + NaOH/Wasserglas);12;Stabmixer;Agar-Gel + KCl;6;0.42;0.0802;0.0118;0.5844;0.385;0.836;8.34;180;ja
1033;39.3593;CEM I (Portland);12;Ultraschall + SDS;KCl gesättigt;3;0.35;0.0902;0.0306;0.58;0.2;0.58;8.45;850;nein (EP 3 737 654)
1034;39.3366;CEM I (Portland);10;Ultraschall + SDS;KCl gesättigt;3;0.35;0.0763;0.0267;0.65;0.2;0.58;7.17;850;nein (EP 3 737 654)
1035;39.3054;Geopolymer (Hüttensand + NaOH/Wasserglas);15;Stabmixer;KCl gesättigt;3;0.5;0.0898;0.0271;0.4284;0.22;0.58;10.28;180;ja
1036;39.2879;Geopolymer (Hüttensand + NaOH/Wasserglas);15;Stabmixer;Agar-Gel + KCl;10;0.42;0.0983;0.0123;0.4786;0.385;1.1;10.26;180;ja
1037;39.2834;CEM III (Hüttensandzement);12;Stabmixer + SDS;Agar-Gel + KCl;10;0.35;0.0882;0.0123;0.522;0.35;1.1;8.198;400;nein (EP 3 737 654)
1038;39.2814;CEM III (Hüttensandzement);10;Stabmixer;KCl gesättigt;6;0.35;0.0746;0.018;0.585;0.2;0.76;6.888;400;nein (EP 3 737 654)
1039;39.2691;CEM III (Hüttensandzement);10;Stabmixer + SDS;Agar-Gel + KCl;10;0.42;0.0682;0.0103;0.5359;0.35;1.1;6.918;400;nein (EP 3 737 654)
1040;39.2646;Geopolymer (Hüttensand + NaOH/Wasserglas);12;Stabmixer + SDS;Agar-Gel + KCl;6;0.5;0.0731;0.0138;0.5232;0.385;0.836;8.39;180;ja
1041;39.255;CEM I (Portland);8;Handrühren;KOH 1 mol/l;6;0.42;0.0565;0.0098;0.6595;0.9;0.76;5.54;850;nein (EP 3 737 654)
1042;39.252;CEM III (Hüttensandzement);12;Stabmixer + SDS;KCl 1 mol/l;10;0.5;0.0736;0.0173;0.428;0.35;1.0;8.168;400;nein (EP 3 737 654)
1043;39.2168;CEM III (Hüttensandzement);8;Handrühren;KOH 1 mol/l;6;0.5;0.0503;0.0089;0.5314;0.9;0.76;5.508;400;nein (EP 3 737 654)
1044;39.179;Geopolymer (Hüttensand + NaOH/Wasserglas);5;Ultraschall + SDS;Agar-Gel + KCl;6;0.35;0.0384;0.0057;0.9075;0.385;0.836;4.11;180;ja
1045;39.1734;CEM III (Hüttensandzement);8;Ultraschall + SDS;Agar-Gel + KCl;6;0.35;0.0606;0.0106;0.648;0.35;0.836;5.838;400;nein (EP 3 737 654)
1046;39.1498;Geopolymer (Hüttensand + NaOH/Wasserglas);10;Stabmixer;KCl 1 mol/l;3;0.5;0.0617;0.0152;0.5863;0.385;0.58;7.03;180;ja
1047;39.1422;CEM III (Hüttensandzement);10;Stabmixer + SDS;KCl 1 mol/l;3;0.35;0.0746;0.0188;0.585;0.35;0.58;6.888;400;nein (EP 3 737 654)
1048;39.142;CEM III (Hüttensandzement);8;Stabmixer + SDS;KCl gesättigt;6;0.42;0.0553;0.0167;0.5936;0.2;0.76;5.658;400;nein (EP 3 737 654)
1049;39.1309;CEM III (Hüttensandzement);8;Handrühren;Agar-Gel + KCl;10;0.35;0.0606;0.0052;0.648;0.35;1.1;5.488;400;nein (EP 3 737 654)
1050;39.1205;CEM I (Portland);8;Stabmixer;KOH 1 mol/l;6;0.5;0.0513;0.0127;0.5904;0.9;0.76;5.64;850;nein (EP 3 737 654)
1051;39.1023;Geopolymer (Hüttensand + NaOH/Wasserglas);8;Stabmixer;Agar-Gel + KCl;3;0.42;0.0549;0.0086;0.7255;0.385;0.638;5.78;180;ja
1052;39.0984;CEM I (Portland);10;Handrühren;KOH 1 mol/l;6;0.42;0.0696;0.0123;0.5954;0.9;0.76;6.82;850;nein (EP 3 737 654)
1053;39.0939;CEM III (Hüttensandzement);5;Stabmixer;KOH 1 mol/l;10;0.35;0.0388;0.0059;0.7425;0.9;1.0;3.688;400;nein (EP 3 737 654)
1054;39.0938;CEM III (Hüttensandzement);8;Stabmixer;KCl gesättigt;6;0.35;0.0606;0.0145;0.648;0.2;0.76;5.608;400;nein (EP 3 737 654)
1055;39.0837;Geopolymer (Hüttensand + NaOH/Wasserglas);12;Handrühren;KCl gesättigt;6;0.42;0.0802;0.0157;0.5844;0.22;0.76;8.26;180;ja
1056;39.0521;Geopolymer (Hüttensand + NaOH/Wasserglas);12;Stabmixer + SDS;Agar-Gel + KCl;3;0.42;0.0802;0.0154;0.5844;0.385;0.638;8.39;180;ja
1057;39.0152;CEM I (Portland);8;Ultraschall + SDS;Agar-Gel + KCl;10;0.35;0.062;0.0098;0.72;0.35;1.1;5.87;850;nein (EP 3 737 654)
1058;39.0081;CEM III (Hüttensandzement);8;Ultraschall + SDS;KCl gesättigt;3;0.42;0.0553;0.0202;0.5936;0.2;0.58;5.858;400;nein (EP 3 737 654)
1059;39.0009;Geopolymer (Hüttensand + NaOH/Wasserglas);8;Handrühren;KCl gesättigt;10;0.5;0.05;0.0087;0.6494;0.22;1.0;5.7;180;ja
1060;38.9921;CEM I (Portland);10;Handrühren;KOH 1 mol/l;3;0.35;0.0763;0.0139;0.65;0.9;0.58;6.82;850;nein (EP 3 737 654)
1061;38.986;CEM III (Hüttensandzement);15;Stabmixer + SDS;KCl 1 mol/l;10;0.42;0.0989;0.0205;0.3916;0.35;1.0;10.088;400;nein (EP 3 737 654)
1062;38.9783;CEM III (Hüttensandzement);12;Ultraschall + SDS;KCl 1 mol/l;3;0.42;0.0807;0.0239;0.4782;0.35;0.58;8.368;400;nein (EP 3 737 654)
1063;38.9656;CEM I (Portland);15;Stabmixer;KOH 1 mol/l;6;0.5;0.092;0.0229;0.3895;0.9;0.76;10.12;850;nein (EP 3 737 654)
1064;38.9579;CEM I (Portland);15;Stabmixer;KOH 1 mol/l;3;0.42;0.1009;0.0249;0.4351;0.9;0.58;10.12;850;nein (EP 3 737 654)
1065;38.9489;CEM III (Hüttensandzement);10;Stabmixer + SDS;KCl 1 mol/l;6;0.42;0.0682;0.0167;0.5359;0.35;0.76;6.888;400;nein (EP 3 737 654)
1066;38.9469;CEM I (Portland);15;Ultraschall + SDS;KCl gesättigt;10;0.42;0.1009;0.0289;0.4351;0.2;1.0;10.37;850;nein (EP 3 737 654)
1067;38.8958;CEM III (Hüttensandzement);8;Stabmixer + SDS;KCl 1 mol/l;3;0.35;0.0606;0.0152;0.648;0.35;0.58;5.608;400;nein (EP 3 737 654)
1068;38.8943;CEM III (Hüttensandzement);12;Ultraschall + SDS;Agar-Gel + KCl;10;0.42;0.0807;0.0136;0.4782;0.35;1.1;8.398;400;nein (EP 3 737 654)
1069;38.8739;CEM I (Portland);12;Handrühren;KOH 1 mol/l;10;0.5;0.075;0.0128;0.4756;0.9;1.0;8.1;850;nein (EP 3 737 654)
1070;38.861;CEM III (Hüttensandzement);15;Handrühren;KOH 1 mol/l;3;0.35;0.1079;0.018;0.4275;0.9;0.58;9.988;400;nein (EP 3 737 654)
1071;38.8548;CEM III (Hüttensandzement);8;Handrühren;KCl gesättigt;10;0.35;0.0606;0.0095;0.648;0.2;1.0;5.508;400;nein (EP 3 737 654)
1072;38.8411;CEM III (Hüttensandzement);8;Stabmixer;KCl 1 mol/l;6;0.35;0.0606;0.0116;0.648;0.35;0.76;5.558;400;nein (EP 3 737 654)
1073;38.8343;CEM I (Portland);15;Handrühren;KOH 1 mol/l;10;0.35;0.1102;0.0151;0.475;0.9;1.0;10.02;850;nein (EP 3 737 654)
1074;38.8307;CEM I (Portland);10;Ultraschall + SDS;KCl 1 mol/l;10;0.42;0.0696;0.0171;0.5954;0.35;1.0;7.12;850;nein (EP 3 737 654)
1075;38.8294;Geopolymer (Hüttensand + NaOH/Wasserglas);12;Handrühren;KCl 1 mol/l;6;0.42;0.0802;0.0126;0.5844;0.385;0.76;8.21;180;ja
1076;38.8258;Geopolymer (Hüttensand + NaOH/Wasserglas);10;Ultraschall + SDS;Agar-Gel + KCl;3;0.5;0.0617;0.014;0.5863;0.385;0.638;7.31;180;ja
1077;38.8188;Geopolymer (Hüttensand + NaOH/Wasserglas);12;Handrühren;KCl gesättigt;3;0.35;0.0875;0.0173;0.638;0.22;0.58;8.26;180;ja
1078;38.8133;CEM III (Hüttensandzement);10;Stabmixer + SDS;KCl gesättigt;3;0.42;0.0682;0.0227;0.5359;0.2;0.58;6.938;400;nein (EP 3 737 654)
1079;38.7981;CEM III (Hüttensandzement);15;Ultraschall + SDS;KCl 1 mol/l;6;0.42;0.0989;0.0253;0.3916;0.35;0.76;10.288;400;nein (EP 3 737 654)
1080;38.7961;Geopolymer (Hüttensand + NaOH/Wasserglas);15;Ultraschall + SDS;Agar-Gel + KCl;3;0.35;0.1071;0.0198;0.5225;0.385;0.638;10.51;180;ja
1081;38.7911;CEM III (Hüttensandzement);10;Handrühren;KOH 1 mol/l;3;0.5;0.0621;0.0127;0.4797;0.9;0.58;6.788;400;nein (EP 3 737 654)
1082;38.7797;CEM I (Portland);12;Stabmixer;KOH 1 mol/l;3;0.5;0.075;0.0211;0.4756;0.9;0.58;8.2;850;nein (EP 3 737 654)
1083;38.7652;CEM I (Portland);8;Handrühren;KOH 1 mol/l;10;0.5;0.0513;0.0082;0.5904;0.9;1.0;5.54;850;nein (EP 3 737 654)
1084;38.7281;Geopolymer (Hüttensand + NaOH/Wasserglas);12;Stabmixer;KCl 1 mol/l;3;0.5;0.0731;0.0182;0.5232;0.385;0.58;8.31;180;ja
1085;38.7277;Geopolymer (Hüttensand + NaOH/Wasserglas);10;Handrühren;Agar-Gel + KCl;6;0.42;0.0677;0.0073;0.6549;0.385;0.836;6.96;180;ja
1086;38.7088;CEM I (Portland);8;Ultraschall + SDS;KCl 1 mol/l;10;0.42;0.0565;0.0137;0.6595;0.35;1.0;5.84;850;nein (EP 3 737 654)
1087;38.7032;Geopolymer (Hüttensand + NaOH/Wasserglas);15;Handrühren;KCl gesättigt;10;0.42;0.0983;0.0164;0.4786;0.22;1.0;10.18;180;ja
1088;38.6908;CEM III (Hüttensandzement);10;Ultraschall + SDS;KCl 1 mol/l;3;0.42;0.0682;0.0202;0.5359;0.35;0.58;7.088;400;nein (EP 3 737 654)
1089;38.6532;CEM I (Portland);10;Stabmixer;KOH 1 mol/l;3;0.5;0.0633;0.0177;0.533;0.9;0.58;6.92;850;nein (EP 3 737 654)
1090;38.6445;CEM I (Portland);15;Ultraschall + SDS;KCl gesättigt;6;0.35;0.1102;0.0321;0.475;0.2;0.76;10.37;850;nein (EP 3 737 654)
1091;38.6435;CEM III (Hüttensandzement);15;Ultraschall + SDS;KCl 1 mol/l;3;0.35;0.1079;0.0276;0.4275;0.35;0.58;10.288;400;nein (EP 3 737 654)
1092;38.6236;CEM III (Hüttensandzement);12;Stabmixer + SDS;KCl 1 mol/l;6;0.42;0.0807;0.0197;0.4782;0.35;0.76;8.168;400;nein (EP 3 737 654)
1093;38.6206;CEM I (Portland);12;Ultraschall + SDS;KCl gesättigt;6;0.42;0.0824;0.0278;0.5313;0.2;0.76;8.45;850;nein (EP 3 737 654)
1094;38.5996;CEM III (Hüttensandzement);15;Stabmixer + SDS;KCl gesättigt;3;0.42;0.0989;0.0311;0.3916;0.2;0.58;10.138;400;nein (EP 3 737 654)
1095;38.5995;CEM III (Hüttensandzement);12;Stabmixer + SDS;KCl gesättigt;6;0.5;0.0736;0.024;0.428;0.2;0.76;8.218;400;nein (EP 3 737 654)
1096;38.574;CEM I (Portland);10;Stabmixer + SDS;KCl gesättigt;10;0.42;0.0696;0.0192;0.5954;0.2;1.0;6.97;850;nein (EP 3 737 654)
1097;38.5662;Geopolymer (Hüttensand + NaOH/Wasserglas);15;Stabmixer;KCl 1 mol/l;6;0.5;0.0898;0.0199;0.4284;0.385;0.76;10.23;180;ja
1098;38.565;CEM III (Hüttensandzement);8;Stabmixer + SDS;KCl gesättigt;10;0.5;0.0503;0.0142;0.5314;0.2;1.0;5.658;400;nein (EP 3 737 654)
1099;38.5636;Geopolymer (Hüttensand + NaOH/Wasserglas);10;Stabmixer;Agar-Gel + KCl;6;0.5;0.0617;0.0096;0.5863;0.385;0.836;7.06;180;ja
1100;38.5338;CEM III (Hüttensandzement);8;Stabmixer;Agar-Gel + KCl;10;0.42;0.0553;0.0068;0.5936;0.35;1.1;5.588;400;nein (EP 3 737 654)
1101;38.5067;CEM I (Portland);10;Stabmixer + SDS;KCl gesättigt;6;0.35;0.0763;0.022;0.65;0.2;0.76;6.97;850;nein (EP 3 737 654)
1102;38.506;CEM III (Hüttensandzement);12;Stabmixer;KCl 1 mol/l;10;0.42;0.0807;0.0148;0.4782;0.35;1.0;8.118;400;nein (EP 3 737 654)
1103;38.4713;CEM III (Hüttensandzement);15;Handrühren;KOH 1 mol/l;6;0.5;0.0904;0.0166;0.3505;0.9;0.76;9.988;400;nein (EP 3 737 654)
1104;38.4706;CEM III (Hüttensandzement);8;Stabmixer + SDS;KCl 1 mol/l;6;0.42;0.0553;0.0133;0.5936;0.35;0.76;5.608;400;nein (EP 3 737 654)
1105;38.4662;Geopolymer (Hüttensand + NaOH/Wasserglas);12;Handrühren;Agar-Gel + KCl;10;0.5;0.0731;0.0076;0.5232;0.385;1.1;8.24;180;ja
1106;38.4495;CEM III (Hüttensandzement);12;Stabmixer;KCl gesättigt;6;0.35;0.0882;0.0207;0.522;0.2;0.76;8.168;400;nein (EP 3 737 654)
1107;38.4462;CEM I (Portland);10;Ultraschall + SDS;KCl 1 mol/l;6;0.35;0.0763;0.0196;0.65;0.35;0.76;7.12;850;nein (EP 3 737 654)
1108;38.4262;Geopolymer (Hüttensand + NaOH/Wasserglas);15;Stabmixer;KCl 1 mol/l;3;0.42;0.0983;0.0217;0.4786;0.385;0.58;10.23;180;ja
1109;38.4241;CEM III (Hüttensandzement);12;Stabmixer + SDS;KCl 1 mol/l;3;0.35;0.0882;0.0217;0.522;0.35;0.58;8.168;400;nein (EP 3 737 654)
1110;38.4165;CEM III (Hüttensandzement);15;Stabmixer;KCl gesättigt;10;0.35;0.1079;0.0214;0.4275;0.2;1.0;10.088;400;nein (EP 3 737 654)
1111;38.3879;CEM I (Portland);8;Ultraschall + SDS;KCl 1 mol/l;6;0.35;0.062;0.0158;0.72;0.35;0.76;5.84;850;nein (EP 3 737 654)
1112;38.3859;Geopolymer (Hüttensand + NaOH/Wasserglas);12;Stabmixer;Agar-Gel + KCl;3;0.35;0.0875;0.013;0.638;0.385;0.638;8.34;180;ja
1113;38.3742;CEM III (Hüttensandzement);12;Handrühren;KOH 1 mol/l;3;0.5;0.0736;0.0152;0.428;0.9;0.58;8.068;400;nein (EP 3 737 654)
1114;38.3652;CEM III (Hüttensandzement);8;Stabmixer + SDS;KCl 1 mol/l;10;0.5;0.0503;0.0114;0.5314;0.35;1.0;5.608;400;nein (EP 3 737 654)
1115;38.3499;CEM I (Portland);12;Stabmixer + SDS;KCl gesättigt;10;0.42;0.0824;0.0226;0.5313;0.2;1.0;8.25;850;nein (EP 3 737 654)
1116;38.3474;CEM III (Hüttensandzement);10;Stabmixer;KCl 1 mol/l;6;0.35;0.0746;0.0144;0.585;0.35;0.76;6.838;400;nein (EP 3 737 654)
1117;38.3385;CEM III (Hüttensandzement);10;Ultraschall + SDS;KCl gesättigt;3;0.5;0.0621;0.0244;0.4797;0.2;0.58;7.138;400;nein (EP 3 737 654)
1118;38.3363;CEM III (Hüttensandzement);8;Stabmixer + SDS;Agar-Gel + KCl;6;0.35;0.0606;0.0096;0.648;0.35;0.836;5.638;400;nein (EP 3 737 654)
1119;38.3307;CEM III (Hüttensandzement);12;Ultraschall + SDS;KCl 1 mol/l;6;0.5;0.0736;0.0213;0.428;0.35;0.76;8.368;400;nein (EP 3 737 654)
1120;38.3204;CEM III (Hüttensandzement);10;Ultraschall + SDS;Agar-Gel + KCl;6;0.35;0.0746;0.0132;0.585;0.35;0.836;7.118;400;nein (EP 3 737 654)
1121;38.32;Geopolymer (Hüttensand + NaOH/Wasserglas);15;Handrühren;KCl 1 mol/l;10;0.42;0.0983;0.0131;0.4786;0.385;1.0;10.13;180;ja
1122;38.3194;CEM III (Hüttensandzement);10;Handrühren;KCl 1 mol/l;10;0.35;0.0746;0.0095;0.585;0.35;1.0;6.738;400;nein (EP 3 737 654)
1123;38.3149;Geopolymer (Hüttensand + NaOH/Wasserglas);10;Stabmixer;Agar-Gel + KCl;3;0.42;0.0677;0.0109;0.6549;0.385;0.638;7.06;180;ja
1124;38.2742;Geopolymer (Hüttensand + NaOH/Wasserglas);8;Ultraschall + SDS;Agar-Gel + KCl;3;0.5;0.05;0.011;0.6494;0.385;0.638;6.03;180;ja
1125;38.2675;CEM III (Hüttensandzement);15;Stabmixer + SDS;KCl gesättigt;6;0.5;0.0904;0.0285;0.3505;0.2;0.76;10.138;400;nein (EP 3 737 654)
1126;38.2674;CEM I (Portland);8;Stabmixer + SDS;Agar-Gel + KCl;10;0.35;0.062;0.0088;0.72;0.35;1.1;5.67;850;nein (EP 3 737 654)
1127;38.2661;Geopolymer (Hüttensand + NaOH/Wasserglas);12;Handrühren;KCl 1 mol/l;3;0.35;0.0875;0.0138;0.638;0.385;0.58;8.21;180;ja
1128;38.2546;Geopolymer (Hüttensand + NaOH/Wasserglas);5;Ultraschall + SDS;KOH 1 mol/l;3;0.42;0.035;0.0091;0.8313;0.99;0.58;4.13;180;ja
1129;38.2341;Geopolymer (Hüttensand + NaOH/Wasserglas);8;Stabmixer;Agar-Gel + KCl;6;0.5;0.05;0.0074;0.6494;0.385;0.836;5.78;180;ja
1130;38.2301;CEM I (Portland);12;Ultraschall + SDS;KCl 1 mol/l;10;0.42;0.0824;0.0201;0.5313;0.35;1.0;8.4;850;nein (EP 3 737 654)
1131;38.2239;CEM I (Portland);8;Stabmixer;KCl gesättigt;10;0.35;0.062;0.0134;0.72;0.2;1.0;5.64;850;nein (EP 3 737 654)
1132;38.2217;Geopolymer (Hüttensand + NaOH/Wasserglas);8;Handrühren;KCl 1 mol/l;3;0.42;0.0549;0.0091;0.7255;0.385;0.58;5.65;180;ja
1133;38.2004;Geopolymer (Hüttensand + NaOH/Wasserglas);5;Stabmixer + SDS;Eigene Porenlösung (ohne Zusatz);6;0.42;0.035;0.0045;0.8313;1.1;0.836;3.83;180;ja
1134;38.1924;CEM I (Portland);12;Stabmixer + SDS;KCl 1 mol/l;10;0.35;0.0902;0.0182;0.58;0.35;1.0;8.2;850;nein (EP 3 737 654)
1135;38.1873;CEM I (Portland);12;Ultraschall + SDS;KCl gesättigt;10;0.5;0.075;0.0245;0.4756;0.2;1.0;8.45;850;nein (EP 3 737 654)
1136;38.1856;CEM I (Portland);8;Stabmixer;KCl 1 mol/l;10;0.35;0.062;0.0107;0.72;0.35;1.0;5.59;850;nein (EP 3 737 654)
1137;38.1852;Geopolymer (Hüttensand + NaOH/Wasserglas);12;Handrühren;Agar-Gel + KCl;6;0.35;0.0875;0.0087;0.638;0.385;0.836;8.24;180;ja
1138;38.1697;Geopolymer (Hüttensand + NaOH/Wasserglas);5;Stabmixer + SDS;KCl 1 mol/l;6;0.35;0.0384;0.0073;0.9075;0.385;0.76;3.88;180;ja
1139;38.1287;Geopolymer (Hüttensand + NaOH/Wasserglas);5;Ultraschall + SDS;Eigene Porenlösung (ohne Zusatz);3;0.42;0.035;0.0057;0.8313;1.1;0.638;4.03;180;ja
1140;38.1282;Geopolymer (Hüttensand + NaOH/Wasserglas);15;Stabmixer + SDS;Agar-Gel + KCl;6;0.42;0.0983;0.0164;0.4786;0.385;0.836;10.31;180;ja
1141;38.0892;CEM I (Portland);10;Ultraschall + SDS;KCl gesättigt;6;0.42;0.0696;0.0237;0.5954;0.2;0.76;7.17;850;nein (EP 3 737 654)
1142;38.0788;Geopolymer (Hüttensand + NaOH/Wasserglas);15;Ultraschall + SDS;Agar-Gel + KCl;6;0.5;0.0898;0.0182;0.4284;0.385;0.836;10.51;180;ja
1143;38.0674;CEM III (Hüttensandzement);10;Handrühren;KCl gesättigt;10;0.35;0.0746;0.0119;0.585;0.2;1.0;6.788;400;nein (EP 3 737 654)
1144;38.0515;Geopolymer (Hüttensand + NaOH/Wasserglas);12;Ultraschall + SDS;Agar-Gel + KCl;3;0.5;0.0731;0.0167;0.5232;0.385;0.638;8.59;180;ja
1145;38.0387;CEM III (Hüttensandzement);10;Ultraschall + SDS;KCl 1 mol/l;6;0.5;0.0621;0.0179;0.4797;0.35;0.76;7.088;400;nein (EP 3 737 654)
1146;38.036;Geopolymer (Hüttensand + NaOH/Wasserglas);5;Stabmixer;Agar-Gel + KCl;10;0.35;0.0384;0.0035;0.9075;0.385;1.1;3.86;180;ja
1147;38.0268;Geopolymer (Hüttensand + NaOH/Wasserglas);5;Handrühren;Eigene Porenlösung (ohne Zusatz);6;0.35;0.0384;0.0028;0.9075;1.1;0.836;3.68;180;ja
1148;38.0019;Geopolymer (Hüttensand + NaOH/Wasserglas);10;Handrühren;KCl gesättigt;3;0.42;0.0677;0.0145;0.6549;0.22;0.58;6.98;180;ja
1149;37.9992;Geopolymer (Hüttensand + NaOH/Wasserglas);10;Handrühren;KCl 1 mol/l;3;0.42;0.0677;0.0116;0.6549;0.385;0.58;6.93;180;ja
1150;37.991;CEM I (Portland);15;Ultraschall + SDS;KCl gesättigt;3;0.35;0.1102;0.0349;0.475;0.2;0.58;10.37;850;nein (EP 3 737 654)
1151;37.9594;CEM I (Portland);8;Ultraschall + SDS;KCl gesättigt;3;0.35;0.062;0.0216;0.72;0.2;0.58;5.89;850;nein (EP 3 737 654)
1152;37.9574;CEM I (Portland);8;Stabmixer + SDS;KCl gesättigt;10;0.42;0.0565;0.0154;0.6595;0.2;1.0;5.69;850;nein (EP 3 737 654)
1153;37.9547;CEM I (Portland);8;Stabmixer + SDS;KCl gesättigt;6;0.35;0.062;0.0178;0.72;0.2;0.76;5.69;850;nein (EP 3 737 654)
1154;37.9012;CEM III (Hüttensandzement);10;Ultraschall + SDS;Agar-Gel + KCl;10;0.5;0.0621;0.0111;0.4797;0.35;1.1;7.118;400;nein (EP 3 737 654)
1155;37.8888;CEM I (Portland);5;Stabmixer + SDS;KOH 1 mol/l;6;0.35;0.0397;0.0088;0.825;0.9;0.76;3.77;850;nein (EP 3 737 654)
1156;37.8773;CEM I (Portland);12;Stabmixer + SDS;KCl gesättigt;6;0.35;0.0902;0.0252;0.58;0.2;0.76;8.25;850;nein (EP 3 737 654)
1157;37.8748;Geopolymer (Hüttensand + NaOH/Wasserglas);5;Ultraschall + SDS;KCl 1 mol/l;3;0.35;0.0384;0.0091;0.9075;0.385;0.58;4.08;180;ja
1158;37.8558;CEM III (Hüttensandzement);10;Stabmixer + SDS;KCl gesättigt;6;0.5;0.0621;0.0201;0.4797;0.2;0.76;6.938;400;nein (EP 3 737 654)
1159;37.8267;CEM I (Portland);10;Stabmixer;KCl gesättigt;10;0.35;0.0763;0.0165;0.65;0.2;1.0;6.92;850;nein (EP 3 737 654)
1160;37.8213;Geopolymer (Hüttensand + NaOH/Wasserglas);10;Handrühren;Agar-Gel + KCl;3;0.35;0.074;0.0082;0.715;0.385;0.638;6.96;180;ja
1161;37.8124;CEM III (Hüttensandzement);12;Stabmixer + SDS;Agar-Gel + KCl;10;0.42;0.0807;0.0122;0.4782;0.35;1.1;8.198;400;nein (EP 3 737 654)
1162;37.7959;Geopolymer (Hüttensand + NaOH/Wasserglas);5;Stabmixer;KCl 1 mol/l;10;0.35;0.0384;0.0051;0.9075;0.385;1.0;3.83;180;ja
1163;37.7667;CEM I (Portland);12;Handrühren;KOH 1 mol/l;6;0.42;0.0824;0.0145;0.5313;0.9;0.76;8.1;850;nein (EP 3 737 654)
1164;37.7577;CEM III (Hüttensandzement);15;Handrühren;KOH 1 mol/l;3;0.42;0.0989;0.018;0.3916;0.9;0.58;9.988;400;nein (EP 3 737 654)
1165;37.7246;Geopolymer (Hüttensand + NaOH/Wasserglas);10;Handrühren;KCl 1 mol/l;6;0.5;0.0617;0.0102;0.5863;0.385;0.76;6.93;180;ja
1166;37.7055;Geopolymer (Hüttensand + NaOH/Wasserglas);15;Stabmixer;Agar-Gel + KCl;10;0.5;0.0898;0.0123;0.4284;0.385;1.1;10.26;180;ja
1167;37.6902;CEM III (Hüttensandzement);15;Stabmixer + SDS;KCl 1 mol/l;10;0.5;0.0904;0.0205;0.3505;0.35;1.0;10.088;400;nein (EP 3 737 654)
1168;37.6891;CEM I (Portland);10;Ultraschall + SDS;Agar-Gel + KCl;10;0.35;0.0763;0.0121;0.65;0.35;1.1;7.15;850;nein (EP 3 737 654)
1169;37.6828;CEM III (Hüttensandzement);8;Ultraschall + SDS;Agar-Gel + KCl;10;0.5;0.0503;0.0087;0.5314;0.35;1.1;5.838;400;nein (EP 3 737 654)
1170;37.6815;Geopolymer (Hüttensand + NaOH/Wasserglas);8;Stabmixer;KCl gesättigt;3;0.5;0.05;0.0148;0.6494;0.22;0.58;5.8;180;ja
1171;37.668;Geopolymer (Hüttensand + NaOH/Wasserglas);10;Stabmixer + SDS;Agar-Gel + KCl;3;0.5;0.0617;0.0126;0.5863;0.385;0.638;7.11;180;ja
1172;37.6675;CEM III (Hüttensandzement);15;Stabmixer + SDS;KCl 1 mol/l;6;0.35;0.1079;0.0228;0.4275;0.35;0.76;10.088;400;nein (EP 3 737 654)
1173;37.6508;CEM III (Hüttensandzement);8;Ultraschall + SDS;KCl 1 mol/l;3;0.42;0.0553;0.0162;0.5936;0.35;0.58;5.808;400;nein (EP 3 737 654)
1174;37.6461;CEM I (Portland);5;Stabmixer;KOH 1 mol/l;10;0.35;0.0397;0.0063;0.825;0.9;1.0;3.72;850;nein (EP 3 737 654)
1175;37.6457;Geopolymer (Hüttensand + NaOH/Wasserglas);8;Handrühren;KCl gesättigt;3;0.42;0.0549;0.0114;0.7255;0.22;0.58;5.7;180;ja
1176;37.6353;CEM I (Portland);10;Ultraschall + SDS;KCl gesättigt;10;0.5;0.0633;0.0206;0.533;0.2;1.0;7.17;850;nein (EP 3 737 654)
1177;37.6305;CEM III (Hüttensandzement);10;Stabmixer;Agar-Gel + KCl;10;0.42;0.0682;0.0086;0.5359;0.35;1.1;6.868;400;nein (EP 3 737 654)
1178;37.6275;Geopolymer (Hüttensand + NaOH/Wasserglas);5;Stabmixer + SDS;KOH 1 mol/l;6;0.42;0.035;0.0071;0.8313;0.99;0.76;3.93;180;ja
1179;37.6228;Geopolymer (Hüttensand + NaOH/Wasserglas);8;Stabmixer;KCl 1 mol/l;3;0.5;0.05;0.0118;0.6494;0.385;0.58;5.75;180;ja
1180;37.6114;CEM I (Portland);5;Ultraschall + SDS;KOH 1 mol/l;3;0.35;0.0397;0.011;0.825;0.9;0.58;3.97;850;nein (EP 3 737 654)
1181;37.5971;CEM I (Portland);12;Ultraschall + SDS;KCl gesättigt;3;0.42;0.0824;0.0303;0.5313;0.2;0.58;8.45;850;nein (EP 3 737 654)
1182;37.5966;CEM I (Portland);15;Stabmixer + SDS;KCl gesättigt;10;0.35;0.1102;0.026;0.475;0.2;1.0;10.17;850;nein (EP 3 737 654)
1183;37.596;CEM I (Portland);15;Handrühren;KOH 1 mol/l;10;0.42;0.1009;0.0151;0.4351;0.9;1.0;10.02;850;nein (EP 3 737 654)
1184;37.5839;Geopolymer (Hüttensand + NaOH/Wasserglas);15;Handrühren;Agar-Gel + KCl;10;0.35;0.1071;0.009;0.5225;0.385;1.1;10.16;180;ja
1185;37.5623;CEM III (Hüttensandzement);10;Stabmixer;KCl gesättigt;10;0.5;0.0621;0.0151;0.4797;0.2;1.0;6.888;400;nein (EP 3 737 654)
1186;37.5614;Geopolymer (Hüttensand + NaOH/Wasserglas);5;Stabmixer + SDS;Agar-Gel + KCl;6;0.35;0.0384;0.005;0.9075;0.385;0.836;3.91;180;ja
1187;37.557;CEM III (Hüttensandzement);15;Ultraschall + SDS;KCl 1 mol/l;3;0.42;0.0989;0.0276;0.3916;0.35;0.58;10.288;400;nein (EP 3 737 654)
1188;37.5325;CEM I (Portland);8;Stabmixer + SDS;KCl 1 mol/l;10;0.42;0.0565;0.0123;0.6595;0.35;1.0;5.64;850;nein (EP 3 737 654)
1189;37.5211;CEM III (Hüttensandzement);5;Stabmixer + SDS;KOH 1 mol/l;3;0.35;0.0388;0.0091;0.7425;0.9;0.58;3.738;400;nein (EP 3 737 654)
1190;37.5069;CEM I (Portland);15;Stabmixer;KOH 1 mol/l;3;0.5;0.092;0.0249;0.3895;0.9;0.58;10.12;850;nein (EP 3 737 654)
1191;37.5027;CEM III (Hüttensandzement);15;Ultraschall + SDS;KCl 1 mol/l;6;0.5;0.0904;0.0253;0.3505;0.35;0.76;10.288;400;nein (EP 3 737 654)
1192;37.495;CEM I (Portland);15;Ultraschall + SDS;KCl gesättigt;10;0.5;0.092;0.0289;0.3895;0.2;1.0;10.37;850;nein (EP 3 737 654)
1193;37.4675;CEM I (Portland);12;Ultraschall + SDS;KCl 1 mol/l;6;0.35;0.0902;0.0224;0.58;0.35;0.76;8.4;850;nein (EP 3 737 654)
1194;37.4469;Geopolymer (Hüttensand + NaOH/Wasserglas);15;Ultraschall + SDS;Agar-Gel + KCl;3;0.42;0.0983;0.0198;0.4786;0.385;0.638;10.51;180;ja
1195;37.4419;CEM III (Hüttensandzement);12;Stabmixer;KCl gesättigt;10;0.5;0.0736;0.018;0.428;0.2;1.0;8.168;400;nein (EP 3 737 654)
1196;37.4303;CEM I (Portland);15;Ultraschall + SDS;KCl gesättigt;6;0.42;0.1009;0.0321;0.4351;0.2;0.76;10.37;850;nein (EP 3 737 654)
1197;37.4041;Geopolymer (Hüttensand + NaOH/Wasserglas);10;Handrühren;KCl gesättigt;6;0.5;0.0617;0.0128;0.5863;0.22;0.76;6.98;180;ja
1198;37.4028;CEM I (Portland);10;Stabmixer + SDS;KCl 1 mol/l;10;0.42;0.0696;0.0153;0.5954;0.35;1.0;6.92;850;nein (EP 3 737 654)
1199;37.3944;CEM III (Hüttensandzement);10;Stabmixer;KCl gesättigt;3;0.35;0.0746;0.0196;0.585;0.2;0.58;6.888;400;nein (EP 3 737 654)
1200;37.3919;Geopolymer (Hüttensand + NaOH/Wasserglas);5;Ultraschall + SDS;KCl gesättigt;3;0.35;0.0384;0.0113;0.9075;0.22;0.58;4.13;180;ja
1201;37.3575;Geopolymer (Hüttensand + NaOH/Wasserglas);5;Stabmixer + SDS;KCl gesättigt;6;0.35;0.0384;0.0091;0.9075;0.22;0.76;3.93;180;ja
1202;37.3465;CEM III (Hüttensandzement);12;Stabmixer;Agar-Gel + KCl;10;0.35;0.0882;0.0103;0.522;0.35;1.1;8.148;400;nein (EP 3 737 654)
1203;37.3224;CEM III (Hüttensandzement);10;Handrühren;Agar-Gel + KCl;10;0.35;0.0746;0.0065;0.585;0.35;1.1;6.768;400;nein (EP 3 737 654)
1204;37.3193;CEM III (Hüttensandzement);15;Stabmixer;KCl gesättigt;10;0.42;0.0989;0.0214;0.3916;0.2;1.0;10.088;400;nein (EP 3 737 654)
1205;37.304;CEM III (Hüttensandzement);15;Stabmixer + SDS;KCl gesättigt;3;0.5;0.0904;0.0311;0.3505;0.2;0.58;10.138;400;nein (EP 3 737 654)
1206;37.2938;CEM III (Hüttensandzement);8;Ultraschall + SDS;KCl gesättigt;6;0.5;0.0503;0.0176;0.5314;0.2;0.76;5.858;400;nein (EP 3 737 654)
1207;37.276;CEM III (Hüttensandzement);10;Stabmixer + SDS;Agar-Gel + KCl;6;0.35;0.0746;0.0119;0.585;0.35;0.836;6.918;400;nein (EP 3 737 654)
1208;37.243;CEM I (Portland);12;Handrühren;KOH 1 mol/l;3;0.35;0.0902;0.016;0.58;0.9;0.58;8.1;850;nein (EP 3 737 654)
1209;37.2406;CEM III (Hüttensandzement);12;Stabmixer + SDS;KCl gesättigt;3;0.5;0.0736;0.0261;0.428;0.2;0.58;8.218;400;nein (EP 3 737 654)
1210;37.2047;Geopolymer (Hüttensand + NaOH/Wasserglas);8;Stabmixer + SDS;Agar-Gel + KCl;3;0.5;0.05;0.0098;0.6494;0.385;0.638;5.83;180;ja
1211;37.1986;Geopolymer (Hüttensand + NaOH/Wasserglas);15;Handrühren;KCl gesättigt;6;0.35;0.1071;0.0182;0.5225;0.22;0.76;10.18;180;ja
1212;37.1861;CEM III (Hüttensandzement);10;Stabmixer;KCl 1 mol/l;10;0.5;0.0621;0.0121;0.4797;0.35;1.0;6.838;400;nein (EP 3 737 654)
1213;37.1738;CEM III (Hüttensandzement);8;Stabmixer + SDS;KCl gesättigt;3;0.42;0.0553;0.0182;0.5936;0.2;0.58;5.658;400;nein (EP 3 737 654)
1214;37.1673;CEM I (Portland);10;Stabmixer;KCl 1 mol/l;10;0.35;0.0763;0.0132;0.65;0.35;1.0;6.87;850;nein (EP 3 737 654)
1215;37.1551;Geopolymer (Hüttensand + NaOH/Wasserglas);5;Stabmixer;Eigene Porenlösung (ohne Zusatz);10;0.42;0.035;0.0031;0.8313;1.1;1.1;3.78;180;ja
1216;37.1203;Geopolymer (Hüttensand + NaOH/Wasserglas);15;Handrühren;KCl gesättigt;10;0.5;0.0898;0.0164;0.4284;0.22;1.0;10.18;180;ja
1217;37.1093;Geopolymer (Hüttensand + NaOH/Wasserglas);15;Stabmixer + SDS;Agar-Gel + KCl;3;0.35;0.1071;0.0178;0.5225;0.385;0.638;10.31;180;ja
1218;37.1046;CEM I (Portland);15;Ultraschall + SDS;KCl 1 mol/l;10;0.35;0.1102;0.0231;0.475;0.35;1.0;10.32;850;nein (EP 3 737 654)
1219;37.0984;CEM III (Hüttensandzement);10;Stabmixer;KCl gesättigt;6;0.42;0.0682;0.0174;0.5359;0.2;0.76;6.888;400;nein (EP 3 737 654)
1220;37.0819;Geopolymer (Hüttensand + NaOH/Wasserglas);12;Stabmixer;Agar-Gel + KCl;6;0.5;0.0731;0.0115;0.5232;0.385;0.836;8.34;180;ja
1221;37.0525;CEM I (Portland);8;Stabmixer + SDS;KCl 1 mol/l;6;0.35;0.062;0.0142;0.72;0.35;0.76;5.64;850;nein (EP 3 737 654)
1222;37.0297;CEM III (Hüttensandzement);10;Stabmixer + SDS;Agar-Gel + KCl;10;0.5;0.0621;0.01;0.4797;0.35;1.1;6.918;400;nein (EP 3 737 654)
1223;37.0152;CEM III (Hüttensandzement);15;Ultraschall + SDS;Agar-Gel + KCl;10;0.35;0.1079;0.0157;0.4275;0.35;1.1;10.318;400;nein (EP 3 737 654)
1224;37.0024;Geopolymer (Hüttensand + NaOH/Wasserglas);12;Handrühren;KCl gesättigt;3;0.42;0.0802;0.0172;0.5844;0.22;0.58;8.26;180;ja
1225;36.9804;CEM III (Hüttensandzement);12;Stabmixer;KCl 1 mol/l;6;0.35;0.0882;0.0166;0.522;0.35;0.76;8.118;400;nein (EP 3 737 654)
1226;36.9767;CEM I (Portland);10;Stabmixer + SDS;KCl gesättigt;3;0.35;0.0763;0.024;0.65;0.2;0.58;6.97;850;nein (EP 3 737 654)
1227;36.9528;CEM III (Hüttensandzement);10;Stabmixer + SDS;KCl 1 mol/l;3;0.42;0.0682;0.0182;0.5359;0.35;0.58;6.888;400;nein (EP 3 737 654)
1228;36.9314;CEM III (Hüttensandzement);12;Ultraschall + SDS;Agar-Gel + KCl;10;0.5;0.0736;0.0132;0.428;0.35;1.1;8.398;400;nein (EP 3 737 654)
1229;36.9205;CEM III (Hüttensandzement);12;Stabmixer;KCl gesättigt;6;0.42;0.0807;0.0206;0.4782;0.2;0.76;8.168;400;nein (EP 3 737 654)
1230;36.919;CEM III (Hüttensandzement);8;Stabmixer;KCl gesättigt;3;0.35;0.0606;0.0158;0.648;0.2;0.58;5.608;400;nein (EP 3 737 654)
1231;36.8916;CEM III (Hüttensandzement);12;Stabmixer + SDS;KCl 1 mol/l;3;0.42;0.0807;0.0215;0.4782;0.35;0.58;8.168;400;nein (EP 3 737 654)
1232;36.8901;Geopolymer (Hüttensand + NaOH/Wasserglas);15;Stabmixer;Agar-Gel + KCl;6;0.35;0.1071;0.0136;0.5225;0.385;0.836;10.26;180;ja
1233;36.868;CEM I (Portland);8;Stabmixer;KOH 1 mol/l;3;0.5;0.0513;0.0138;0.5904;0.9;0.58;5.64;850;nein (EP 3 737 654)
1234;36.8518;CEM III (Hüttensandzement);8;Stabmixer + SDS;Agar-Gel + KCl;10;0.5;0.0503;0.0078;0.5314;0.35;1.1;5.638;400;nein (EP 3 737 654)
1235;36.8455;Geopolymer (Hüttensand + NaOH/Wasserglas);15;Stabmixer;KCl 1 mol/l;3;0.5;0.0898;0.0217;0.4284;0.385;0.58;10.23;180;ja
1236;36.8335;CEM I (Portland);8;Stabmixer;Agar-Gel + KCl;10;0.35;0.062;0.0073;0.72;0.35;1.1;5.62;850;nein (EP 3 737 654)
1237;36.8322;Geopolymer (Hüttensand + NaOH/Wasserglas);5;Handrühren;KOH 1 mol/l;6;0.35;0.0384;0.0044;0.9075;0.99;0.76;3.78;180;ja
1238;36.8172;CEM III (Hüttensandzement);15;Stabmixer;KCl 1 mol/l;10;0.35;0.1079;0.0171;0.4275;0.35;1.0;10.038;400;nein (EP 3 737 654)
1239;36.8117;CEM III (Hüttensandzement);8;Handrühren;KCl 1 mol/l;10;0.42;0.0553;0.0072;0.5936;0.35;1.0;5.458;400;nein (EP 3 737 654)
1240;36.8015;CEM III (Hüttensandzement);12;Stabmixer;KCl gesättigt;3;0.35;0.0882;0.0226;0.522;0.2;0.58;8.168;400;nein (EP 3 737 654)
1241;36.7809;CEM I (Portland);15;Ultraschall + SDS;KCl gesättigt;3;0.42;0.1009;0.035;0.4351;0.2;0.58;10.37;850;nein (EP 3 737 654)
1242;36.7777;CEM I (Portland);10;Stabmixer + SDS;KCl 1 mol/l;6;0.35;0.0763;0.0176;0.65;0.35;0.76;6.92;850;nein (EP 3 737 654)
1243;36.7662;CEM III (Hüttensandzement);8;Stabmixer;Agar-Gel + KCl;6;0.35;0.0606;0.008;0.648;0.35;0.836;5.588;400;nein (EP 3 737 654)
1244;36.7618;CEM III (Hüttensandzement);12;Ultraschall + SDS;Agar-Gel + KCl;6;0.35;0.0882;0.0152;0.522;0.35;0.836;8.398;400;nein (EP 3 737 654)
1245;36.7467;CEM I (Portland);10;Stabmixer + SDS;Agar-Gel + KCl;10;0.35;0.0763;0.0109;0.65;0.35;1.1;6.95;850;nein (EP 3 737 654)
1246;36.7386;CEM III (Hüttensandzement);12;Ultraschall + SDS;KCl 1 mol/l;3;0.5;0.0736;0.0232;0.428;0.35;0.58;8.368;400;nein (EP 3 737 654)
1247;36.7366;Geopolymer (Hüttensand + NaOH/Wasserglas);15;Handrühren;KCl 1 mol/l;10;0.5;0.0898;0.0131;0.4284;0.385;1.0;10.13;180;ja
1248;36.735;CEM III (Hüttensandzement);8;Ultraschall + SDS;Agar-Gel + KCl;6;0.42;0.0553;0.0102;0.5936;0.35;0.836;5.838;400;nein (EP 3 737 654)
1249;36.7252;CEM I (Portland);10;Handrühren;KOH 1 mol/l;3;0.42;0.0696;0.0135;0.5954;0.9;0.58;6.82;850;nein (EP 3 737 654)
1250;36.7208;CEM I (Portland);8;Ultraschall + SDS;KCl gesättigt;6;0.42;0.0565;0.019;0.6595;0.2;0.76;5.89;850;nein (EP 3 737 654)
1251;36.7177;CEM I (Portland);8;Handrühren;KOH 1 mol/l;3;0.42;0.0565;0.0107;0.6595;0.9;0.58;5.54;850;nein (EP 3 737 654)
1252;36.7171;CEM III (Hüttensandzement);8;Handrühren;KOH 1 mol/l;3;0.5;0.0503;0.0097;0.5314;0.9;0.58;5.508;400;nein (EP 3 737 654)
1253;36.7023;CEM I (Portland);10;Ultraschall + SDS;KCl gesättigt;3;0.42;0.0696;0.0258;0.5954;0.2;0.58;7.17;850;nein (EP 3 737 654)
1254;36.7017;CEM I (Portland);10;Ultraschall + SDS;KCl 1 mol/l;3;0.35;0.0763;0.0214;0.65;0.35;0.58;7.12;850;nein (EP 3 737 654)
1255;36.665;Geopolymer (Hüttensand + NaOH/Wasserglas);12;Stabmixer + SDS;Agar-Gel + KCl;3;0.5;0.0731;0.015;0.5232;0.385;0.638;8.39;180;ja
1256;36.6617;Geopolymer (Hüttensand + NaOH/Wasserglas);12;Handrühren;KCl gesättigt;6;0.5;0.0731;0.0153;0.5232;0.22;0.76;8.26;180;ja
1257;36.6522;Geopolymer (Hüttensand + NaOH/Wasserglas);5;Stabmixer;KCl gesättigt;10;0.35;0.0384;0.0064;0.9075;0.22;1.0;3.88;180;ja
1258;36.6424;CEM III (Hüttensandzement);5;Ultraschall + SDS;KOH 1 mol/l;10;0.42;0.0353;0.0073;0.6801;0.9;1.0;3.938;400;nein (EP 3 737 654)
1259;36.6262;CEM I (Portland);12;Stabmixer + SDS;KCl gesättigt;3;0.35;0.0902;0.0275;0.58;0.2;0.58;8.25;850;nein (EP 3 737 654)
1260;36.6032;Geopolymer (Hüttensand + NaOH/Wasserglas);12;Stabmixer;Agar-Gel + KCl;3;0.42;0.0802;0.0129;0.5844;0.385;0.638;8.34;180;ja
1261;36.5883;Geopolymer (Hüttensand + NaOH/Wasserglas);8;Handrühren;Agar-Gel + KCl;3;0.42;0.0549;0.0063;0.7255;0.385;0.638;5.68;180;ja
1262;36.5727;CEM III (Hüttensandzement);15;Stabmixer + SDS;KCl 1 mol/l;6;0.42;0.0989;0.0228;0.3916;0.35;0.76;10.088;400;nein (EP 3 737 654)
1263;36.5472;Geopolymer (Hüttensand + NaOH/Wasserglas);15;Stabmixer + SDS;Agar-Gel + KCl;6;0.5;0.0898;0.0164;0.4284;0.385;0.836;10.31;180;ja
1264;36.5234;Geopolymer (Hüttensand + NaOH/Wasserglas);5;Ultraschall + SDS;Agar-Gel + KCl;3;0.35;0.0384;0.0062;0.9075;0.385;0.638;4.11;180;ja
1265;36.5187;CEM I (Portland);12;Stabmixer + SDS;KCl 1 mol/l;10;0.42;0.0824;0.018;0.5313;0.35;1.0;8.2;850;nein (EP 3 737 654)
1266;36.5086;CEM III (Hüttensandzement);8;Handrühren;Agar-Gel + KCl;10;0.42;0.0553;0.005;0.5936;0.35;1.1;5.488;400;nein (EP 3 737 654)
1267;36.5021;CEM III (Hüttensandzement);10;Stabmixer + SDS;KCl 1 mol/l;6;0.5;0.0621;0.0161;0.4797;0.35;0.76;6.888;400;nein (EP 3 737 654)
1268;36.4983;CEM III (Hüttensandzement);12;Stabmixer;KCl 1 mol/l;10;0.5;0.0736;0.0144;0.428;0.35;1.0;8.118;400;nein (EP 3 737 654)
1269;36.4974;Geopolymer (Hüttensand + NaOH/Wasserglas);12;Handrühren;KCl 1 mol/l;6;0.5;0.0731;0.0122;0.5232;0.385;0.76;8.21;180;ja
1270;36.4915;CEM III (Hüttensandzement);12;Stabmixer + SDS;KCl 1 mol/l;6;0.5;0.0736;0.0192;0.428;0.35;0.76;8.168;400;nein (EP 3 737 654)
1271;36.4821;CEM I (Portland);10;Handrühren;KOH 1 mol/l;6;0.5;0.0633;0.0119;0.533;0.9;0.76;6.82;850;nein (EP 3 737 654)
1272;36.4724;Geopolymer (Hüttensand + NaOH/Wasserglas);12;Handrühren;KCl 1 mol/l;3;0.42;0.0802;0.0137;0.5844;0.385;0.58;8.21;180;ja
1273;36.4703;Geopolymer (Hüttensand + NaOH/Wasserglas);15;Handrühren;KCl 1 mol/l;6;0.35;0.1071;0.0145;0.5225;0.385;0.76;10.13;180;ja
1274;36.4601;CEM III (Hüttensandzement);15;Handrühren;KOH 1 mol/l;3;0.5;0.0904;0.018;0.3505;0.9;0.58;9.988;400;nein (EP 3 737 654)
1275;36.4598;CEM I (Portland);8;Ultraschall + SDS;Agar-Gel + KCl;10;0.42;0.0565;0.0094;0.6595;0.35;1.1;5.87;850;nein (EP 3 737 654)
1276;36.4499;CEM III (Hüttensandzement);8;Ultraschall + SDS;KCl 1 mol/l;6;0.5;0.0503;0.0141;0.5314;0.35;0.76;5.808;400;nein (EP 3 737 654)
1277;36.4436;Geopolymer (Hüttensand + NaOH/Wasserglas);8;Handrühren;KCl 1 mol/l;6;0.5;0.05;0.0078;0.6494;0.385;0.76;5.65;180;ja
1278;36.4292;CEM I (Portland);12;Stabmixer;KCl gesättigt;10;0.35;0.0902;0.0189;0.58;0.2;1.0;8.2;850;nein (EP 3 737 654)
1279;36.4248;Geopolymer (Hüttensand + NaOH/Wasserglas);12;Handrühren;Agar-Gel + KCl;6;0.42;0.0802;0.0087;0.5844;0.385;0.836;8.24;180;ja
1280;36.4153;CEM III (Hüttensandzement);8;Stabmixer;KCl 1 mol/l;3;0.35;0.0606;0.0126;0.648;0.35;0.58;5.558;400;nein (EP 3 737 654)
1281;36.374;CEM I (Portland);15;Stabmixer + SDS;KCl gesättigt;10;0.42;0.1009;0.026;0.4351;0.2;1.0;10.17;850;nein (EP 3 737 654)
1282;36.3732;CEM III (Hüttensandzement);10;Handrühren;KCl 1 mol/l;10;0.42;0.0682;0.0092;0.5359;0.35;1.0;6.738;400;nein (EP 3 737 654)
1283;36.3457;CEM III (Hüttensandzement);12;Handrühren;KCl gesättigt;10;0.35;0.0882;0.0137;0.522;0.2;1.0;8.068;400;nein (EP 3 737 654)
1284;36.3246;CEM I (Portland);8;Ultraschall + SDS;KCl 1 mol/l;3;0.35;0.062;0.0173;0.72;0.35;0.58;5.84;850;nein (EP 3 737 654)
1285;36.3178;CEM III (Hüttensandzement);10;Ultraschall + SDS;Agar-Gel + KCl;6;0.42;0.0682;0.0127;0.5359;0.35;0.836;7.118;400;nein (EP 3 737 654)
1286;36.315;CEM III (Hüttensandzement);8;Ultraschall + SDS;Agar-Gel + KCl;3;0.35;0.0606;0.0116;0.648;0.35;0.638;5.838;400;nein (EP 3 737 654)
1287;36.3061;CEM III (Hüttensandzement);8;Stabmixer;KCl gesättigt;6;0.42;0.0553;0.0138;0.5936;0.2;0.76;5.608;400;nein (EP 3 737 654)
1288;36.28;CEM III (Hüttensandzement);10;Stabmixer;KCl 1 mol/l;6;0.42;0.0682;0.0139;0.5359;0.35;0.76;6.838;400;nein (EP 3 737 654)
1289;36.2617;CEM III (Hüttensandzement);15;Ultraschall + SDS;KCl 1 mol/l;3;0.5;0.0904;0.0276;0.3505;0.35;0.58;10.288;400;nein (EP 3 737 654)
1290;36.2442;CEM III (Hüttensandzement);12;Handrühren;KCl 1 mol/l;10;0.35;0.0882;0.0109;0.522;0.35;1.0;8.018;400;nein (EP 3 737 654)
1291;36.2155;CEM III (Hüttensandzement);5;Ultraschall + SDS;KCl 1 mol/l;10;0.35;0.0388;0.0073;0.7425;0.35;1.0;3.888;400;nein (EP 3 737 654)
1292;36.2154;CEM III (Hüttensandzement);8;Stabmixer + SDS;KCl 1 mol/l;3;0.42;0.0553;0.0145;0.5936;0.35;0.58;5.608;400;nein (EP 3 737 654)
1293;36.2148;Geopolymer (Hüttensand + NaOH/Wasserglas);15;Handrühren;Agar-Gel + KCl;10;0.42;0.0983;0.009;0.4786;0.385;1.1;10.16;180;ja
1294;36.2008;CEM III (Hüttensandzement);15;Stabmixer + SDS;KCl 1 mol/l;3;0.35;0.1079;0.0248;0.4275;0.35;0.58;10.088;400;nein (EP 3 737 654)
1295;36.1963;CEM I (Portland);10;Ultraschall + SDS;KCl 1 mol/l;10;0.5;0.0633;0.0165;0.533;0.35;1.0;7.12;850;nein (EP 3 737 654)
1296;36.1943;CEM I (Portland);12;Ultraschall + SDS;KCl gesättigt;6;0.5;0.075;0.0272;0.4756;0.2;0.76;8.45;850;nein (EP 3 737 654)
1297;36.1794;CEM III (Hüttensandzement);8;Stabmixer;KCl 1 mol/l;6;0.42;0.0553;0.0111;0.5936;0.35;0.76;5.558;400;nein (EP 3 737 654)
1298;36.1683;CEM III (Hüttensandzement);10;Stabmixer + SDS;KCl gesättigt;3;0.5;0.0621;0.022;0.4797;0.2;0.58;6.938;400;nein (EP 3 737 654)
1299;36.1609;CEM III (Hüttensandzement);8;Stabmixer;KCl 1 mol/l;10;0.5;0.0503;0.0094;0.5314;0.35;1.0;5.558;400;nein (EP 3 737 654)
1300;36.156;CEM III (Hüttensandzement);10;Ultraschall + SDS;KCl 1 mol/l;3;0.5;0.0621;0.0195;0.4797;0.35;0.58;7.088;400;nein (EP 3 737 654)
1301;36.1525;CEM I (Portland);12;Stabmixer + SDS;KCl gesättigt;6;0.42;0.0824;0.025;0.5313;0.2;0.76;8.25;850;nein (EP 3 737 654)
1302;36.1486;CEM I (Portland);15;Handrühren;KOH 1 mol/l;10;0.5;0.092;0.0151;0.3895;0.9;1.0;10.02;850;nein (EP 3 737 654)
1303;36.1461;CEM III (Hüttensandzement);10;Stabmixer;KCl 1 mol/l;3;0.35;0.0746;0.0157;0.585;0.35;0.58;6.838;400;nein (EP 3 737 654)
1304;36.1422;CEM III (Hüttensandzement);5;Stabmixer;KOH 1 mol/l;6;0.35;0.0388;0.0066;0.7425;0.9;0.76;3.688;400;nein (EP 3 737 654)
1305;36.091;CEM III (Hüttensandzement);15;Stabmixer;KCl gesättigt;6;0.35;0.1079;0.0237;0.4275;0.2;0.76;10.088;400;nein (EP 3 737 654)
1306;36.0643;CEM I (Portland);8;Stabmixer + SDS;KCl gesättigt;3;0.35;0.062;0.0194;0.72;0.2;0.58;5.69;850;nein (EP 3 737 654)
1307;36.0603;Geopolymer (Hüttensand + NaOH/Wasserglas);10;Handrühren;Agar-Gel + KCl;6;0.5;0.0617;0.007;0.5863;0.385;0.836;6.96;180;ja
1308;36.0463;CEM I (Portland);10;Ultraschall + SDS;KCl 1 mol/l;6;0.42;0.0696;0.0189;0.5954;0.35;0.76;7.12;850;nein (EP 3 737 654)
1309;36.0448;CEM III (Hüttensandzement);10;Handrühren;KCl gesättigt;10;0.42;0.0682;0.0115;0.5359;0.2;1.0;6.788;400;nein (EP 3 737 654)
1310;36.044;CEM I (Portland);12;Stabmixer + SDS;KCl gesättigt;10;0.5;0.075;0.022;0.4756;0.2;1.0;8.25;850;nein (EP 3 737 654)
1311;36.0358;CEM III (Hüttensandzement);8;Handrühren;KCl gesättigt;10;0.42;0.0553;0.009;0.5936;0.2;1.0;5.508;400;nein (EP 3 737 654)
1312;36.0229;CEM III (Hüttensandzement);15;Stabmixer;KCl gesättigt;10;0.5;0.0904;0.0214;0.3505;0.2;1.0;10.088;400;nein (EP 3 737 654)
1313;36.0178;CEM I (Portland);10;Stabmixer + SDS;KCl gesättigt;6;0.42;0.0696;0.0213;0.5954;0.2;0.76;6.97;850;nein (EP 3 737 654)
1314;35.987;CEM I (Portland);12;Ultraschall + SDS;KCl 1 mol/l;10;0.5;0.075;0.0196;0.4756;0.35;1.0;8.4;850;nein (EP 3 737 654)
1315;35.9771;CEM I (Portland);15;Ultraschall + SDS;KCl gesättigt;6;0.5;0.092;0.0321;0.3895;0.2;0.76;10.37;850;nein (EP 3 737 654)
1316;35.9722;Geopolymer (Hüttensand + NaOH/Wasserglas);5;Stabmixer + SDS;KCl 1 mol/l;3;0.35;0.0384;0.0079;0.9075;0.385;0.58;3.88;180;ja
1317;35.9708;CEM I (Portland);12;Ultraschall + SDS;KCl 1 mol/l;3;0.35;0.0902;0.0244;0.58;0.35;0.58;8.4;850;nein (EP 3 737 654)
1318;35.9505;CEM III (Hüttensandzement);5;Ultraschall + SDS;Agar-Gel + KCl;10;0.35;0.0388;0.005;0.7425;0.35;1.1;3.918;400;nein (EP 3 737 654)
1319;35.9298;Geopolymer (Hüttensand + NaOH/Wasserglas);5;Stabmixer + SDS;Eigene Porenlösung (ohne Zusatz);3;0.42;0.035;0.0049;0.8313;1.1;0.638;3.83;180;ja
1320;35.9086;CEM III (Hüttensandzement);15;Ultraschall + SDS;Agar-Gel + KCl;10;0.42;0.0989;0.0157;0.3916;0.35;1.1;10.318;400;nein (EP 3 737 654)
1321;35.9084;CEM I (Portland);8;Ultraschall + SDS;KCl gesättigt;10;0.5;0.0513;0.0163;0.5904;0.2;1.0;5.89;850;nein (EP 3 737 654)
1322;35.8959;CEM III (Hüttensandzement);8;Stabmixer;KCl gesättigt;10;0.5;0.0503;0.0117;0.5314;0.2;1.0;5.608;400;nein (EP 3 737 654)
1323;35.8871;CEM III (Hüttensandzement);12;Stabmixer;Agar-Gel + KCl;10;0.42;0.0807;0.0102;0.4782;0.35;1.1;8.148;400;nein (EP 3 737 654)
1324;35.886;CEM III (Hüttensandzement);8;Stabmixer + SDS;Agar-Gel + KCl;6;0.42;0.0553;0.0092;0.5936;0.35;0.836;5.638;400;nein (EP 3 737 654)
1325;35.8827;CEM III (Hüttensandzement);12;Stabmixer + SDS;Agar-Gel + KCl;10;0.5;0.0736;0.0119;0.428;0.35;1.1;8.198;400;nein (EP 3 737 654)
1326;35.878;CEM I (Portland);15;Ultraschall + SDS;KCl 1 mol/l;10;0.42;0.1009;0.0231;0.4351;0.35;1.0;10.32;850;nein (EP 3 737 654)
1327;35.8669;Geopolymer (Hüttensand + NaOH/Wasserglas);15;Ultraschall + SDS;Agar-Gel + KCl;3;0.5;0.0898;0.0199;0.4284;0.385;0.638;10.51;180;ja
1328;35.8637;Geopolymer (Hüttensand + NaOH/Wasserglas);5;Stabmixer;KOH 1 mol/l;10;0.42;0.035;0.0049;0.8313;0.99;1.0;3.88;180;ja
1329;35.8463;CEM I (Portland);10;Stabmixer + SDS;KCl gesättigt;10;0.5;0.0633;0.0185;0.533;0.2;1.0;6.97;850;nein (EP 3 737 654)
1330;35.8459;Geopolymer (Hüttensand + NaOH/Wasserglas);15;Handrühren;KCl gesättigt;6;0.42;0.0983;0.0182;0.4786;0.22;0.76;10.18;180;ja
1331;35.8357;CEM I (Portland);15;Handrühren;KOH 1 mol/l;6;0.35;0.1102;0.0167;0.475;0.9;0.76;10.02;850;nein (EP 3 737 654)
1332;35.8039;CEM III (Hüttensandzement);8;Handrühren;KCl 1 mol/l;6;0.35;0.0606;0.0084;0.648;0.35;0.76;5.458;400;nein (EP 3 737 654)
1333;35.7661;CEM I (Portland);15;Stabmixer + SDS;KCl gesättigt;6;0.35;0.1102;0.0288;0.475;0.2;0.76;10.17;850;nein (EP 3 737 654)
1334;35.7642;CEM I (Portland);12;Ultraschall + SDS;KCl 1 mol/l;6;0.42;0.0824;0.0223;0.5313;0.35;0.76;8.4;850;nein (EP 3 737 654)
1335;35.7564;Geopolymer (Hüttensand + NaOH/Wasserglas);15;Stabmixer + SDS;Agar-Gel + KCl;3;0.42;0.0983;0.0179;0.4786;0.385;0.638;10.31;180;ja
1336;35.7401;Geopolymer (Hüttensand + NaOH/Wasserglas);5;Stabmixer + SDS;KOH 1 mol/l;3;0.42;0.035;0.0078;0.8313;0.99;0.58;3.93;180;ja
1337;35.7317;CEM III (Hüttensandzement);15;Stabmixer + SDS;Agar-Gel + KCl;10;0.35;0.1079;0.0141;0.4275;0.35;1.1;10.118;400;nein (EP 3 737 654)
1338;35.7127;CEM III (Hüttensandzement);15;Stabmixer;KCl 1 mol/l;10;0.42;0.0989;0.0171;0.3916;0.35;1.0;10.038;400;nein (EP 3 737 654)
1339;35.7092;CEM I (Portland);5;Stabmixer + SDS;KOH 1 mol/l;3;0.35;0.0397;0.0096;0.825;0.9;0.58;3.77;850;nein (EP 3 737 654)
1340;35.7059;CEM I (Portland);8;Stabmixer + SDS;Agar-Gel + KCl;10;0.42;0.0565;0.0085;0.6595;0.35;1.1;5.67;850;nein (EP 3 737 654)
1341;35.7045;Geopolymer (Hüttensand + NaOH/Wasserglas);5;Handrühren;Eigene Porenlösung (ohne Zusatz);3;0.35;0.0384;0.003;0.9075;1.1;0.638;3.68;180;ja
1342;35.6681;CEM III (Hüttensandzement);10;Ultraschall + SDS;Agar-Gel + KCl;3;0.35;0.0746;0.0144;0.585;0.35;0.638;7.118;400;nein (EP 3 737 654)
1343;35.6589;CEM I (Portland);12;Ultraschall + SDS;Agar-Gel + KCl;10;0.35;0.0902;0.0139;0.58;0.35;1.1;8.43;850;nein (EP 3 737 654)
1344;35.6311;CEM I (Portland);12;Handrühren;KOH 1 mol/l;6;0.5;0.075;0.0142;0.4756;0.9;0.76;8.1;850;nein (EP 3 737 654)
1345;35.6203;Geopolymer (Hüttensand + NaOH/Wasserglas);10;Stabmixer;Agar-Gel + KCl;3;0.5;0.0617;0.0105;0.5863;0.385;0.638;7.06;180;ja
1346;35.5977;CEM I (Portland);8;Ultraschall + SDS;KCl 1 mol/l;6;0.42;0.0565;0.0152;0.6595;0.35;0.76;5.84;850;nein (EP 3 737 654)
1347;35.5909;CEM III (Hüttensandzement);8;Stabmixer + SDS;KCl gesättigt;6;0.5;0.0503;0.0158;0.5314;0.2;0.76;5.658;400;nein (EP 3 737 654)
1348;35.5886;Geopolymer (Hüttensand + NaOH/Wasserglas);8;Handrühren;KCl gesättigt;6;0.5;0.05;0.0097;0.6494;0.22;0.76;5.7;180;ja
1349;35.5794;CEM I (Portland);12;Handrühren;KOH 1 mol/l;3;0.42;0.0824;0.0158;0.5313;0.9;0.58;8.1;850;nein (EP 3 737 654)
1350;35.5758;Geopolymer (Hüttensand + NaOH/Wasserglas);8;Handrühren;Agar-Gel + KCl;6;0.5;0.05;0.0053;0.6494;0.385;0.836;5.68;180;ja
1351;35.5748;CEM III (Hüttensandzement);5;Ultraschall + SDS;KCl gesättigt;10;0.35;0.0388;0.0091;0.7425;0.2;1.0;3.938;400;nein (EP 3 737 654)
1352;35.5717;Geopolymer (Hüttensand + NaOH/Wasserglas);10;Handrühren;Agar-Gel + KCl;3;0.42;0.0677;0.0079;0.6549;0.385;0.638;6.96;180;ja
1353;35.5353;CEM I (Portland);10;Ultraschall + SDS;Agar-Gel + KCl;10;0.42;0.0696;0.0117;0.5954;0.35;1.1;7.15;850;nein (EP 3 737 654)
1354;35.5295;Geopolymer (Hüttensand + NaOH/Wasserglas);15;Stabmixer;Agar-Gel + KCl;6;0.42;0.0983;0.0137;0.4786;0.385;0.836;10.26;180;ja
1355;35.5258;CEM I (Portland);12;Stabmixer + SDS;KCl 1 mol/l;6;0.35;0.0902;0.0202;0.58;0.35;0.76;8.2;850;nein (EP 3 737 654)
1356;35.5256;CEM III (Hüttensandzement);12;Stabmixer + SDS;Agar-Gel + KCl;6;0.35;0.0882;0.0137;0.522;0.35;0.836;8.198;400;nein (EP 3 737 654)
1357;35.505;CEM I (Portland);10;Stabmixer;KCl gesättigt;10;0.42;0.0696;0.016;0.5954;0.2;1.0;6.92;850;nein (EP 3 737 654)
1358;35.4793;CEM III (Hüttensandzement);12;Stabmixer;KCl 1 mol/l;6;0.42;0.0807;0.0164;0.4782;0.35;0.76;8.118;400;nein (EP 3 737 654)
1359;35.4748;CEM III (Hüttensandzement);10;Handrühren;Agar-Gel + KCl;10;0.42;0.0682;0.0063;0.5359;0.35;1.1;6.768;400;nein (EP 3 737 654)
1360;35.4456;CEM I (Portland);8;Stabmixer;KCl 1 mol/l;10;0.42;0.0565;0.0102;0.6595;0.35;1.0;5.59;850;nein (EP 3 737 654)
1361;35.4399;CEM III (Hüttensandzement);8;Ultraschall + SDS;KCl gesättigt;3;0.5;0.0503;0.0192;0.5314;0.2;0.58;5.858;400;nein (EP 3 737 654)
1362;35.4125;CEM I (Portland);8;Handrühren;KCl 1 mol/l;10;0.35;0.062;0.0078;0.72;0.35;1.0;5.49;850;nein (EP 3 737 654)
1363;35.4114;CEM III (Hüttensandzement);10;Stabmixer;Agar-Gel + KCl;10;0.5;0.0621;0.0083;0.4797;0.35;1.1;6.868;400;nein (EP 3 737 654)
1364;35.4061;CEM III (Hüttensandzement);10;Stabmixer;Agar-Gel + KCl;6;0.35;0.0746;0.0099;0.585;0.35;0.836;6.868;400;nein (EP 3 737 654)
1365;35.3875;CEM III (Hüttensandzement);8;Stabmixer + SDS;Agar-Gel + KCl;3;0.35;0.0606;0.0104;0.648;0.35;0.638;5.638;400;nein (EP 3 737 654)
1366;35.3695;CEM I (Portland);8;Stabmixer;KCl gesättigt;10;0.42;0.0565;0.0128;0.6595;0.2;1.0;5.64;850;nein (EP 3 737 654)
1367;35.3295;Geopolymer (Hüttensand + NaOH/Wasserglas);15;Handrühren;KCl gesättigt;3;0.35;0.1071;0.0198;0.5225;0.22;0.58;10.18;180;ja
1368;35.3265;CEM I (Portland);15;Ultraschall + SDS;KCl gesättigt;3;0.5;0.092;0.035;0.3895;0.2;0.58;10.37;850;nein (EP 3 737 654)
1369;35.3197;CEM I (Portland);8;Ultraschall + SDS;KCl 1 mol/l;10;0.5;0.0513;0.013;0.5904;0.35;1.0;5.84;850;nein (EP 3 737 654)
1370;35.3072;CEM III (Hüttensandzement);10;Stabmixer + SDS;Agar-Gel + KCl;6;0.42;0.0682;0.0115;0.5359;0.35;0.836;6.918;400;nein (EP 3 737 654)
1371;35.3062;CEM III (Hüttensandzement);8;Handrühren;KCl gesättigt;6;0.35;0.0606;0.0106;0.648;0.2;0.76;5.508;400;nein (EP 3 737 654)
1372;35.3024;CEM I (Portland);12;Stabmixer;KCl 1 mol/l;10;0.35;0.0902;0.0152;0.58;0.35;1.0;8.15;850;nein (EP 3 737 654)
1373;35.2836;Geopolymer (Hüttensand + NaOH/Wasserglas);5;Stabmixer + SDS;KCl gesättigt;3;0.35;0.0384;0.0099;0.9075;0.22;0.58;3.93;180;ja
1374;35.277;CEM III (Hüttensandzement);15;Stabmixer + SDS;KCl 1 mol/l;6;0.5;0.0904;0.0228;0.3505;0.35;0.76;10.088;400;nein (EP 3 737 654)
1375;35.2736;CEM III (Hüttensandzement);12;Ultraschall + SDS;Agar-Gel + KCl;6;0.42;0.0807;0.0151;0.4782;0.35;0.836;8.398;400;nein (EP 3 737 654)
1376;35.2605;CEM III (Hüttensandzement);12;Stabmixer;KCl gesättigt;3;0.42;0.0807;0.0224;0.4782;0.2;0.58;8.168;400;nein (EP 3 737 654)
1377;35.2528;CEM I (Portland);8;Handrühren;KOH 1 mol/l;6;0.5;0.0513;0.0091;0.5904;0.9;0.76;5.54;850;nein (EP 3 737 654)
1378;35.2419;CEM III (Hüttensandzement);8;Stabmixer;Agar-Gel + KCl;10;0.5;0.0503;0.0064;0.5314;0.35;1.1;5.588;400;nein (EP 3 737 654)
1379;35.2394;Geopolymer (Hüttensand + NaOH/Wasserglas);8;Stabmixer;Agar-Gel + KCl;3;0.5;0.05;0.0081;0.6494;0.385;0.638;5.78;180;ja
1380;35.2339;CEM I (Portland);10;Ultraschall + SDS;KCl gesättigt;6;0.5;0.0633;0.0228;0.533;0.2;0.76;7.17;850;nein (EP 3 737 654)
1381;35.1862;Geopolymer (Hüttensand + NaOH/Wasserglas);10;Handrühren;KCl 1 mol/l;3;0.5;0.0617;0.0111;0.5863;0.385;0.58;6.93;180;ja
1382;35.1632;CEM III (Hüttensandzement);10;Stabmixer;KCl gesättigt;3;0.42;0.0682;0.0189;0.5359;0.2;0.58;6.888;400;nein (EP 3 737 654)
1383;35.1417;Geopolymer (Hüttensand + NaOH/Wasserglas);12;Handrühren;Agar-Gel + KCl;3;0.35;0.0875;0.0095;0.638;0.385;0.638;8.24;180;ja
1384;35.1121;CEM I (Portland);12;Ultraschall + SDS;KCl gesättigt;3;0.5;0.075;0.0296;0.4756;0.2;0.58;8.45;850;nein (EP 3 737 654)
1385;35.1111;Geopolymer (Hüttensand + NaOH/Wasserglas);15;Handrühren;KCl 1 mol/l;6;0.42;0.0983;0.0146;0.4786;0.385;0.76;10.13;180;ja
1386;35.1095;CEM III (Hüttensandzement);15;Stabmixer + SDS;KCl 1 mol/l;3;0.42;0.0989;0.0249;0.3916;0.35;0.58;10.088;400;nein (EP 3 737 654)
1387;35.098;CEM III (Hüttensandzement);8;Stabmixer + SDS;KCl 1 mol/l;6;0.5;0.0503;0.0126;0.5314;0.35;0.76;5.608;400;nein (EP 3 737 654)
1388;35.0979;CEM I (Portland);15;Stabmixer + SDS;KCl 1 mol/l;10;0.35;0.1102;0.0208;0.475;0.35;1.0;10.12;850;nein (EP 3 737 654)
1389;35.087;Geopolymer (Hüttensand + NaOH/Wasserglas);10;Handrühren;KCl gesättigt;3;0.5;0.0617;0.0139;0.5863;0.22;0.58;6.98;180;ja
1390;35.0622;CEM I (Portland);8;Stabmixer;KCl gesättigt;6;0.35;0.062;0.0148;0.72;0.2;0.76;5.64;850;nein (EP 3 737 654)
1391;35.0443;CEM I (Portland);5;Ultraschall + SDS;KOH 1 mol/l;10;0.42;0.0361;0.0077;0.7557;0.9;1.0;3.97;850;nein (EP 3 737 654)
1392;35.0302;CEM I (Portland);8;Stabmixer + SDS;KCl gesättigt;6;0.42;0.0565;0.0171;0.6595;0.2;0.76;5.69;850;nein (EP 3 737 654)
1393;35.0302;CEM I (Portland);10;Stabmixer;Agar-Gel + KCl;10;0.35;0.0763;0.0091;0.65;0.35;1.1;6.9;850;nein (EP 3 737 654)
1394;35.0212;Geopolymer (Hüttensand + NaOH/Wasserglas);5;Ultraschall + SDS;KCl 1 mol/l;10;0.42;0.035;0.0063;0.8313;0.385;1.0;4.08;180;ja
1395;35.0093;CEM I (Portland);8;Ultraschall + SDS;Agar-Gel + KCl;6;0.35;0.062;0.0109;0.72;0.35;0.836;5.87;850;nein (EP 3 737 654)
1396;34.9991;Geopolymer (Hüttensand + NaOH/Wasserglas);5;Ultraschall + SDS;Agar-Gel + KCl;10;0.42;0.035;0.0043;0.8313;0.385;1.1;4.11;180;ja
1397;34.9977;CEM III (Hüttensandzement);15;Stabmixer;KCl gesättigt;6;0.42;0.0989;0.0238;0.3916;0.2;0.76;10.088;400;nein (EP 3 737 654)
1398;34.9858;CEM I (Portland);10;Stabmixer;KCl gesättigt;6;0.35;0.0763;0.0184;0.65;0.2;0.76;6.92;850;nein (EP 3 737 654)
1399;34.9697;CEM III (Hüttensandzement);12;Stabmixer;KCl 1 mol/l;3;0.35;0.0882;0.018;0.522;0.35;0.58;8.118;400;nein (EP 3 737 654)
1400;34.9647;CEM I (Portland);15;Ultraschall + SDS;KCl 1 mol/l;6;0.35;0.1102;0.0256;0.475;0.35;0.76;10.32;850;nein (EP 3 737 654)
1401;34.9567;CEM I (Portland);10;Stabmixer;KCl 1 mol/l;10;0.42;0.0696;0.0128;0.5954;0.35;1.0;6.87;850;nein (EP 3 737 654)
1402;34.9445;CEM I (Portland);8;Ultraschall + SDS;KCl gesättigt;3;0.42;0.0565;0.0207;0.6595;0.2;0.58;5.89;850;nein (EP 3 737 654)
1403;34.9401;Geopolymer (Hüttensand + NaOH/Wasserglas);5;Stabmixer + SDS;Agar-Gel + KCl;3;0.35;0.0384;0.0054;0.9075;0.385;0.638;3.91;180;ja
1404;34.9297;CEM I (Portland);8;Handrühren;Agar-Gel + KCl;10;0.35;0.062;0.0054;0.72;0.35;1.1;5.52;850;nein (EP 3 737 654)
1405;34.9231;CEM I (Portland);15;Stabmixer + SDS;KCl gesättigt;10;0.5;0.092;0.026;0.3895;0.2;1.0;10.17;850;nein (EP 3 737 654)
1406;34.8852;CEM I (Portland);12;Stabmixer + SDS;KCl gesättigt;3;0.42;0.0824;0.0273;0.5313;0.2;0.58;8.25;850;nein (EP 3 737 654)
1407;34.8617;CEM I (Portland);10;Stabmixer + SDS;KCl 1 mol/l;3;0.35;0.0763;0.0192;0.65;0.35;0.58;6.92;850;nein (EP 3 737 654)
1408;34.8589;CEM III (Hüttensandzement);12;Handrühren;KCl gesättigt;10;0.42;0.0807;0.0136;0.4782;0.2;1.0;8.068;400;nein (EP 3 737 654)
1409;34.8518;CEM I (Portland);8;Stabmixer + SDS;KCl 1 mol/l;3;0.35;0.062;0.0155;0.72;0.35;0.58;5.64;850;nein (EP 3 737 654)
1410;34.8319;CEM I (Portland);15;Stabmixer + SDS;KCl gesättigt;3;0.35;0.1102;0.0314;0.475;0.2;0.58;10.17;850;nein (EP 3 737 654)
1411;34.8283;Geopolymer (Hüttensand + NaOH/Wasserglas);5;Handrühren;KOH 1 mol/l;3;0.35;0.0384;0.0048;0.9075;0.99;0.58;3.78;180;ja
1412;34.8219;Geopolymer (Hüttensand + NaOH/Wasserglas);5;Stabmixer;KCl 1 mol/l;6;0.35;0.0384;0.0057;0.9075;0.385;0.76;3.83;180;ja
1413;34.8093;CEM I (Portland);10;Stabmixer + SDS;KCl 1 mol/l;10;0.5;0.0633;0.0148;0.533;0.35;1.0;6.92;850;nein (EP 3 737 654)
1414;34.8038;CEM III (Hüttensandzement);12;Handrühren;Agar-Gel + KCl;10;0.35;0.0882;0.0075;0.522;0.35;1.1;8.048;400;nein (EP 3 737 654)
1415;34.7759;CEM III (Hüttensandzement);12;Handrühren;KCl 1 mol/l;10;0.42;0.0807;0.0109;0.4782;0.35;1.0;8.018;400;nein (EP 3 737 654)
1416;34.7587;CEM III (Hüttensandzement);12;Stabmixer;KCl gesättigt;6;0.5;0.0736;0.02;0.428;0.2;0.76;8.168;400;nein (EP 3 737 654)
1417;34.7587;CEM I (Portland);8;Handrühren;KCl gesättigt;10;0.35;0.062;0.0098;0.72;0.2;1.0;5.54;850;nein (EP 3 737 654)
1418;34.7482;CEM I (Portland);12;Stabmixer;KCl gesättigt;10;0.42;0.0824;0.0188;0.5313;0.2;1.0;8.2;850;nein (EP 3 737 654)
1419;34.7398;CEM I (Portland);8;Stabmixer;KCl 1 mol/l;6;0.35;0.062;0.0119;0.72;0.35;0.76;5.59;850;nein (EP 3 737 654)
1420;34.7268;CEM III (Hüttensandzement);10;Handrühren;KCl gesättigt;6;0.35;0.0746;0.0132;0.585;0.2;0.76;6.788;400;nein (EP 3 737 654)
1421;34.725;CEM III (Hüttensandzement);10;Handrühren;KCl 1 mol/l;6;0.35;0.0746;0.0105;0.585;0.35;0.76;6.738;400;nein (EP 3 737 654)
1422;34.7126;CEM III (Hüttensandzement);12;Stabmixer + SDS;KCl 1 mol/l;3;0.5;0.0736;0.0209;0.428;0.35;0.58;8.168;400;nein (EP 3 737 654)
1423;34.7074;CEM III (Hüttensandzement);15;Stabmixer;KCl gesättigt;3;0.35;0.1079;0.0259;0.4275;0.2;0.58;10.088;400;nein (EP 3 737 654)
1424;34.674;CEM III (Hüttensandzement);8;Handrühren;Agar-Gel + KCl;6;0.35;0.0606;0.0058;0.648;0.35;0.836;5.488;400;nein (EP 3 737 654)
1425;34.631;Geopolymer (Hüttensand + NaOH/Wasserglas);15;Handrühren;Agar-Gel + KCl;10;0.5;0.0898;0.009;0.4284;0.385;1.1;10.16;180;ja
1426;34.6271;CEM I (Portland);10;Stabmixer + SDS;Agar-Gel + KCl;10;0.42;0.0696;0.0105;0.5954;0.35;1.1;6.95;850;nein (EP 3 737 654)
1427;34.6224;CEM III (Hüttensandzement);15;Stabmixer + SDS;Agar-Gel + KCl;10;0.42;0.0989;0.0141;0.3916;0.35;1.1;10.118;400;nein (EP 3 737 654)
1428;34.6135;CEM I (Portland);5;Stabmixer;KOH 1 mol/l;6;0.35;0.0397;0.007;0.825;0.9;0.76;3.72;850;nein (EP 3 737 654)
1429;34.6131;CEM III (Hüttensandzement);15;Ultraschall + SDS;Agar-Gel + KCl;10;0.5;0.0904;0.0157;0.3505;0.35;1.1;10.318;400;nein (EP 3 737 654)
1430;34.5998;CEM I (Portland);15;Handrühren;KOH 1 mol/l;6;0.42;0.1009;0.0168;0.4351;0.9;0.76;10.02;850;nein (EP 3 737 654)
1431;34.5991;Geopolymer (Hüttensand + NaOH/Wasserglas);5;Stabmixer;Agar-Gel + KCl;6;0.35;0.0384;0.0039;0.9075;0.385;0.836;3.86;180;ja
1432;34.5878;CEM III (Hüttensandzement);5;Stabmixer + SDS;KCl 1 mol/l;10;0.35;0.0388;0.0063;0.7425;0.35;1.0;3.688;400;nein (EP 3 737 654)
1433;34.5861;CEM III (Hüttensandzement);10;Stabmixer;KCl gesättigt;6;0.5;0.0621;0.0168;0.4797;0.2;0.76;6.888;400;nein (EP 3 737 654)
1434;34.5529;CEM III (Hüttensandzement);5;Stabmixer + SDS;Agar-Gel + KCl;10;0.35;0.0388;0.0044;0.7425;0.35;1.1;3.718;400;nein (EP 3 737 654)
1435;34.5483;CEM I (Portland);12;Stabmixer + SDS;Agar-Gel + KCl;10;0.35;0.0902;0.0125;0.58;0.35;1.1;8.23;850;nein (EP 3 737 654)
1436;34.5475;CEM I (Portland);15;Stabmixer + SDS;KCl gesättigt;6;0.42;0.1009;0.0289;0.4351;0.2;0.76;10.17;850;nein (EP 3 737 654)
1437;34.5424;Geopolymer (Hüttensand + NaOH/Wasserglas);12;Handrühren;KCl gesättigt;3;0.5;0.0731;0.0167;0.5232;0.22;0.58;8.26;180;ja
1438;34.5085;CEM III (Hüttensandzement);10;Stabmixer + SDS;Agar-Gel + KCl;3;0.35;0.0746;0.0129;0.585;0.35;0.638;6.918;400;nein (EP 3 737 654)
1439;34.4636;CEM III (Hüttensandzement);10;Stabmixer + SDS;KCl 1 mol/l;3;0.5;0.0621;0.0176;0.4797;0.35;0.58;6.888;400;nein (EP 3 737 654)
1440;34.4362;CEM I (Portland);10;Stabmixer + SDS;KCl 1 mol/l;6;0.42;0.0696;0.017;0.5954;0.35;0.76;6.92;850;nein (EP 3 737 654)
1441;34.4286;CEM I (Portland);15;Ultraschall + SDS;KCl 1 mol/l;10;0.5;0.092;0.0231;0.3895;0.35;1.0;10.32;850;nein (EP 3 737 654)
1442;34.4239;CEM I (Portland);10;Stabmixer + SDS;KCl gesättigt;3;0.42;0.0696;0.0232;0.5954;0.2;0.58;6.97;850;nein (EP 3 737 654)
1443;34.4194;CEM III (Hüttensandzement);5;Stabmixer + SDS;KOH 1 mol/l;10;0.42;0.0353;0.0062;0.6801;0.9;1.0;3.738;400;nein (EP 3 737 654)
1444;34.4164;CEM III (Hüttensandzement);15;Stabmixer;KCl 1 mol/l;10;0.5;0.0904;0.0171;0.3505;0.35;1.0;10.038;400;nein (EP 3 737 654)
1445;34.3785;CEM I (Portland);8;Stabmixer + SDS;KCl gesättigt;10;0.5;0.0513;0.0146;0.5904;0.2;1.0;5.69;850;nein (EP 3 737 654)
1446;34.3202;CEM I (Portland);12;Stabmixer + SDS;KCl 1 mol/l;10;0.5;0.075;0.0176;0.4756;0.35;1.0;8.2;850;nein (EP 3 737 654)
1447;34.2972;CEM III (Hüttensandzement);8;Ultraschall + SDS;KCl 1 mol/l;3;0.5;0.0503;0.0154;0.5314;0.35;0.58;5.808;400;nein (EP 3 737 654)
1448;34.2841;CEM III (Hüttensandzement);8;Stabmixer;Agar-Gel + KCl;6;0.42;0.0553;0.0076;0.5936;0.35;0.836;5.588;400;nein (EP 3 737 654)
1449;34.2841;CEM III (Hüttensandzement);12;Ultraschall + SDS;Agar-Gel + KCl;3;0.35;0.0882;0.0165;0.522;0.35;0.638;8.398;400;nein (EP 3 737 654)
1450;34.2827;Geopolymer (Hüttensand + NaOH/Wasserglas);15;Handrühren;KCl 1 mol/l;3;0.35;0.1071;0.0159;0.5225;0.385;0.58;10.13;180;ja
1451;34.282;Geopolymer (Hüttensand + NaOH/Wasserglas);12;Stabmixer;Agar-Gel + KCl;3;0.5;0.0731;0.0125;0.5232;0.385;0.638;8.34;180;ja
1452;34.2805;CEM I (Portland);8;Stabmixer + SDS;KCl 1 mol/l;6;0.42;0.0565;0.0136;0.6595;0.35;0.76;5.64;850;nein (EP 3 737 654)
1453;34.2767;Geopolymer (Hüttensand + NaOH/Wasserglas);15;Stabmixer;Agar-Gel + KCl;3;0.35;0.1071;0.0149;0.5225;0.385;0.638;10.26;180;ja
1454;34.2729;Geopolymer (Hüttensand + NaOH/Wasserglas);5;Stabmixer;Eigene Porenlösung (ohne Zusatz);6;0.42;0.035;0.0034;0.8313;1.1;0.836;3.78;180;ja
1455;34.2634;Geopolymer (Hüttensand + NaOH/Wasserglas);15;Handrühren;KCl gesättigt;6;0.5;0.0898;0.0182;0.4284;0.22;0.76;10.18;180;ja
1456;34.2531;CEM I (Portland);12;Ultraschall + SDS;KCl 1 mol/l;3;0.42;0.0824;0.0243;0.5313;0.35;0.58;8.4;850;nein (EP 3 737 654)
1457;34.2504;CEM I (Portland);8;Stabmixer;Agar-Gel + KCl;10;0.42;0.0565;0.007;0.6595;0.35;1.1;5.62;850;nein (EP 3 737 654)
1458;34.2454;CEM I (Portland);10;Ultraschall + SDS;KCl 1 mol/l;3;0.42;0.0696;0.0206;0.5954;0.35;0.58;7.12;850;nein (EP 3 737 654)
1459;34.2077;Geopolymer (Hüttensand + NaOH/Wasserglas);12;Handrühren;Agar-Gel + KCl;6;0.5;0.0731;0.0084;0.5232;0.385;0.836;8.24;180;ja
1460;34.1758;Geopolymer (Hüttensand + NaOH/Wasserglas);15;Stabmixer + SDS;Agar-Gel + KCl;3;0.5;0.0898;0.0179;0.4284;0.385;0.638;10.31;180;ja
1461;34.1595;CEM I (Portland);8;Stabmixer + SDS;Agar-Gel + KCl;6;0.35;0.062;0.0098;0.72;0.35;0.836;5.67;850;nein (EP 3 737 654)
1462;34.1298;Geopolymer (Hüttensand + NaOH/Wasserglas);5;Ultraschall + SDS;KCl gesättigt;10;0.42;0.035;0.0079;0.8313;0.22;1.0;4.13;180;ja
1463;34.1116;CEM I (Portland);8;Stabmixer + SDS;KCl 1 mol/l;10;0.5;0.0513;0.0117;0.5904;0.35;1.0;5.64;850;nein (EP 3 737 654)
1464;34.1108;Geopolymer (Hüttensand + NaOH/Wasserglas);12;Handrühren;KCl 1 mol/l;3;0.5;0.0731;0.0133;0.5232;0.385;0.58;8.21;180;ja
1465;34.1035;CEM III (Hüttensandzement);8;Stabmixer;KCl gesättigt;3;0.42;0.0553;0.0151;0.5936;0.2;0.58;5.608;400;nein (EP 3 737 654)
1466;34.0817;CEM I (Portland);10;Handrühren;KOH 1 mol/l;3;0.5;0.0633;0.0129;0.533;0.9;0.58;6.82;850;nein (EP 3 737 654)
1467;34.0561;CEM III (Hüttensandzement);10;Handrühren;KCl 1 mol/l;10;0.5;0.0621;0.0088;0.4797;0.35;1.0;6.738;400;nein (EP 3 737 654)
1468;34.0463;CEM III (Hüttensandzement);12;Stabmixer + SDS;Agar-Gel + KCl;6;0.42;0.0807;0.0136;0.4782;0.35;0.836;8.198;400;nein (EP 3 737 654)
1469;34.0422;CEM I (Portland);5;Ultraschall + SDS;KCl 1 mol/l;10;0.35;0.0397;0.0076;0.825;0.35;1.0;3.92;850;nein (EP 3 737 654)
1470;34.0414;CEM III (Hüttensandzement);10;Stabmixer;KCl 1 mol/l;3;0.42;0.0682;0.0151;0.5359;0.35;0.58;6.838;400;nein (EP 3 737 654)
1471;34.0337;CEM III (Hüttensandzement);15;Stabmixer;KCl 1 mol/l;6;0.35;0.1079;0.019;0.4275;0.35;0.76;10.038;400;nein (EP 3 737 654)
1472;34.0319;CEM III (Hüttensandzement);10;Ultraschall + SDS;Agar-Gel + KCl;6;0.5;0.0621;0.0123;0.4797;0.35;0.836;7.118;400;nein (EP 3 737 654)
1473;34.0175;CEM I (Portland);12;Ultraschall + SDS;Agar-Gel + KCl;10;0.42;0.0824;0.0138;0.5313;0.35;1.1;8.43;850;nein (EP 3 737 654)
1474;34.0064;CEM III (Hüttensandzement);12;Stabmixer;Agar-Gel + KCl;10;0.5;0.0736;0.0099;0.428;0.35;1.1;8.148;400;nein (EP 3 737 654)
1475;34.0026;CEM III (Hüttensandzement);5;Stabmixer;KOH 1 mol/l;3;0.35;0.0388;0.0072;0.7425;0.9;0.58;3.688;400;nein (EP 3 737 654)
1476;33.9798;Geopolymer (Hüttensand + NaOH/Wasserglas);15;Handrühren;KCl gesättigt;3;0.42;0.0983;0.0198;0.4786;0.22;0.58;10.18;180;ja
1477;33.9721;CEM I (Portland);10;Stabmixer;KCl 1 mol/l;6;0.35;0.0763;0.0147;0.65;0.35;0.76;6.87;850;nein (EP 3 737 654)
1478;33.9476;Geopolymer (Hüttensand + NaOH/Wasserglas);15;Stabmixer;Agar-Gel + KCl;6;0.5;0.0898;0.0137;0.4284;0.385;0.836;10.26;180;ja
1479;33.9279;CEM III (Hüttensandzement);5;Ultraschall + SDS;KOH 1 mol/l;6;0.42;0.0353;0.0081;0.6801;0.9;0.76;3.938;400;nein (EP 3 737 654)
1480;33.9141;CEM I (Portland);10;Ultraschall + SDS;Agar-Gel + KCl;6;0.35;0.0763;0.0135;0.65;0.35;0.836;7.15;850;nein (EP 3 737 654)
1481;33.8886;CEM III (Hüttensandzement);10;Stabmixer;KCl 1 mol/l;6;0.5;0.0621;0.0134;0.4797;0.35;0.76;6.838;400;nein (EP 3 737 654)
1482;33.8679;CEM I (Portland);15;Stabmixer + SDS;KCl 1 mol/l;10;0.42;0.1009;0.0208;0.4351;0.35;1.0;10.12;850;nein (EP 3 737 654)
1483;33.8636;CEM III (Hüttensandzement);8;Ultraschall + SDS;Agar-Gel + KCl;3;0.42;0.0553;0.0111;0.5936;0.35;0.638;5.838;400;nein (EP 3 737 654)
1484;33.8635;Geopolymer (Hüttensand + NaOH/Wasserglas);8;Handrühren;KCl 1 mol/l;3;0.5;0.05;0.0085;0.6494;0.385;0.58;5.65;180;ja
1485;33.8606;Geopolymer (Hüttensand + NaOH/Wasserglas);5;Ultraschall + SDS;Eigene Porenlösung (ohne Zusatz);10;0.5;0.0318;0.0038;0.7441;1.1;1.1;4.03;180;ja
1486;33.8437;CEM I (Portland);12;Stabmixer;KCl gesättigt;6;0.35;0.0902;0.021;0.58;0.2;0.76;8.2;850;nein (EP 3 737 654)
1487;33.8423;CEM I (Portland);10;Handrühren;KCl 1 mol/l;10;0.35;0.0763;0.0097;0.65;0.35;1.0;6.77;850;nein (EP 3 737 654)
1488;33.8414;CEM I (Portland);15;Handrühren;KOH 1 mol/l;3;0.35;0.1102;0.0183;0.475;0.9;0.58;10.02;850;nein (EP 3 737 654)
1489;33.8379;CEM I (Portland);12;Stabmixer + SDS;KCl 1 mol/l;6;0.42;0.0824;0.02;0.5313;0.35;0.76;8.2;850;nein (EP 3 737 654)
1490;33.8327;CEM I (Portland);12;Stabmixer + SDS;KCl 1 mol/l;3;0.35;0.0902;0.022;0.58;0.35;0.58;8.2;850;nein (EP 3 737 654)
1491;33.8139;CEM III (Hüttensandzement);15;Stabmixer + SDS;KCl 1 mol/l;3;0.5;0.0904;0.0249;0.3505;0.35;0.58;10.088;400;nein (EP 3 737 654)
1492;33.7891;CEM III (Hüttensandzement);5;Stabmixer + SDS;KCl gesättigt;10;0.35;0.0388;0.0079;0.7425;0.2;1.0;3.738;400;nein (EP 3 737 654)
1493;33.7889;CEM I (Portland);12;Stabmixer + SDS;KCl gesättigt;6;0.5;0.075;0.0244;0.4756;0.2;0.76;8.25;850;nein (EP 3 737 654)
1494;33.7787;CEM I (Portland);10;Ultraschall + SDS;KCl gesättigt;3;0.5;0.0633;0.0249;0.533;0.2;0.58;7.17;850;nein (EP 3 737 654)
1495;33.7787;Geopolymer (Hüttensand + NaOH/Wasserglas);5;Stabmixer;KCl gesättigt;6;0.35;0.0384;0.0071;0.9075;0.22;0.76;3.88;180;ja
1496;33.7497;CEM I (Portland);15;Ultraschall + SDS;KCl 1 mol/l;3;0.35;0.1102;0.028;0.475;0.35;0.58;10.32;850;nein (EP 3 737 654)
1497;33.7453;CEM III (Hüttensandzement);5;Handrühren;KOH 1 mol/l;10;0.35;0.0388;0.0039;0.7425;0.9;1.0;3.588;400;nein (EP 3 737 654)
1498;33.7416;CEM I (Portland);15;Ultraschall + SDS;KCl 1 mol/l;6;0.42;0.1009;0.0257;0.4351;0.35;0.76;10.32;850;nein (EP 3 737 654)
1499;33.74;CEM III (Hüttensandzement);8;Stabmixer;KCl 1 mol/l;3;0.42;0.0553;0.012;0.5936;0.35;0.58;5.558;400;nein (EP 3 737 654)
1500;33.7015;CEM III (Hüttensandzement);15;Stabmixer;KCl gesättigt;6;0.5;0.0904;0.0238;0.3505;0.2;0.76;10.088;400;nein (EP 3 737 654)
1501;33.6835;CEM III (Hüttensandzement);8;Stabmixer;Agar-Gel + KCl;3;0.35;0.0606;0.0087;0.648;0.35;0.638;5.588;400;nein (EP 3 737 654)
1502;33.6778;CEM III (Hüttensandzement);8;Ultraschall + SDS;Agar-Gel + KCl;6;0.5;0.0503;0.0097;0.5314;0.35;0.836;5.838;400;nein (EP 3 737 654)
1503;33.6754;CEM I (Portland);5;Ultraschall + SDS;Agar-Gel + KCl;10;0.35;0.0397;0.0053;0.825;0.35;1.1;3.95;850;nein (EP 3 737 654)
1504;33.6491;CEM I (Portland);12;Stabmixer;KCl 1 mol/l;10;0.42;0.0824;0.015;0.5313;0.35;1.0;8.15;850;nein (EP 3 737 654)
1505;33.6485;CEM III (Hüttensandzement);10;Handrühren;KCl gesättigt;10;0.5;0.0621;0.011;0.4797;0.2;1.0;6.788;400;nein (EP 3 737 654)
1506;33.6428;CEM I (Portland);10;Handrühren;KCl gesättigt;10;0.35;0.0763;0.0121;0.65;0.2;1.0;6.82;850;nein (EP 3 737 654)
1507;33.6313;CEM III (Hüttensandzement);10;Ultraschall + SDS;Agar-Gel + KCl;3;0.42;0.0682;0.0139;0.5359;0.35;0.638;7.118;400;nein (EP 3 737 654)
1508;33.6178;CEM III (Hüttensandzement);15;Stabmixer;KCl gesättigt;3;0.42;0.0989;0.0259;0.3916;0.2;0.58;10.088;400;nein (EP 3 737 654)
1509;33.6175;CEM III (Hüttensandzement);15;Ultraschall + SDS;Agar-Gel + KCl;6;0.35;0.1079;0.0174;0.4275;0.35;0.836;10.318;400;nein (EP 3 737 654)
1510;33.6169;CEM I (Portland);15;Stabmixer + SDS;KCl gesättigt;3;0.42;0.1009;0.0315;0.4351;0.2;0.58;10.17;850;nein (EP 3 737 654)
1511;33.5913;CEM III (Hüttensandzement);8;Stabmixer + SDS;KCl gesättigt;3;0.5;0.0503;0.0172;0.5314;0.2;0.58;5.658;400;nein (EP 3 737 654)
1512;33.5282;Geopolymer (Hüttensand + NaOH/Wasserglas);15;Handrühren;KCl 1 mol/l;6;0.5;0.0898;0.0146;0.4284;0.385;0.76;10.13;180;ja
1513;33.5043;CEM III (Hüttensandzement);15;Stabmixer;Agar-Gel + KCl;10;0.35;0.1079;0.0118;0.4275;0.35;1.1;10.068;400;nein (EP 3 737 654)
1514;33.4927;CEM I (Portland);8;Ultraschall + SDS;KCl 1 mol/l;3;0.42;0.0565;0.0166;0.6595;0.35;0.58;5.84;850;nein (EP 3 737 654)
1515;33.4863;CEM III (Hüttensandzement);10;Stabmixer;Agar-Gel + KCl;6;0.42;0.0682;0.0096;0.5359;0.35;0.836;6.868;400;nein (EP 3 737 654)
1516;33.4722;Geopolymer (Hüttensand + NaOH/Wasserglas);15;Handrühren;Agar-Gel + KCl;6;0.35;0.1071;0.01;0.5225;0.385;0.836;10.16;180;ja
1517;33.47;CEM I (Portland);12;Ultraschall + SDS;KCl 1 mol/l;6;0.5;0.075;0.0217;0.4756;0.35;0.76;8.4;850;nein (EP 3 737 654)
1518;33.4597;CEM I (Portland);5;Ultraschall + SDS;KCl gesättigt;10;0.35;0.0397;0.0096;0.825;0.2;1.0;3.97;850;nein (EP 3 737 654)
1519;33.4591;CEM III (Hüttensandzement);12;Stabmixer;KCl 1 mol/l;3;0.42;0.0807;0.0179;0.4782;0.35;0.58;8.118;400;nein (EP 3 737 654)
1520;33.441;CEM I (Portland);15;Stabmixer;KCl gesättigt;10;0.35;0.1102;0.0217;0.475;0.2;1.0;10.12;850;nein (EP 3 737 654)
1521;33.4296;CEM III (Hüttensandzement);12;Stabmixer;KCl 1 mol/l;6;0.5;0.0736;0.016;0.428;0.35;0.76;8.118;400;nein (EP 3 737 654)
1522;33.4144;CEM I (Portland);12;Handrühren;KOH 1 mol/l;3;0.5;0.075;0.0155;0.4756;0.9;0.58;8.1;850;nein (EP 3 737 654)
1523;33.3788;Geopolymer (Hüttensand + NaOH/Wasserglas);5;Stabmixer;KOH 1 mol/l;6;0.42;0.035;0.0054;0.8313;0.99;0.76;3.88;180;ja
1524;33.3772;Geopolymer (Hüttensand + NaOH/Wasserglas);12;Handrühren;Agar-Gel + KCl;3;0.42;0.0802;0.0094;0.5844;0.385;0.638;8.24;180;ja
1525;33.3689;CEM III (Hüttensandzement);12;Stabmixer;Agar-Gel + KCl;6;0.35;0.0882;0.0114;0.522;0.35;0.836;8.148;400;nein (EP 3 737 654)
1526;33.359;CEM III (Hüttensandzement);12;Handrühren;Agar-Gel + KCl;10;0.42;0.0807;0.0075;0.4782;0.35;1.1;8.048;400;nein (EP 3 737 654)
1527;33.3557;CEM I (Portland);10;Ultraschall + SDS;KCl 1 mol/l;6;0.5;0.0633;0.0183;0.533;0.35;0.76;7.12;850;nein (EP 3 737 654)
1528;33.3266;CEM III (Hüttensandzement);15;Stabmixer + SDS;Agar-Gel + KCl;10;0.5;0.0904;0.0141;0.3505;0.35;1.1;10.118;400;nein (EP 3 737 654)
1529;33.3069;CEM I (Portland);8;Ultraschall + SDS;Agar-Gel + KCl;10;0.5;0.0513;0.0089;0.5904;0.35;1.1;5.87;850;nein (EP 3 737 654)
1530;33.2724;CEM III (Hüttensandzement);12;Ultraschall + SDS;Agar-Gel + KCl;6;0.5;0.0736;0.0147;0.428;0.35;0.836;8.398;400;nein (EP 3 737 654)
1531;33.2654;CEM III (Hüttensandzement);10;Handrühren;Agar-Gel + KCl;10;0.5;0.0621;0.0061;0.4797;0.35;1.1;6.768;400;nein (EP 3 737 654)
1532;33.2258;CEM I (Portland);10;Stabmixer + SDS;KCl gesättigt;6;0.5;0.0633;0.0205;0.533;0.2;0.76;6.97;850;nein (EP 3 737 654)
1533;33.1983;Geopolymer (Hüttensand + NaOH/Wasserglas);5;Handrühren;Agar-Gel + KCl;10;0.35;0.0384;0.0023;0.9075;0.385;1.1;3.76;180;ja
1534;33.196;CEM III (Hüttensandzement);12;Handrühren;KCl gesättigt;6;0.35;0.0882;0.0152;0.522;0.2;0.76;8.068;400;nein (EP 3 737 654)
1535;33.1662;Geopolymer (Hüttensand + NaOH/Wasserglas);8;Handrühren;KCl gesättigt;3;0.5;0.05;0.0106;0.6494;0.22;0.58;5.7;180;ja
1536;33.1517;CEM I (Portland);15;Handrühren;KOH 1 mol/l;6;0.5;0.092;0.0168;0.3895;0.9;0.76;10.02;850;nein (EP 3 737 654)
1537;33.1342;CEM I (Portland);10;Stabmixer;KCl gesättigt;3;0.35;0.0763;0.02;0.65;0.2;0.58;6.92;850;nein (EP 3 737 654)
1538;33.1183;CEM III (Hüttensandzement);8;Handrühren;KCl 1 mol/l;3;0.35;0.0606;0.0092;0.648;0.35;0.58;5.458;400;nein (EP 3 737 654)
1539;33.1167;CEM I (Portland);8;Ultraschall + SDS;KCl gesättigt;6;0.5;0.0513;0.0181;0.5904;0.2;0.76;5.89;850;nein (EP 3 737 654)
1540;33.1033;CEM III (Hüttensandzement);5;Ultraschall + SDS;KCl 1 mol/l;6;0.35;0.0388;0.0081;0.7425;0.35;0.76;3.888;400;nein (EP 3 737 654)
1541;33.0954;CEM I (Portland);15;Stabmixer + SDS;KCl gesättigt;6;0.5;0.092;0.0289;0.3895;0.2;0.76;10.17;850;nein (EP 3 737 654)
1542;33.0943;CEM III (Hüttensandzement);8;Handrühren;KCl 1 mol/l;10;0.5;0.0503;0.0067;0.5314;0.35;1.0;5.458;400;nein (EP 3 737 654)
1543;33.0906;CEM III (Hüttensandzement);8;Handrühren;KCl 1 mol/l;6;0.42;0.0553;0.008;0.5936;0.35;0.76;5.458;400;nein (EP 3 737 654)
1544;33.0904;CEM I (Portland);8;Stabmixer + SDS;KCl gesättigt;3;0.42;0.0565;0.0186;0.6595;0.2;0.58;5.69;850;nein (EP 3 737 654)
1545;33.0889;CEM I (Portland);10;Ultraschall + SDS;Agar-Gel + KCl;10;0.5;0.0633;0.0113;0.533;0.35;1.1;7.15;850;nein (EP 3 737 654)
1546;33.079;Geopolymer (Hüttensand + NaOH/Wasserglas);5;Stabmixer + SDS;Agar-Gel + KCl;10;0.42;0.035;0.0037;0.8313;0.385;1.1;3.91;180;ja
1547;33.0498;CEM III (Hüttensandzement);12;Stabmixer;KCl gesättigt;3;0.5;0.0736;0.0218;0.428;0.2;0.58;8.168;400;nein (EP 3 737 654)
1548;33.0444;CEM III (Hüttensandzement);10;Stabmixer + SDS;Agar-Gel + KCl;6;0.5;0.0621;0.0111;0.4797;0.35;0.836;6.918;400;nein (EP 3 737 654)
1549;32.991;CEM III (Hüttensandzement);15;Handrühren;KCl gesättigt;10;0.35;0.1079;0.0157;0.4275;0.2;1.0;9.988;400;nein (EP 3 737 654)
1550;32.9877;CEM I (Portland);5;Stabmixer + SDS;KOH 1 mol/l;10;0.42;0.0361;0.0066;0.7557;0.9;1.0;3.77;850;nein (EP 3 737 654)
1551;32.9602;CEM I (Portland);10;Stabmixer;Agar-Gel + KCl;10;0.42;0.0696;0.0088;0.5954;0.35;1.1;6.9;850;nein (EP 3 737 654)
1552;32.9499;CEM III (Hüttensandzement);10;Handrühren;Agar-Gel + KCl;6;0.35;0.0746;0.0072;0.585;0.35;0.836;6.768;400;nein (EP 3 737 654)
1553;32.9453;CEM III (Hüttensandzement);8;Handrühren;Agar-Gel + KCl;10;0.5;0.0503;0.0046;0.5314;0.35;1.1;5.488;400;nein (EP 3 737 654)
1554;32.9324;CEM III (Hüttensandzement);15;Stabmixer;KCl 1 mol/l;6;0.42;0.0989;0.019;0.3916;0.35;0.76;10.038;400;nein (EP 3 737 654)
1555;32.9317;CEM III (Hüttensandzement);8;Stabmixer + SDS;Agar-Gel + KCl;3;0.42;0.0553;0.01;0.5936;0.35;0.638;5.638;400;nein (EP 3 737 654)
1556;32.9259;Geopolymer (Hüttensand + NaOH/Wasserglas);15;Handrühren;KCl 1 mol/l;3;0.42;0.0983;0.0159;0.4786;0.385;0.58;10.13;180;ja
1557;32.9184;Geopolymer (Hüttensand + NaOH/Wasserglas);15;Stabmixer;Agar-Gel + KCl;3;0.42;0.0983;0.0149;0.4786;0.385;0.638;10.26;180;ja
1558;32.9173;Geopolymer (Hüttensand + NaOH/Wasserglas);5;Stabmixer + SDS;KCl 1 mol/l;10;0.42;0.035;0.0054;0.8313;0.385;1.0;3.88;180;ja
1559;32.9162;CEM I (Portland);12;Stabmixer + SDS;Agar-Gel + KCl;10;0.42;0.0824;0.0124;0.5313;0.35;1.1;8.23;850;nein (EP 3 737 654)
1560;32.9149;CEM III (Hüttensandzement);12;Stabmixer + SDS;Agar-Gel + KCl;3;0.35;0.0882;0.0149;0.522;0.35;0.638;8.198;400;nein (EP 3 737 654)
1561;32.9145;CEM I (Portland);8;Stabmixer;KCl gesättigt;3;0.35;0.062;0.0162;0.72;0.2;0.58;5.64;850;nein (EP 3 737 654)
1562;32.9029;Geopolymer (Hüttensand + NaOH/Wasserglas);10;Handrühren;Agar-Gel + KCl;3;0.5;0.0617;0.0077;0.5863;0.385;0.638;6.96;180;ja
1563;32.8724;CEM III (Hüttensandzement);12;Handrühren;KCl gesättigt;10;0.5;0.0736;0.0132;0.428;0.2;1.0;8.068;400;nein (EP 3 737 654)
1564;32.8637;CEM III (Hüttensandzement);12;Handrühren;KCl 1 mol/l;10;0.5;0.0736;0.0106;0.428;0.35;1.0;8.018;400;nein (EP 3 737 654)
1565;32.8606;Geopolymer (Hüttensand + NaOH/Wasserglas);5;Ultraschall + SDS;KOH 1 mol/l;10;0.5;0.0318;0.006;0.7441;0.99;1.0;4.13;180;ja
1566;32.8565;CEM I (Portland);10;Stabmixer;KCl gesättigt;10;0.5;0.0633;0.0154;0.533;0.2;1.0;6.92;850;nein (EP 3 737 654)
1567;32.842;CEM I (Portland);10;Stabmixer + SDS;Agar-Gel + KCl;6;0.35;0.0763;0.0121;0.65;0.35;0.836;6.95;850;nein (EP 3 737 654)
1568;32.8323;CEM III (Hüttensandzement);8;Stabmixer + SDS;KCl 1 mol/l;3;0.5;0.0503;0.0138;0.5314;0.35;0.58;5.608;400;nein (EP 3 737 654)
1569;32.8032;CEM III (Hüttensandzement);8;Handrühren;KCl gesättigt;3;0.35;0.0606;0.0115;0.648;0.2;0.58;5.508;400;nein (EP 3 737 654)
1570;32.8015;CEM III (Hüttensandzement);12;Handrühren;KCl 1 mol/l;6;0.35;0.0882;0.0121;0.522;0.35;0.76;8.018;400;nein (EP 3 737 654)
1571;32.7873;CEM III (Hüttensandzement);12;Ultraschall + SDS;Agar-Gel + KCl;3;0.42;0.0807;0.0164;0.4782;0.35;0.638;8.398;400;nein (EP 3 737 654)
1572;32.7791;CEM I (Portland);10;Handrühren;Agar-Gel + KCl;10;0.35;0.0763;0.0067;0.65;0.35;1.1;6.8;850;nein (EP 3 737 654)
1573;32.7741;CEM III (Hüttensandzement);8;Stabmixer + SDS;Agar-Gel + KCl;6;0.5;0.0503;0.0087;0.5314;0.35;0.836;5.638;400;nein (EP 3 737 654)
1574;32.7537;CEM III (Hüttensandzement);10;Handrühren;KCl 1 mol/l;6;0.42;0.0682;0.0102;0.5359;0.35;0.76;6.738;400;nein (EP 3 737 654)
1575;32.7491;CEM I (Portland);8;Handrühren;KOH 1 mol/l;3;0.5;0.0513;0.01;0.5904;0.9;0.58;5.54;850;nein (EP 3 737 654)
1576;32.725;CEM III (Hüttensandzement);8;Stabmixer;KCl 1 mol/l;6;0.5;0.0503;0.0104;0.5314;0.35;0.76;5.558;400;nein (EP 3 737 654)
1577;32.7225;CEM I (Portland);5;Handrühren;KOH 1 mol/l;10;0.35;0.0397;0.0042;0.825;0.9;1.0;3.62;850;nein (EP 3 737 654)
1578;32.7104;CEM I (Portland);15;Stabmixer + SDS;KCl 1 mol/l;6;0.35;0.1102;0.0231;0.475;0.35;0.76;10.12;850;nein (EP 3 737 654)
1579;32.6991;CEM III (Hüttensandzement);8;Stabmixer;KCl gesättigt;6;0.5;0.0503;0.013;0.5314;0.2;0.76;5.608;400;nein (EP 3 737 654)
1580;32.6701;CEM III (Hüttensandzement);10;Handrühren;KCl gesättigt;6;0.42;0.0682;0.0127;0.5359;0.2;0.76;6.788;400;nein (EP 3 737 654)
1581;32.6548;Geopolymer (Hüttensand + NaOH/Wasserglas);5;Stabmixer;KCl 1 mol/l;3;0.35;0.0384;0.0062;0.9075;0.385;0.58;3.83;180;ja
1582;32.6401;CEM I (Portland);8;Handrühren;KCl 1 mol/l;10;0.42;0.0565;0.0074;0.6595;0.35;1.0;5.49;850;nein (EP 3 737 654)
1583;32.6323;Geopolymer (Hüttensand + NaOH/Wasserglas);5;Handrühren;KCl 1 mol/l;10;0.35;0.0384;0.0033;0.9075;0.385;1.0;3.73;180;ja
1584;32.6208;CEM III (Hüttensandzement);5;Ultraschall + SDS;KCl gesättigt;6;0.35;0.0388;0.0101;0.7425;0.2;0.76;3.938;400;nein (EP 3 737 654)
1585;32.6076;CEM I (Portland);15;Handrühren;KOH 1 mol/l;3;0.42;0.1009;0.0183;0.4351;0.9;0.58;10.02;850;nein (EP 3 737 654)
1586;32.6073;CEM I (Portland);10;Stabmixer;KCl gesättigt;6;0.42;0.0696;0.0177;0.5954;0.2;0.76;6.92;850;nein (EP 3 737 654)
1587;32.607;CEM III (Hüttensandzement);10;Stabmixer;KCl gesättigt;3;0.5;0.0621;0.0183;0.4797;0.2;0.58;6.888;400;nein (EP 3 737 654)
1588;32.5801;CEM I (Portland);12;Stabmixer;Agar-Gel + KCl;10;0.35;0.0902;0.0104;0.58;0.35;1.1;8.18;850;nein (EP 3 737 654)
1589;32.5743;CEM I (Portland);8;Stabmixer;Agar-Gel + KCl;6;0.35;0.062;0.0082;0.72;0.35;0.836;5.62;850;nein (EP 3 737 654)
1590;32.5648;CEM I (Portland);5;Stabmixer + SDS;KCl 1 mol/l;10;0.35;0.0397;0.0067;0.825;0.35;1.0;3.72;850;nein (EP 3 737 654)
1591;32.5298;CEM I (Portland);15;Ultraschall + SDS;KCl 1 mol/l;3;0.42;0.1009;0.028;0.4351;0.35;0.58;10.32;850;nein (EP 3 737 654)
1592;32.5263;CEM I (Portland);12;Stabmixer;KCl gesättigt;10;0.5;0.075;0.0183;0.4756;0.2;1.0;8.2;850;nein (EP 3 737 654)
1593;32.5138;CEM III (Hüttensandzement);15;Ultraschall + SDS;Agar-Gel + KCl;6;0.42;0.0989;0.0174;0.3916;0.35;0.836;10.318;400;nein (EP 3 737 654)
1594;32.5098;CEM III (Hüttensandzement);10;Stabmixer + SDS;Agar-Gel + KCl;3;0.42;0.0682;0.0125;0.5359;0.35;0.638;6.918;400;nein (EP 3 737 654)
1595;32.5072;CEM I (Portland);8;Stabmixer + SDS;Agar-Gel + KCl;10;0.5;0.0513;0.008;0.5904;0.35;1.1;5.67;850;nein (EP 3 737 654)
1596;32.5024;CEM III (Hüttensandzement);8;Handrühren;KCl gesättigt;6;0.42;0.0553;0.01;0.5936;0.2;0.76;5.508;400;nein (EP 3 737 654)
1597;32.5009;CEM III (Hüttensandzement);15;Handrühren;KCl 1 mol/l;10;0.35;0.1079;0.0125;0.4275;0.35;1.0;9.938;400;nein (EP 3 737 654)
1598;32.4776;Geopolymer (Hüttensand + NaOH/Wasserglas);8;Handrühren;Agar-Gel + KCl;3;0.5;0.05;0.0058;0.6494;0.385;0.638;5.68;180;ja
1599;32.4698;CEM I (Portland);10;Stabmixer + SDS;KCl 1 mol/l;3;0.42;0.0696;0.0186;0.5954;0.35;0.58;6.92;850;nein (EP 3 737 654)
1600;32.469;CEM I (Portland);12;Stabmixer + SDS;KCl gesättigt;3;0.5;0.075;0.0266;0.4756;0.2;0.58;8.25;850;nein (EP 3 737 654)
1601;32.4661;CEM III (Hüttensandzement);10;Stabmixer;Agar-Gel + KCl;3;0.35;0.0746;0.0108;0.585;0.35;0.638;6.868;400;nein (EP 3 737 654)
1602;32.4426;CEM I (Portland);5;Stabmixer + SDS;Agar-Gel + KCl;10;0.35;0.0397;0.0046;0.825;0.35;1.1;3.75;850;nein (EP 3 737 654)
1603;32.4399;CEM I (Portland);8;Ultraschall + SDS;Agar-Gel + KCl;6;0.42;0.0565;0.0104;0.6595;0.35;0.836;5.87;850;nein (EP 3 737 654)
1604;32.4215;CEM I (Portland);10;Stabmixer;KCl 1 mol/l;10;0.5;0.0633;0.0123;0.533;0.35;1.0;6.87;850;nein (EP 3 737 654)
1605;32.4212;CEM III (Hüttensandzement);10;Handrühren;KCl gesättigt;3;0.35;0.0746;0.0143;0.585;0.2;0.58;6.788;400;nein (EP 3 737 654)
1606;32.4208;CEM I (Portland);5;Stabmixer;KOH 1 mol/l;3;0.35;0.0397;0.0076;0.825;0.9;0.58;3.72;850;nein (EP 3 737 654)
1607;32.4194;CEM I (Portland);15;Stabmixer + SDS;KCl 1 mol/l;10;0.5;0.092;0.0208;0.3895;0.35;1.0;10.12;850;nein (EP 3 737 654)
1608;32.3977;Geopolymer (Hüttensand + NaOH/Wasserglas);15;Handrühren;KCl gesättigt;3;0.5;0.0898;0.0199;0.4284;0.22;0.58;10.18;180;ja
1609;32.3908;CEM III (Hüttensandzement);15;Stabmixer;Agar-Gel + KCl;10;0.42;0.0989;0.0118;0.3916;0.35;1.1;10.068;400;nein (EP 3 737 654)
1610;32.3344;CEM I (Portland);8;Stabmixer;KCl 1 mol/l;3;0.35;0.062;0.0129;0.72;0.35;0.58;5.59;850;nein (EP 3 737 654)
1611;32.3216;CEM III (Hüttensandzement);15;Stabmixer;KCl gesättigt;3;0.5;0.0904;0.0259;0.3505;0.2;0.58;10.088;400;nein (EP 3 737 654)
1612;32.311;CEM I (Portland);12;Stabmixer;KCl 1 mol/l;6;0.35;0.0902;0.0168;0.58;0.35;0.76;8.15;850;nein (EP 3 737 654)
1613;32.2912;CEM I (Portland);15;Ultraschall + SDS;KCl 1 mol/l;6;0.5;0.092;0.0257;0.3895;0.35;0.76;10.32;850;nein (EP 3 737 654)
1614;32.2788;CEM I (Portland);8;Handrühren;Agar-Gel + KCl;10;0.42;0.0565;0.0051;0.6595;0.35;1.1;5.52;850;nein (EP 3 737 654)
1615;32.2687;Geopolymer (Hüttensand + NaOH/Wasserglas);5;Ultraschall + SDS;KCl 1 mol/l;6;0.42;0.035;0.007;0.8313;0.385;0.76;4.08;180;ja
1616;32.2661;CEM III (Hüttensandzement);5;Ultraschall + SDS;Agar-Gel + KCl;6;0.35;0.0388;0.0056;0.7425;0.35;0.836;3.918;400;nein (EP 3 737 654)
1617;32.266;CEM I (Portland);5;Ultraschall + SDS;KOH 1 mol/l;6;0.42;0.0361;0.0085;0.7557;0.9;0.76;3.97;850;nein (EP 3 737 654)
1618;32.2348;CEM III (Hüttensandzement);8;Handrühren;KCl gesättigt;10;0.5;0.0503;0.0084;0.5314;0.2;1.0;5.508;400;nein (EP 3 737 654)
1619;32.2345;CEM III (Hüttensandzement);15;Stabmixer;KCl 1 mol/l;3;0.35;0.1079;0.0207;0.4275;0.35;0.58;10.038;400;nein (EP 3 737 654)
1620;32.2243;CEM I (Portland);12;Stabmixer;KCl gesättigt;3;0.35;0.0902;0.0229;0.58;0.2;0.58;8.2;850;nein (EP 3 737 654)
1621;32.2122;CEM I (Portland);15;Stabmixer;KCl gesättigt;10;0.42;0.1009;0.0217;0.4351;0.2;1.0;10.12;850;nein (EP 3 737 654)
1622;32.2053;CEM I (Portland);10;Stabmixer + SDS;Agar-Gel + KCl;10;0.5;0.0633;0.0102;0.533;0.35;1.1;6.95;850;nein (EP 3 737 654)
1623;32.1892;CEM III (Hüttensandzement);10;Handrühren;KCl 1 mol/l;3;0.35;0.0746;0.0115;0.585;0.35;0.58;6.738;400;nein (EP 3 737 654)
1624;32.1891;CEM I (Portland);8;Ultraschall + SDS;KCl 1 mol/l;6;0.5;0.0513;0.0144;0.5904;0.35;0.76;5.84;850;nein (EP 3 737 654)
1625;32.179;CEM I (Portland);8;Stabmixer;KCl gesättigt;6;0.42;0.0565;0.0142;0.6595;0.2;0.76;5.64;850;nein (EP 3 737 654)
1626;32.1698;CEM I (Portland);8;Ultraschall + SDS;Agar-Gel + KCl;3;0.35;0.062;0.0119;0.72;0.35;0.638;5.87;850;nein (EP 3 737 654)
1627;32.1661;CEM III (Hüttensandzement);15;Stabmixer + SDS;Agar-Gel + KCl;6;0.35;0.1079;0.0157;0.4275;0.35;0.836;10.118;400;nein (EP 3 737 654)
1628;32.1637;CEM I (Portland);15;Stabmixer + SDS;KCl gesättigt;3;0.5;0.092;0.0315;0.3895;0.2;0.58;10.17;850;nein (EP 3 737 654)
1629;32.148;CEM I (Portland);12;Stabmixer;KCl gesättigt;6;0.42;0.0824;0.0209;0.5313;0.2;0.76;8.2;850;nein (EP 3 737 654)
1630;32.1429;Geopolymer (Hüttensand + NaOH/Wasserglas);5;Stabmixer;Eigene Porenlösung (ohne Zusatz);3;0.42;0.035;0.0037;0.8313;1.1;0.638;3.78;180;ja
1631;32.1319;CEM I (Portland);12;Stabmixer + SDS;KCl 1 mol/l;3;0.42;0.0824;0.0218;0.5313;0.35;0.58;8.2;850;nein (EP 3 737 654)
1632;32.1057;CEM III (Hüttensandzement);8;Handrühren;Agar-Gel + KCl;6;0.42;0.0553;0.0055;0.5936;0.35;0.836;5.488;400;nein (EP 3 737 654)
1633;32.1048;Geopolymer (Hüttensand + NaOH/Wasserglas);15;Handrühren;Agar-Gel + KCl;6;0.42;0.0983;0.01;0.4786;0.385;0.836;10.16;180;ja
1634;32.0826;CEM III (Hüttensandzement);12;Stabmixer + SDS;Agar-Gel + KCl;6;0.5;0.0736;0.0132;0.428;0.35;0.836;8.198;400;nein (EP 3 737 654)
1635;32.0706;CEM I (Portland);12;Ultraschall + SDS;Agar-Gel + KCl;6;0.35;0.0902;0.0154;0.58;0.35;0.836;8.43;850;nein (EP 3 737 654)
1636;32.0649;Geopolymer (Hüttensand + NaOH/Wasserglas);5;Stabmixer;Agar-Gel + KCl;3;0.35;0.0384;0.0043;0.9075;0.385;0.638;3.86;180;ja
1637;32.046;CEM I (Portland);8;Stabmixer + SDS;KCl 1 mol/l;3;0.42;0.0565;0.0149;0.6595;0.35;0.58;5.64;850;nein (EP 3 737 654)
1638;31.9866;CEM I (Portland);8;Stabmixer;KCl 1 mol/l;6;0.42;0.0565;0.0113;0.6595;0.35;0.76;5.59;850;nein (EP 3 737 654)
1639;31.979;CEM III (Hüttensandzement);5;Ultraschall + SDS;KOH 1 mol/l;3;0.42;0.0353;0.0088;0.6801;0.9;0.58;3.938;400;nein (EP 3 737 654)
1640;31.9648;CEM I (Portland);15;Ultraschall + SDS;Agar-Gel + KCl;10;0.35;0.1102;0.0159;0.475;0.35;1.1;10.35;850;nein (EP 3 737 654)
1641;31.9593;CEM I (Portland);8;Stabmixer;KCl 1 mol/l;10;0.5;0.0513;0.0096;0.5904;0.35;1.0;5.59;850;nein (EP 3 737 654)
1642;31.941;CEM III (Hüttensandzement);5;Stabmixer;Agar-Gel + KCl;10;0.35;0.0388;0.0034;0.7425;0.35;1.1;3.668;400;nein (EP 3 737 654)
1643;31.9237;CEM I (Portland);12;Ultraschall + SDS;Agar-Gel + KCl;10;0.5;0.075;0.0135;0.4756;0.35;1.1;8.43;850;nein (EP 3 737 654)
1644;31.9225;Geopolymer (Hüttensand + NaOH/Wasserglas);5;Stabmixer + SDS;KCl gesättigt;10;0.42;0.035;0.0068;0.8313;0.22;1.0;3.93;180;ja
1645;31.9124;CEM I (Portland);12;Ultraschall + SDS;KCl 1 mol/l;3;0.5;0.075;0.0237;0.4756;0.35;0.58;8.4;850;nein (EP 3 737 654)
1646;31.9053;CEM I (Portland);8;Handrühren;KCl gesättigt;10;0.42;0.0565;0.0093;0.6595;0.2;1.0;5.54;850;nein (EP 3 737 654)
1647;31.9029;CEM III (Hüttensandzement);12;Stabmixer;Agar-Gel + KCl;6;0.42;0.0807;0.0113;0.4782;0.35;0.836;8.148;400;nein (EP 3 737 654)
1648;31.8839;CEM III (Hüttensandzement);15;Handrühren;KCl gesättigt;10;0.42;0.0989;0.0157;0.3916;0.2;1.0;9.988;400;nein (EP 3 737 654)
1649;31.8103;CEM I (Portland);5;Stabmixer + SDS;KCl gesättigt;10;0.35;0.0397;0.0084;0.825;0.2;1.0;3.77;850;nein (EP 3 737 654)
1650;31.799;CEM I (Portland);10;Stabmixer;KCl 1 mol/l;3;0.35;0.0763;0.016;0.65;0.35;0.58;6.87;850;nein (EP 3 737 654)
1651;31.794;CEM I (Portland);10;Stabmixer + SDS;KCl 1 mol/l;6;0.5;0.0633;0.0164;0.533;0.35;0.76;6.92;850;nein (EP 3 737 654)
1652;31.7855;CEM I (Portland);15;Stabmixer;KCl 1 mol/l;10;0.35;0.1102;0.0173;0.475;0.35;1.0;10.07;850;nein (EP 3 737 654)
1653;31.7766;Geopolymer (Hüttensand + NaOH/Wasserglas);5;Ultraschall + SDS;Agar-Gel + KCl;6;0.42;0.035;0.0048;0.8313;0.385;0.836;4.11;180;ja
1654;31.7568;CEM III (Hüttensandzement);5;Stabmixer + SDS;KOH 1 mol/l;6;0.42;0.0353;0.0069;0.6801;0.9;0.76;3.738;400;nein (EP 3 737 654)
1655;31.7497;CEM I (Portland);8;Stabmixer;KCl gesättigt;10;0.5;0.0513;0.012;0.5904;0.2;1.0;5.64;850;nein (EP 3 737 654)
1656;31.7291;CEM I (Portland);10;Handrühren;KCl 1 mol/l;10;0.42;0.0696;0.0094;0.5954;0.35;1.0;6.77;850;nein (EP 3 737 654)
1657;31.7198;CEM I (Portland);10;Ultraschall + SDS;Agar-Gel + KCl;6;0.42;0.0696;0.013;0.5954;0.35;0.836;7.15;850;nein (EP 3 737 654)
1658;31.7174;CEM I (Portland);10;Stabmixer;KCl 1 mol/l;6;0.42;0.0696;0.0142;0.5954;0.35;0.76;6.87;850;nein (EP 3 737 654)
1659;31.7026;Geopolymer (Hüttensand + NaOH/Wasserglas);5;Stabmixer;KCl gesättigt;3;0.35;0.0384;0.0077;0.9075;0.22;0.58;3.88;180;ja
1660;31.7001;CEM III (Hüttensandzement);12;Handrühren;KCl gesättigt;6;0.42;0.0807;0.0151;0.4782;0.2;0.76;8.068;400;nein (EP 3 737 654)
1661;31.6732;CEM I (Portland);8;Handrühren;KCl 1 mol/l;6;0.35;0.062;0.0087;0.72;0.35;0.76;5.49;850;nein (EP 3 737 654)
1662;31.6668;CEM III (Hüttensandzement);5;Stabmixer;KCl 1 mol/l;10;0.35;0.0388;0.005;0.7425;0.35;1.0;3.638;400;nein (EP 3 737 654)
1663;31.6363;CEM III (Hüttensandzement);15;Stabmixer;KCl 1 mol/l;6;0.5;0.0904;0.019;0.3505;0.35;0.76;10.038;400;nein (EP 3 737 654)
1664;31.6326;CEM I (Portland);12;Handrühren;KCl gesättigt;10;0.35;0.0902;0.0139;0.58;0.2;1.0;8.1;850;nein (EP 3 737 654)
1665;31.6178;CEM III (Hüttensandzement);10;Stabmixer;KCl 1 mol/l;3;0.5;0.0621;0.0146;0.4797;0.35;0.58;6.838;400;nein (EP 3 737 654)
1666;31.5937;CEM I (Portland);12;Stabmixer + SDS;KCl 1 mol/l;6;0.5;0.075;0.0195;0.4756;0.35;0.76;8.2;850;nein (EP 3 737 654)
1667;31.5928;CEM I (Portland);8;Stabmixer + SDS;Agar-Gel + KCl;6;0.42;0.0565;0.0094;0.6595;0.35;0.836;5.67;850;nein (EP 3 737 654)
1668;31.5713;CEM I (Portland);10;Stabmixer + SDS;KCl gesättigt;3;0.5;0.0633;0.0224;0.533;0.2;0.58;6.97;850;nein (EP 3 737 654)
1669;31.5652;Geopolymer (Hüttensand + NaOH/Wasserglas);5;Stabmixer;KOH 1 mol/l;3;0.42;0.035;0.0059;0.8313;0.99;0.58;3.88;180;ja
1670;31.5411;CEM III (Hüttensandzement);12;Handrühren;Agar-Gel + KCl;10;0.5;0.0736;0.0073;0.428;0.35;1.1;8.048;400;nein (EP 3 737 654)
1671;31.5171;CEM I (Portland);12;Stabmixer;KCl 1 mol/l;10;0.5;0.075;0.0147;0.4756;0.35;1.0;8.15;850;nein (EP 3 737 654)
1672;31.502;CEM I (Portland);10;Ultraschall + SDS;KCl 1 mol/l;3;0.5;0.0633;0.0199;0.533;0.35;0.58;7.12;850;nein (EP 3 737 654)
1673;31.4954;Geopolymer (Hüttensand + NaOH/Wasserglas);5;Ultraschall + SDS;KCl gesättigt;6;0.42;0.035;0.0088;0.8313;0.22;0.76;4.13;180;ja
1674;31.4926;CEM III (Hüttensandzement);5;Stabmixer + SDS;KCl 1 mol/l;6;0.35;0.0388;0.007;0.7425;0.35;0.76;3.688;400;nein (EP 3 737 654)
1675;31.489;CEM I (Portland);12;Handrühren;KCl 1 mol/l;10;0.35;0.0902;0.0111;0.58;0.35;1.0;8.05;850;nein (EP 3 737 654)
1676;31.4837;CEM I (Portland);15;Stabmixer + SDS;KCl 1 mol/l;6;0.42;0.1009;0.0231;0.4351;0.35;0.76;10.12;850;nein (EP 3 737 654)
1677;31.4479;CEM I (Portland);10;Handrühren;KCl gesättigt;10;0.42;0.0696;0.0117;0.5954;0.2;1.0;6.82;850;nein (EP 3 737 654)
1678;31.4327;Geopolymer (Hüttensand + NaOH/Wasserglas);5;Stabmixer + SDS;Eigene Porenlösung (ohne Zusatz);10;0.5;0.0318;0.0032;0.7441;1.1;1.1;3.83;180;ja
1679;31.428;CEM III (Hüttensandzement);12;Stabmixer + SDS;Agar-Gel + KCl;3;0.42;0.0807;0.0148;0.4782;0.35;0.638;8.198;400;nein (EP 3 737 654)
1680;31.424;CEM I (Portland);8;Stabmixer + SDS;KCl gesättigt;6;0.5;0.0513;0.0162;0.5904;0.2;0.76;5.69;850;nein (EP 3 737 654)
1681;31.4185;CEM III (Hüttensandzement);8;Handrühren;Agar-Gel + KCl;3;0.35;0.0606;0.0063;0.648;0.35;0.638;5.488;400;nein (EP 3 737 654)
1682;31.3886;CEM III (Hüttensandzement);15;Handrühren;KCl 1 mol/l;10;0.42;0.0989;0.0126;0.3916;0.35;1.0;9.938;400;nein (EP 3 737 654)
1683;31.3709;CEM III (Hüttensandzement);12;Stabmixer;KCl 1 mol/l;3;0.5;0.0736;0.0174;0.428;0.35;0.58;8.118;400;nein (EP 3 737 654)
1684;31.3433;Geopolymer (Hüttensand + NaOH/Wasserglas);15;Handrühren;KCl 1 mol/l;3;0.5;0.0898;0.0159;0.4284;0.385;0.58;10.13;180;ja
1685;31.3368;Geopolymer (Hüttensand + NaOH/Wasserglas);15;Stabmixer;Agar-Gel + KCl;3;0.5;0.0898;0.0149;0.4284;0.385;0.638;10.26;180;ja
1686;31.3337;CEM III (Hüttensandzement);15;Ultraschall + SDS;Agar-Gel + KCl;3;0.35;0.1079;0.019;0.4275;0.35;0.638;10.318;400;nein (EP 3 737 654)
1687;31.3317;Geopolymer (Hüttensand + NaOH/Wasserglas);5;Handrühren;KCl gesättigt;10;0.35;0.0384;0.0042;0.9075;0.22;1.0;3.78;180;ja
1688;31.3262;CEM III (Hüttensandzement);12;Handrühren;KCl 1 mol/l;6;0.42;0.0807;0.0121;0.4782;0.35;0.76;8.018;400;nein (EP 3 737 654)
1689;31.3164;CEM III (Hüttensandzement);10;Ultraschall + SDS;Agar-Gel + KCl;3;0.5;0.0621;0.0134;0.4797;0.35;0.638;7.118;400;nein (EP 3 737 654)
1690;31.2896;CEM I (Portland);8;Ultraschall + SDS;KCl gesättigt;3;0.5;0.0513;0.0197;0.5904;0.2;0.58;5.89;850;nein (EP 3 737 654)
1691;31.2875;CEM I (Portland);10;Ultraschall + SDS;Agar-Gel + KCl;3;0.35;0.0763;0.0147;0.65;0.35;0.638;7.15;850;nein (EP 3 737 654)
1692;31.2707;CEM I (Portland);15;Stabmixer + SDS;KCl 1 mol/l;3;0.35;0.1102;0.0252;0.475;0.35;0.58;10.12;850;nein (EP 3 737 654)
1693;31.2539;CEM III (Hüttensandzement);10;Stabmixer;Agar-Gel + KCl;6;0.5;0.0621;0.0092;0.4797;0.35;0.836;6.868;400;nein (EP 3 737 654)
1694;31.2266;CEM I (Portland);8;Stabmixer + SDS;Agar-Gel + KCl;3;0.35;0.062;0.0107;0.72;0.35;0.638;5.67;850;nein (EP 3 737 654)
1695;31.2263;CEM I (Portland);8;Handrühren;KCl gesättigt;6;0.35;0.062;0.0108;0.72;0.2;0.76;5.54;850;nein (EP 3 737 654)
1696;31.2184;CEM III (Hüttensandzement);15;Ultraschall + SDS;Agar-Gel + KCl;6;0.5;0.0904;0.0174;0.3505;0.35;0.836;10.318;400;nein (EP 3 737 654)
1697;31.21;CEM III (Hüttensandzement);8;Stabmixer;Agar-Gel + KCl;3;0.42;0.0553;0.0083;0.5936;0.35;0.638;5.588;400;nein (EP 3 737 654)
1698;31.17;Geopolymer (Hüttensand + NaOH/Wasserglas);5;Ultraschall + SDS;Eigene Porenlösung (ohne Zusatz);6;0.5;0.0318;0.0042;0.7441;1.1;0.836;4.03;180;ja
1699;31.1589;CEM I (Portland);15;Handrühren;KOH 1 mol/l;3;0.5;0.092;0.0183;0.3895;0.9;0.58;10.02;850;nein (EP 3 737 654)
1700;31.1464;CEM I (Portland);15;Stabmixer;KCl gesättigt;6;0.35;0.1102;0.024;0.475;0.2;0.76;10.12;850;nein (EP 3 737 654)
1701;31.1414;Geopolymer (Hüttensand + NaOH/Wasserglas);12;Handrühren;Agar-Gel + KCl;3;0.5;0.0731;0.0092;0.5232;0.385;0.638;8.24;180;ja
1702;31.1362;CEM III (Hüttensandzement);15;Stabmixer;KCl 1 mol/l;3;0.42;0.0989;0.0207;0.3916;0.35;0.58;10.038;400;nein (EP 3 737 654)
1703;31.0947;CEM III (Hüttensandzement);15;Stabmixer;Agar-Gel + KCl;10;0.5;0.0904;0.0118;0.3505;0.35;1.1;10.068;400;nein (EP 3 737 654)
1704;31.0897;CEM III (Hüttensandzement);10;Handrühren;Agar-Gel + KCl;6;0.42;0.0682;0.007;0.5359;0.35;0.836;6.768;400;nein (EP 3 737 654)
1705;31.0784;CEM I (Portland);15;Ultraschall + SDS;KCl 1 mol/l;3;0.5;0.092;0.028;0.3895;0.35;0.58;10.32;850;nein (EP 3 737 654)
1706;31.068;CEM III (Hüttensandzement);8;Stabmixer;Agar-Gel + KCl;6;0.5;0.0503;0.0072;0.5314;0.35;0.836;5.588;400;nein (EP 3 737 654)
1707;31.0645;CEM III (Hüttensandzement);12;Handrühren;KCl gesättigt;3;0.35;0.0882;0.0165;0.522;0.2;0.58;8.068;400;nein (EP 3 737 654)
1708;31.0594;CEM III (Hüttensandzement);15;Stabmixer + SDS;Agar-Gel + KCl;6;0.42;0.0989;0.0157;0.3916;0.35;0.836;10.118;400;nein (EP 3 737 654)
1709;31.0008;Geopolymer (Hüttensand + NaOH/Wasserglas);5;Handrühren;Eigene Porenlösung (ohne Zusatz);10;0.42;0.035;0.0019;0.8313;1.1;1.1;3.68;180;ja
1710;30.9621;CEM I (Portland);8;Stabmixer;Agar-Gel + KCl;10;0.5;0.0513;0.0066;0.5904;0.35;1.1;5.62;850;nein (EP 3 737 654)
1711;30.9619;CEM I (Portland);12;Stabmixer;Agar-Gel + KCl;10;0.42;0.0824;0.0103;0.5313;0.35;1.1;8.18;850;nein (EP 3 737 654)
1712;30.9595;CEM III (Hüttensandzement);5;Handrühren;KOH 1 mol/l;6;0.35;0.0388;0.0043;0.7425;0.9;0.76;3.588;400;nein (EP 3 737 654)
1713;30.9309;CEM I (Portland);10;Stabmixer;Agar-Gel + KCl;6;0.35;0.0763;0.0101;0.65;0.35;0.836;6.9;850;nein (EP 3 737 654)
1714;30.9274;CEM III (Hüttensandzement);5;Stabmixer + SDS;Agar-Gel + KCl;6;0.35;0.0388;0.0048;0.7425;0.35;0.836;3.718;400;nein (EP 3 737 654)
1715;30.8787;CEM I (Portland);5;Ultraschall + SDS;KCl 1 mol/l;6;0.35;0.0397;0.0085;0.825;0.35;0.76;3.92;850;nein (EP 3 737 654)
1716;30.8688;CEM III (Hüttensandzement);5;Ultraschall + SDS;KCl 1 mol/l;3;0.35;0.0388;0.0088;0.7425;0.35;0.58;3.888;400;nein (EP 3 737 654)
1717;30.8551;CEM I (Portland);8;Stabmixer + SDS;KCl 1 mol/l;6;0.5;0.0513;0.0129;0.5904;0.35;0.76;5.64;850;nein (EP 3 737 654)
1718;30.8526;CEM I (Portland);12;Stabmixer + SDS;Agar-Gel + KCl;10;0.5;0.075;0.0121;0.4756;0.35;1.1;8.23;850;nein (EP 3 737 654)
1719;30.8276;CEM III (Hüttensandzement);5;Stabmixer + SDS;KCl gesättigt;6;0.35;0.0388;0.0088;0.7425;0.2;0.76;3.738;400;nein (EP 3 737 654)
1720;30.8168;CEM III (Hüttensandzement);8;Ultraschall + SDS;Agar-Gel + KCl;3;0.5;0.0503;0.0106;0.5314;0.35;0.638;5.838;400;nein (EP 3 737 654)
1721;30.8112;CEM I (Portland);12;Stabmixer + SDS;Agar-Gel + KCl;6;0.35;0.0902;0.0139;0.58;0.35;0.836;8.23;850;nein (EP 3 737 654)
1722;30.7707;CEM I (Portland);10;Handrühren;Agar-Gel + KCl;10;0.42;0.0696;0.0064;0.5954;0.35;1.1;6.8;850;nein (EP 3 737 654)
1723;30.7629;CEM I (Portland);15;Stabmixer;KCl gesättigt;10;0.5;0.092;0.0217;0.3895;0.2;1.0;10.12;850;nein (EP 3 737 654)
1724;30.7509;CEM III (Hüttensandzement);12;Ultraschall + SDS;Agar-Gel + KCl;3;0.5;0.0736;0.016;0.428;0.35;0.638;8.398;400;nein (EP 3 737 654)
1725;30.7281;CEM I (Portland);15;Ultraschall + SDS;Agar-Gel + KCl;10;0.42;0.1009;0.0159;0.4351;0.35;1.1;10.35;850;nein (EP 3 737 654)
1726;30.7032;CEM I (Portland);10;Stabmixer;KCl gesättigt;3;0.42;0.0696;0.0193;0.5954;0.2;0.58;6.92;850;nein (EP 3 737 654)
1727;30.6867;CEM I (Portland);10;Stabmixer + SDS;Agar-Gel + KCl;6;0.42;0.0696;0.0117;0.5954;0.35;0.836;6.95;850;nein (EP 3 737 654)
1728;30.6682;CEM III (Hüttensandzement);5;Stabmixer;KCl gesättigt;10;0.35;0.0388;0.0062;0.7425;0.2;1.0;3.688;400;nein (EP 3 737 654)
1729;30.6607;CEM I (Portland);15;Stabmixer + SDS;Agar-Gel + KCl;10;0.35;0.1102;0.0143;0.475;0.35;1.1;10.15;850;nein (EP 3 737 654)
1730;30.6461;CEM I (Portland);12;Stabmixer;KCl 1 mol/l;6;0.42;0.0824;0.0167;0.5313;0.35;0.76;8.15;850;nein (EP 3 737 654)
1731;30.6458;CEM III (Hüttensandzement);5;Stabmixer;KOH 1 mol/l;10;0.42;0.0353;0.0048;0.6801;0.9;1.0;3.688;400;nein (EP 3 737 654)
1732;30.5868;CEM III (Hüttensandzement);15;Handrühren;KCl gesättigt;10;0.5;0.0904;0.0157;0.3505;0.2;1.0;9.988;400;nein (EP 3 737 654)
1733;30.5746;CEM III (Hüttensandzement);15;Handrühren;Agar-Gel + KCl;10;0.35;0.1079;0.0086;0.4275;0.35;1.1;9.968;400;nein (EP 3 737 654)
1734;30.5717;CEM I (Portland);10;Stabmixer;Agar-Gel + KCl;10;0.5;0.0633;0.0085;0.533;0.35;1.1;6.9;850;nein (EP 3 737 654)
1735;30.5714;Geopolymer (Hüttensand + NaOH/Wasserglas);5;Ultraschall + SDS;KOH 1 mol/l;6;0.5;0.0318;0.0066;0.7441;0.99;0.76;4.13;180;ja
1736;30.5588;CEM III (Hüttensandzement);12;Stabmixer;Agar-Gel + KCl;3;0.35;0.0882;0.0124;0.522;0.35;0.638;8.148;400;nein (EP 3 737 654)
1737;30.5507;CEM I (Portland);15;Stabmixer;KCl 1 mol/l;10;0.42;0.1009;0.0173;0.4351;0.35;1.0;10.07;850;nein (EP 3 737 654)
1738;30.5403;Geopolymer (Hüttensand + NaOH/Wasserglas);15;Handrühren;Agar-Gel + KCl;3;0.35;0.1071;0.0109;0.5225;0.385;0.638;10.16;180;ja
1739;30.5334;CEM III (Hüttensandzement);12;Handrühren;Agar-Gel + KCl;6;0.35;0.0882;0.0083;0.522;0.35;0.836;8.048;400;nein (EP 3 737 654)
1740;30.5298;CEM III (Hüttensandzement);5;Ultraschall + SDS;KCl gesättigt;3;0.35;0.0388;0.011;0.7425;0.2;0.58;3.938;400;nein (EP 3 737 654)
1741;30.523;CEM III (Hüttensandzement);10;Stabmixer;Agar-Gel + KCl;3;0.42;0.0682;0.0104;0.5359;0.35;0.638;6.868;400;nein (EP 3 737 654)
1742;30.5215;Geopolymer (Hüttensand + NaOH/Wasserglas);15;Handrühren;Agar-Gel + KCl;6;0.5;0.0898;0.01;0.4284;0.385;0.836;10.16;180;ja
1743;30.515;CEM I (Portland);12;Stabmixer;KCl gesättigt;3;0.42;0.0824;0.0227;0.5313;0.2;0.58;8.2;850;nein (EP 3 737 654)
1744;30.4898;CEM III (Hüttensandzement);8;Stabmixer;KCl gesättigt;3;0.5;0.0503;0.0142;0.5314;0.2;0.58;5.608;400;nein (EP 3 737 654)
1745;30.475;CEM I (Portland);8;Handrühren;Agar-Gel + KCl;6;0.35;0.062;0.006;0.72;0.35;0.836;5.52;850;nein (EP 3 737 654)
1746;30.467;CEM I (Portland);5;Ultraschall + SDS;KCl gesättigt;6;0.35;0.0397;0.0106;0.825;0.2;0.76;3.97;850;nein (EP 3 737 654)
1747;30.4245;CEM III (Hüttensandzement);10;Handrühren;KCl 1 mol/l;6;0.5;0.0621;0.0098;0.4797;0.35;0.76;6.738;400;nein (EP 3 737 654)
1748;30.4186;CEM I (Portland);12;Ultraschall + SDS;Agar-Gel + KCl;6;0.42;0.0824;0.0153;0.5313;0.35;0.836;8.43;850;nein (EP 3 737 654)
1749;30.418;CEM III (Hüttensandzement);8;Handrühren;KCl 1 mol/l;3;0.42;0.0553;0.0087;0.5936;0.35;0.58;5.458;400;nein (EP 3 737 654)
1750;30.4041;CEM III (Hüttensandzement);12;Handrühren;KCl 1 mol/l;3;0.35;0.0882;0.0132;0.522;0.35;0.58;8.018;400;nein (EP 3 737 654)
1751;30.3317;CEM III (Hüttensandzement);10;Handrühren;KCl gesättigt;3;0.42;0.0682;0.0139;0.5359;0.2;0.58;6.788;400;nein (EP 3 737 654)
1752;30.3302;CEM I (Portland);10;Handrühren;KCl gesättigt;6;0.35;0.0763;0.0135;0.65;0.2;0.76;6.82;850;nein (EP 3 737 654)
1753;30.3232;CEM I (Portland);12;Stabmixer;KCl 1 mol/l;3;0.35;0.0902;0.0183;0.58;0.35;0.58;8.15;850;nein (EP 3 737 654)
1754;30.3152;Geopolymer (Hüttensand + NaOH/Wasserglas);5;Stabmixer + SDS;KOH 1 mol/l;10;0.5;0.0318;0.005;0.7441;0.99;1.0;3.93;180;ja
1755;30.2987;CEM III (Hüttensandzement);8;Stabmixer;KCl 1 mol/l;3;0.5;0.0503;0.0113;0.5314;0.35;0.58;5.558;400;nein (EP 3 737 654)
1756;30.2787;Geopolymer (Hüttensand + NaOH/Wasserglas);5;Ultraschall + SDS;KCl 1 mol/l;3;0.42;0.035;0.0076;0.8313;0.385;0.58;4.08;180;ja
1757;30.2776;CEM I (Portland);5;Ultraschall + SDS;KOH 1 mol/l;3;0.42;0.0361;0.0093;0.7557;0.9;0.58;3.97;850;nein (EP 3 737 654)
1758;30.27;CEM I (Portland);10;Handrühren;KCl 1 mol/l;6;0.35;0.0763;0.0108;0.65;0.35;0.76;6.77;850;nein (EP 3 737 654)
1759;30.251;CEM III (Hüttensandzement);10;Handrühren;KCl gesättigt;6;0.5;0.0621;0.0123;0.4797;0.2;0.76;6.788;400;nein (EP 3 737 654)
1760;30.2481;CEM I (Portland);5;Stabmixer + SDS;KOH 1 mol/l;6;0.42;0.0361;0.0074;0.7557;0.9;0.76;3.77;850;nein (EP 3 737 654)
1761;30.2326;CEM III (Hüttensandzement);15;Ultraschall + SDS;Agar-Gel + KCl;3;0.42;0.0989;0.019;0.3916;0.35;0.638;10.318;400;nein (EP 3 737 654)
1762;30.2325;Geopolymer (Hüttensand + NaOH/Wasserglas);5;Stabmixer + SDS;KCl 1 mol/l;6;0.42;0.035;0.006;0.8313;0.385;0.76;3.88;180;ja
1763;30.223;CEM III (Hüttensandzement);10;Stabmixer + SDS;Agar-Gel + KCl;3;0.5;0.0621;0.0121;0.4797;0.35;0.638;6.918;400;nein (EP 3 737 654)
1764;30.1933;CEM III (Hüttensandzement);10;Handrühren;KCl 1 mol/l;3;0.42;0.0682;0.0111;0.5359;0.35;0.58;6.738;400;nein (EP 3 737 654)
1765;30.1081;CEM I (Portland);5;Stabmixer;Agar-Gel + KCl;10;0.35;0.0397;0.0036;0.825;0.35;1.1;3.7;850;nein (EP 3 737 654)
1766;30.0976;CEM I (Portland);10;Stabmixer + SDS;Agar-Gel + KCl;3;0.35;0.0763;0.0132;0.65;0.35;0.638;6.95;850;nein (EP 3 737 654)
1767;30.0915;CEM III (Hüttensandzement);15;Handrühren;KCl 1 mol/l;10;0.5;0.0904;0.0126;0.3505;0.35;1.0;9.938;400;nein (EP 3 737 654)
1768;30.0548;CEM III (Hüttensandzement);15;Handrühren;KCl gesättigt;6;0.35;0.1079;0.0174;0.4275;0.2;0.76;9.988;400;nein (EP 3 737 654)
1769;30.0546;CEM I (Portland);8;Ultraschall + SDS;KCl 1 mol/l;3;0.5;0.0513;0.0157;0.5904;0.35;0.58;5.84;850;nein (EP 3 737 654)
1770;30.0504;Geopolymer (Hüttensand + NaOH/Wasserglas);5;Handrühren;Agar-Gel + KCl;6;0.35;0.0384;0.0026;0.9075;0.385;0.836;3.76;180;ja
1771;30.0469;CEM I (Portland);15;Stabmixer + SDS;KCl 1 mol/l;3;0.42;0.1009;0.0252;0.4351;0.35;0.58;10.12;850;nein (EP 3 737 654)
1772;30.0342;CEM I (Portland);15;Stabmixer + SDS;KCl 1 mol/l;6;0.5;0.092;0.0231;0.3895;0.35;0.76;10.12;850;nein (EP 3 737 654)
1773;30.0025;CEM I (Portland);8;Stabmixer;Agar-Gel + KCl;6;0.42;0.0565;0.0078;0.6595;0.35;0.836;5.62;850;nein (EP 3 737 654)
1774;30.0002;CEM III (Hüttensandzement);8;Handrühren;KCl gesättigt;3;0.42;0.0553;0.0109;0.5936;0.2;0.58;5.508;400;nein (EP 3 737 654)
1775;29.9975;CEM I (Portland);8;Stabmixer;KCl gesättigt;3;0.42;0.0565;0.0154;0.6595;0.2;0.58;5.64;850;nein (EP 3 737 654)
1776;29.996;CEM I (Portland);12;Handrühren;Agar-Gel + KCl;10;0.35;0.0902;0.0076;0.58;0.35;1.1;8.08;850;nein (EP 3 737 654)
1777;29.9948;CEM III (Hüttensandzement);12;Stabmixer;Agar-Gel + KCl;6;0.5;0.0736;0.011;0.428;0.35;0.836;8.148;400;nein (EP 3 737 654)
1778;29.9857;CEM I (Portland);12;Handrühren;KCl gesättigt;10;0.42;0.0824;0.0138;0.5313;0.2;1.0;8.1;850;nein (EP 3 737 654)
1779;29.9668;Geopolymer (Hüttensand + NaOH/Wasserglas);5;Stabmixer + SDS;Agar-Gel + KCl;6;0.42;0.035;0.0041;0.8313;0.385;0.836;3.91;180;ja
1780;29.921;CEM I (Portland);15;Stabmixer;KCl gesättigt;6;0.42;0.1009;0.0241;0.4351;0.2;0.76;10.12;850;nein (EP 3 737 654)
1781;29.9137;CEM I (Portland);5;Ultraschall + SDS;Agar-Gel + KCl;6;0.35;0.0397;0.0058;0.825;0.35;0.836;3.95;850;nein (EP 3 737 654)
1782;29.9086;CEM I (Portland);10;Stabmixer;KCl gesättigt;6;0.5;0.0633;0.0171;0.533;0.2;0.76;6.92;850;nein (EP 3 737 654)
1783;29.8959;CEM I (Portland);5;Stabmixer;KCl 1 mol/l;10;0.35;0.0397;0.0053;0.825;0.35;1.0;3.67;850;nein (EP 3 737 654)
1784;29.8785;CEM I (Portland);12;Stabmixer;KCl gesättigt;6;0.5;0.075;0.0204;0.4756;0.2;0.76;8.2;850;nein (EP 3 737 654)
1785;29.8627;CEM I (Portland);12;Handrühren;KCl 1 mol/l;10;0.42;0.0824;0.011;0.5313;0.35;1.0;8.05;850;nein (EP 3 737 654)
1786;29.8583;Geopolymer (Hüttensand + NaOH/Wasserglas);5;Handrühren;KCl 1 mol/l;6;0.35;0.0384;0.0037;0.9075;0.385;0.76;3.73;180;ja
1787;29.8458;CEM I (Portland);12;Stabmixer + SDS;KCl 1 mol/l;3;0.5;0.075;0.0213;0.4756;0.35;0.58;8.2;850;nein (EP 3 737 654)
1788;29.8429;CEM III (Hüttensandzement);8;Stabmixer + SDS;Agar-Gel + KCl;3;0.5;0.0503;0.0095;0.5314;0.35;0.638;5.638;400;nein (EP 3 737 654)
1789;29.8401;CEM III (Hüttensandzement);15;Stabmixer;KCl 1 mol/l;3;0.5;0.0904;0.0207;0.3505;0.35;0.58;10.038;400;nein (EP 3 737 654)
1790;29.8309;CEM III (Hüttensandzement);5;Stabmixer + SDS;KOH 1 mol/l;3;0.42;0.0353;0.0076;0.6801;0.9;0.58;3.738;400;nein (EP 3 737 654)
1791;29.82;CEM I (Portland);5;Handrühren;KOH 1 mol/l;6;0.35;0.0397;0.0046;0.825;0.9;0.76;3.62;850;nein (EP 3 737 654)
1792;29.7909;CEM I (Portland);15;Stabmixer;KCl gesättigt;3;0.35;0.1102;0.0262;0.475;0.2;0.58;10.12;850;nein (EP 3 737 654)
1793;29.7812;CEM I (Portland);10;Stabmixer + SDS;KCl 1 mol/l;3;0.5;0.0633;0.0179;0.533;0.35;0.58;6.92;850;nein (EP 3 737 654)
1794;29.7804;CEM III (Hüttensandzement);10;Handrühren;Agar-Gel + KCl;3;0.35;0.0746;0.0079;0.585;0.35;0.638;6.768;400;nein (EP 3 737 654)
1795;29.7638;CEM III (Hüttensandzement);15;Stabmixer + SDS;Agar-Gel + KCl;6;0.5;0.0904;0.0157;0.3505;0.35;0.836;10.118;400;nein (EP 3 737 654)
1796;29.7299;CEM III (Hüttensandzement);15;Stabmixer + SDS;Agar-Gel + KCl;3;0.35;0.1079;0.0171;0.4275;0.35;0.638;10.118;400;nein (EP 3 737 654)
1797;29.7085;Geopolymer (Hüttensand + NaOH/Wasserglas);5;Stabmixer;Agar-Gel + KCl;10;0.42;0.035;0.0028;0.8313;0.385;1.1;3.86;180;ja
1798;29.6867;CEM III (Hüttensandzement);15;Stabmixer;Agar-Gel + KCl;6;0.35;0.1079;0.013;0.4275;0.35;0.836;10.068;400;nein (EP 3 737 654)
1799;29.6761;CEM III (Hüttensandzement);12;Handrühren;KCl gesättigt;6;0.5;0.0736;0.0146;0.428;0.2;0.76;8.068;400;nein (EP 3 737 654)
1800;29.6139;CEM I (Portland);12;Ultraschall + SDS;Agar-Gel + KCl;3;0.35;0.0902;0.0168;0.58;0.35;0.638;8.43;850;nein (EP 3 737 654)
1801;29.6125;Geopolymer (Hüttensand + NaOH/Wasserglas);5;Ultraschall + SDS;KCl gesättigt;3;0.42;0.035;0.0095;0.8313;0.22;0.58;4.13;180;ja
1802;29.5819;CEM I (Portland);8;Ultraschall + SDS;Agar-Gel + KCl;3;0.42;0.0565;0.0114;0.6595;0.35;0.638;5.87;850;nein (EP 3 737 654)
1803;29.5713;CEM III (Hüttensandzement);5;Ultraschall + SDS;Agar-Gel + KCl;3;0.35;0.0388;0.0061;0.7425;0.35;0.638;3.918;400;nein (EP 3 737 654)
1804;29.5644;Geopolymer (Hüttensand + NaOH/Wasserglas);5;Handrühren;KOH 1 mol/l;10;0.42;0.035;0.003;0.8313;0.99;1.0;3.78;180;ja
1805;29.5615;CEM I (Portland);8;Stabmixer;KCl 1 mol/l;3;0.42;0.0565;0.0123;0.6595;0.35;0.58;5.59;850;nein (EP 3 737 654)
1806;29.5601;CEM III (Hüttensandzement);12;Handrühren;KCl gesättigt;3;0.42;0.0807;0.0164;0.4782;0.2;0.58;8.068;400;nein (EP 3 737 654)
1807;29.5031;CEM I (Portland);10;Stabmixer;KCl 1 mol/l;3;0.42;0.0696;0.0155;0.5954;0.35;0.58;6.87;850;nein (EP 3 737 654)
1808;29.503;CEM I (Portland);8;Stabmixer;Agar-Gel + KCl;3;0.35;0.062;0.0089;0.72;0.35;0.638;5.62;850;nein (EP 3 737 654)
1809;29.473;CEM I (Portland);5;Stabmixer;KOH 1 mol/l;10;0.42;0.0361;0.0051;0.7557;0.9;1.0;3.72;850;nein (EP 3 737 654)
1810;29.4681;CEM III (Hüttensandzement);8;Handrühren;KCl 1 mol/l;6;0.5;0.0503;0.0075;0.5314;0.35;0.76;5.458;400;nein (EP 3 737 654)
1811;29.4557;CEM III (Hüttensandzement);15;Handrühren;Agar-Gel + KCl;10;0.42;0.0989;0.0086;0.3916;0.35;1.1;9.968;400;nein (EP 3 737 654)
1812;29.4461;CEM I (Portland);8;Stabmixer + SDS;KCl gesättigt;3;0.5;0.0513;0.0176;0.5904;0.2;0.58;5.69;850;nein (EP 3 737 654)
1813;29.4329;CEM III (Hüttensandzement);12;Stabmixer + SDS;Agar-Gel + KCl;3;0.5;0.0736;0.0144;0.428;0.35;0.638;8.198;400;nein (EP 3 737 654)
1814;29.4217;CEM I (Portland);15;Stabmixer + SDS;Agar-Gel + KCl;10;0.42;0.1009;0.0143;0.4351;0.35;1.1;10.15;850;nein (EP 3 737 654)
1815;29.4217;CEM III (Hüttensandzement);5;Ultraschall + SDS;Agar-Gel + KCl;10;0.42;0.0353;0.0042;0.6801;0.35;1.1;3.918;400;nein (EP 3 737 654)
1816;29.4108;Geopolymer (Hüttensand + NaOH/Wasserglas);5;Ultraschall + SDS;Agar-Gel + KCl;3;0.42;0.035;0.0052;0.8313;0.385;0.638;4.11;180;ja
1817;29.4058;CEM III (Hüttensandzement);5;Ultraschall + SDS;KCl 1 mol/l;10;0.42;0.0353;0.0061;0.6801;0.35;1.0;3.888;400;nein (EP 3 737 654)
1818;29.4043;CEM I (Portland);5;Stabmixer + SDS;KCl 1 mol/l;6;0.35;0.0397;0.0074;0.825;0.35;0.76;3.72;850;nein (EP 3 737 654)
1819;29.385;CEM III (Hüttensandzement);12;Handrühren;KCl 1 mol/l;6;0.5;0.0736;0.0117;0.428;0.35;0.76;8.018;400;nein (EP 3 737 654)
1820;29.334;Geopolymer (Hüttensand + NaOH/Wasserglas);5;Stabmixer + SDS;KCl gesättigt;6;0.42;0.035;0.0075;0.8313;0.22;0.76;3.93;180;ja
1821;29.3221;Geopolymer (Hüttensand + NaOH/Wasserglas);5;Stabmixer;KCl 1 mol/l;10;0.42;0.035;0.0041;0.8313;0.385;1.0;3.83;180;ja
1822;29.3042;CEM I (Portland);8;Ultraschall + SDS;Agar-Gel + KCl;6;0.5;0.0513;0.0099;0.5904;0.35;0.836;5.87;850;nein (EP 3 737 654)
1823;29.2819;CEM I (Portland);15;Ultraschall + SDS;Agar-Gel + KCl;10;0.5;0.092;0.0159;0.3895;0.35;1.1;10.35;850;nein (EP 3 737 654)
1824;29.2618;CEM I (Portland);10;Handrühren;KCl 1 mol/l;10;0.5;0.0633;0.009;0.533;0.35;1.0;6.77;850;nein (EP 3 737 654)
1825;29.2555;CEM III (Hüttensandzement);5;Stabmixer + SDS;KCl 1 mol/l;3;0.35;0.0388;0.0077;0.7425;0.35;0.58;3.688;400;nein (EP 3 737 654)
1826;29.2396;CEM I (Portland);10;Ultraschall + SDS;Agar-Gel + KCl;6;0.5;0.0633;0.0126;0.533;0.35;0.836;7.15;850;nein (EP 3 737 654)
1827;29.2289;CEM III (Hüttensandzement);15;Handrühren;KCl 1 mol/l;6;0.35;0.1079;0.0139;0.4275;0.35;0.76;9.938;400;nein (EP 3 737 654)
1828;29.1886;Geopolymer (Hüttensand + NaOH/Wasserglas);5;Ultraschall + SDS;Eigene Porenlösung (ohne Zusatz);3;0.5;0.0318;0.0046;0.7441;1.1;0.638;4.03;180;ja
1829;29.1747;Geopolymer (Hüttensand + NaOH/Wasserglas);15;Handrühren;Agar-Gel + KCl;3;0.42;0.0983;0.0109;0.4786;0.385;0.638;10.16;180;ja
1830;29.1697;CEM I (Portland);12;Stabmixer + SDS;Agar-Gel + KCl;6;0.42;0.0824;0.0138;0.5313;0.35;0.836;8.23;850;nein (EP 3 737 654)
1831;29.1455;CEM I (Portland);10;Stabmixer;KCl 1 mol/l;6;0.5;0.0633;0.0137;0.533;0.35;0.76;6.87;850;nein (EP 3 737 654)
1832;29.1033;CEM I (Portland);15;Stabmixer;KCl 1 mol/l;10;0.5;0.092;0.0173;0.3895;0.35;1.0;10.07;850;nein (EP 3 737 654)
1833;29.0867;CEM III (Hüttensandzement);12;Stabmixer;Agar-Gel + KCl;3;0.42;0.0807;0.0123;0.4782;0.35;0.638;8.148;400;nein (EP 3 737 654)
1834;29.0844;CEM III (Hüttensandzement);12;Handrühren;Agar-Gel + KCl;6;0.42;0.0807;0.0083;0.4782;0.35;0.836;8.048;400;nein (EP 3 737 654)
1835;29.0557;CEM I (Portland);10;Ultraschall + SDS;Agar-Gel + KCl;3;0.42;0.0696;0.0142;0.5954;0.35;0.638;7.15;850;nein (EP 3 737 654)
1836;29.0267;CEM I (Portland);15;Stabmixer;KCl 1 mol/l;6;0.35;0.1102;0.0192;0.475;0.35;0.76;10.07;850;nein (EP 3 737 654)
1837;29.0104;CEM I (Portland);8;Handrühren;KCl 1 mol/l;10;0.5;0.0513;0.0069;0.5904;0.35;1.0;5.49;850;nein (EP 3 737 654)
1838;28.9991;CEM I (Portland);8;Handrühren;KCl 1 mol/l;3;0.35;0.062;0.0094;0.72;0.35;0.58;5.49;850;nein (EP 3 737 654)
1839;28.9507;CEM III (Hüttensandzement);15;Handrühren;KCl gesättigt;6;0.42;0.0989;0.0174;0.3916;0.2;0.76;9.988;400;nein (EP 3 737 654)
1840;28.943;CEM I (Portland);12;Stabmixer;Agar-Gel + KCl;10;0.5;0.075;0.0101;0.4756;0.35;1.1;8.18;850;nein (EP 3 737 654)
1841;28.9374;CEM III (Hüttensandzement);15;Ultraschall + SDS;Agar-Gel + KCl;3;0.5;0.0904;0.019;0.3505;0.35;0.638;10.318;400;nein (EP 3 737 654)
1842;28.9222;CEM III (Hüttensandzement);12;Handrühren;KCl 1 mol/l;3;0.42;0.0807;0.0131;0.4782;0.35;0.58;8.018;400;nein (EP 3 737 654)
1843;28.9186;CEM I (Portland);8;Handrühren;KCl 1 mol/l;6;0.42;0.0565;0.0082;0.6595;0.35;0.76;5.49;850;nein (EP 3 737 654)
1844;28.9175;CEM I (Portland);5;Stabmixer;KCl gesättigt;10;0.35;0.0397;0.0066;0.825;0.2;1.0;3.72;850;nein (EP 3 737 654)
1845;28.9136;CEM III (Hüttensandzement);5;Handrühren;KOH 1 mol/l;3;0.35;0.0388;0.0047;0.7425;0.9;0.58;3.588;400;nein (EP 3 737 654)
1846;28.9124;Geopolymer (Hüttensand + NaOH/Wasserglas);5;Ultraschall + SDS;KOH 1 mol/l;3;0.5;0.0318;0.0072;0.7441;0.99;0.58;4.13;180;ja
1847;28.8971;CEM I (Portland);10;Handrühren;KCl gesättigt;10;0.5;0.0633;0.0113;0.533;0.2;1.0;6.82;850;nein (EP 3 737 654)
1848;28.8856;Geopolymer (Hüttensand + NaOH/Wasserglas);5;Stabmixer + SDS;Eigene Porenlösung (ohne Zusatz);6;0.5;0.0318;0.0035;0.7441;1.1;0.836;3.83;180;ja
1849;28.8848;CEM III (Hüttensandzement);8;Handrühren;Agar-Gel + KCl;3;0.42;0.0553;0.006;0.5936;0.35;0.638;5.488;400;nein (EP 3 737 654)
1850;28.8843;CEM III (Hüttensandzement);10;Handrühren;Agar-Gel + KCl;6;0.5;0.0621;0.0067;0.4797;0.35;0.836;6.768;400;nein (EP 3 737 654)
1851;28.8332;CEM I (Portland);10;Stabmixer;Agar-Gel + KCl;6;0.42;0.0696;0.0098;0.5954;0.35;0.836;6.9;850;nein (EP 3 737 654)
1852;28.8034;CEM I (Portland);8;Handrühren;Agar-Gel + KCl;10;0.5;0.0513;0.0048;0.5904;0.35;1.1;5.52;850;nein (EP 3 737 654)
1853;28.7954;CEM I (Portland);5;Stabmixer + SDS;KCl gesättigt;6;0.35;0.0397;0.0093;0.825;0.2;0.76;3.77;850;nein (EP 3 737 654)
1854;28.7765;CEM III (Hüttensandzement);8;Handrühren;KCl gesättigt;6;0.5;0.0503;0.0093;0.5314;0.2;0.76;5.508;400;nein (EP 3 737 654)
1855;28.74;CEM I (Portland);8;Handrühren;KCl gesättigt;3;0.35;0.062;0.0118;0.72;0.2;0.58;5.54;850;nein (EP 3 737 654)
1856;28.726;CEM I (Portland);5;Stabmixer + SDS;Agar-Gel + KCl;6;0.35;0.0397;0.0051;0.825;0.35;0.836;3.75;850;nein (EP 3 737 654)
1857;28.7119;CEM III (Hüttensandzement);5;Stabmixer + SDS;KCl gesättigt;3;0.35;0.0388;0.0096;0.7425;0.2;0.58;3.738;400;nein (EP 3 737 654)
1858;28.6795;CEM III (Hüttensandzement);8;Handrühren;Agar-Gel + KCl;6;0.5;0.0503;0.0051;0.5314;0.35;0.836;5.488;400;nein (EP 3 737 654)
1859;28.6493;CEM III (Hüttensandzement);5;Ultraschall + SDS;KCl gesättigt;10;0.42;0.0353;0.0077;0.6801;0.2;1.0;3.938;400;nein (EP 3 737 654)
1860;28.6487;CEM I (Portland);8;Stabmixer + SDS;Agar-Gel + KCl;3;0.42;0.0565;0.0102;0.6595;0.35;0.638;5.67;850;nein (EP 3 737 654)
1861;28.6476;CEM I (Portland);12;Stabmixer;KCl 1 mol/l;3;0.42;0.0824;0.0182;0.5313;0.35;0.58;8.15;850;nein (EP 3 737 654)
1862;28.6409;CEM III (Hüttensandzement);5;Stabmixer;KCl 1 mol/l;6;0.35;0.0388;0.0055;0.7425;0.35;0.76;3.638;400;nein (EP 3 737 654)
1863;28.6256;CEM III (Hüttensandzement);15;Stabmixer + SDS;Agar-Gel + KCl;3;0.42;0.0989;0.0171;0.3916;0.35;0.638;10.118;400;nein (EP 3 737 654)
1864;28.6198;CEM I (Portland);12;Stabmixer;Agar-Gel + KCl;6;0.35;0.0902;0.0116;0.58;0.35;0.836;8.18;850;nein (EP 3 737 654)
1865;28.6161;Geopolymer (Hüttensand + NaOH/Wasserglas);5;Handrühren;KCl gesättigt;6;0.35;0.0384;0.0046;0.9075;0.22;0.76;3.78;180;ja
1866;28.6137;CEM I (Portland);5;Ultraschall + SDS;KCl 1 mol/l;3;0.35;0.0397;0.0093;0.825;0.35;0.58;3.92;850;nein (EP 3 737 654)
1867;28.6031;CEM I (Portland);8;Stabmixer + SDS;KCl 1 mol/l;3;0.5;0.0513;0.0141;0.5904;0.35;0.58;5.64;850;nein (EP 3 737 654)
1868;28.5966;CEM I (Portland);15;Stabmixer + SDS;KCl 1 mol/l;3;0.5;0.092;0.0252;0.3895;0.35;0.58;10.12;850;nein (EP 3 737 654)
1869;28.5897;CEM I (Portland);15;Ultraschall + SDS;Agar-Gel + KCl;6;0.35;0.1102;0.0176;0.475;0.35;0.836;10.35;850;nein (EP 3 737 654)
1870;28.5755;CEM III (Hüttensandzement);15;Stabmixer;Agar-Gel + KCl;6;0.42;0.0989;0.0131;0.3916;0.35;0.836;10.068;400;nein (EP 3 737 654)
1871;28.5685;CEM I (Portland);15;Stabmixer;KCl gesättigt;3;0.42;0.1009;0.0262;0.4351;0.2;0.58;10.12;850;nein (EP 3 737 654)
1872;28.5616;CEM I (Portland);8;Stabmixer;KCl gesättigt;6;0.5;0.0513;0.0134;0.5904;0.2;0.76;5.64;850;nein (EP 3 737 654)
1873;28.5241;CEM I (Portland);8;Stabmixer;KCl 1 mol/l;6;0.5;0.0513;0.0107;0.5904;0.35;0.76;5.59;850;nein (EP 3 737 654)
1874;28.5059;CEM I (Portland);12;Handrühren;KCl gesättigt;6;0.35;0.0902;0.0154;0.58;0.2;0.76;8.1;850;nein (EP 3 737 654)
1875;28.4912;Geopolymer (Hüttensand + NaOH/Wasserglas);5;Handrühren;Eigene Porenlösung (ohne Zusatz);6;0.42;0.035;0.0021;0.8313;1.1;0.836;3.68;180;ja
1876;28.4766;CEM I (Portland);12;Stabmixer;KCl 1 mol/l;6;0.5;0.075;0.0163;0.4756;0.35;0.76;8.15;850;nein (EP 3 737 654)
1877;28.4707;CEM I (Portland);15;Stabmixer;KCl gesättigt;6;0.5;0.092;0.0241;0.3895;0.2;0.76;10.12;850;nein (EP 3 737 654)
1878;28.449;CEM III (Hüttensandzement);5;Stabmixer;Agar-Gel + KCl;6;0.35;0.0388;0.0038;0.7425;0.35;0.836;3.668;400;nein (EP 3 737 654)
1879;28.4267;CEM I (Portland);8;Stabmixer + SDS;Agar-Gel + KCl;6;0.5;0.0513;0.0089;0.5904;0.35;0.836;5.67;850;nein (EP 3 737 654)
1880;28.4211;CEM I (Portland);10;Handrühren;Agar-Gel + KCl;6;0.35;0.0763;0.0074;0.65;0.35;0.836;6.8;850;nein (EP 3 737 654)
1881;28.415;CEM I (Portland);10;Handrühren;Agar-Gel + KCl;10;0.5;0.0633;0.0062;0.533;0.35;1.1;6.8;850;nein (EP 3 737 654)
1882;28.4023;CEM I (Portland);15;Stabmixer;Agar-Gel + KCl;10;0.35;0.1102;0.0119;0.475;0.35;1.1;10.1;850;nein (EP 3 737 654)
1883;28.3956;CEM I (Portland);12;Handrühren;Agar-Gel + KCl;10;0.42;0.0824;0.0076;0.5313;0.35;1.1;8.08;850;nein (EP 3 737 654)
1884;28.3775;CEM I (Portland);8;Handrühren;KCl gesättigt;6;0.42;0.0565;0.0103;0.6595;0.2;0.76;5.54;850;nein (EP 3 737 654)
1885;28.357;CEM I (Portland);5;Ultraschall + SDS;KCl gesättigt;3;0.35;0.0397;0.0116;0.825;0.2;0.58;3.97;850;nein (EP 3 737 654)
1886;28.2905;CEM I (Portland);12;Ultraschall + SDS;Agar-Gel + KCl;6;0.5;0.075;0.0149;0.4756;0.35;0.836;8.43;850;nein (EP 3 737 654)
1887;28.2795;Geopolymer (Hüttensand + NaOH/Wasserglas);5;Stabmixer + SDS;KCl 1 mol/l;3;0.42;0.035;0.0065;0.8313;0.385;0.58;3.88;180;ja
1888;28.275;CEM III (Hüttensandzement);10;Stabmixer;Agar-Gel + KCl;3;0.5;0.0621;0.01;0.4797;0.35;0.638;6.868;400;nein (EP 3 737 654)
1889;28.2719;CEM I (Portland);5;Stabmixer + SDS;KOH 1 mol/l;3;0.42;0.0361;0.008;0.7557;0.9;0.58;3.77;850;nein (EP 3 737 654)
1890;28.2662;CEM III (Hüttensandzement);5;Stabmixer + SDS;Agar-Gel + KCl;3;0.35;0.0388;0.0053;0.7425;0.35;0.638;3.718;400;nein (EP 3 737 654)
1891;28.237;CEM I (Portland);10;Stabmixer + SDS;Agar-Gel + KCl;6;0.5;0.0633;0.0113;0.533;0.35;0.836;6.95;850;nein (EP 3 737 654)
1892;28.223;Geopolymer (Hüttensand + NaOH/Wasserglas);5;Stabmixer;KCl gesättigt;10;0.42;0.035;0.0051;0.8313;0.22;1.0;3.88;180;ja
1893;28.2194;CEM I (Portland);12;Stabmixer + SDS;Agar-Gel + KCl;3;0.35;0.0902;0.0151;0.58;0.35;0.638;8.23;850;nein (EP 3 737 654)
1894;28.2019;CEM I (Portland);12;Stabmixer;KCl gesättigt;3;0.5;0.075;0.0222;0.4756;0.2;0.58;8.2;850;nein (EP 3 737 654)
1895;28.1873;CEM I (Portland);8;Handrühren;KCl gesättigt;10;0.5;0.0513;0.0087;0.5904;0.2;1.0;5.54;850;nein (EP 3 737 654)
1896;28.1588;CEM III (Hüttensandzement);15;Handrühren;Agar-Gel + KCl;10;0.5;0.0904;0.0086;0.3505;0.35;1.1;9.968;400;nein (EP 3 737 654)
1897;28.1277;CEM I (Portland);10;Handrühren;KCl 1 mol/l;6;0.42;0.0696;0.0104;0.5954;0.35;0.76;6.77;850;nein (EP 3 737 654)
1898;28.1227;Geopolymer (Hüttensand + NaOH/Wasserglas);5;Stabmixer + SDS;KOH 1 mol/l;6;0.5;0.0318;0.0056;0.7441;0.99;0.76;3.93;180;ja
1899;28.1189;CEM III (Hüttensandzement);15;Handrühren;KCl 1 mol/l;6;0.42;0.0989;0.0139;0.3916;0.35;0.76;9.938;400;nein (EP 3 737 654)
1900;28.1171;CEM III (Hüttensandzement);15;Handrühren;KCl gesättigt;3;0.35;0.1079;0.019;0.4275;0.2;0.58;9.988;400;nein (EP 3 737 654)
1901;28.1119;CEM III (Hüttensandzement);5;Ultraschall + SDS;KOH 1 mol/l;10;0.5;0.032;0.0058;0.6088;0.9;1.0;3.938;400;nein (EP 3 737 654)
1902;28.1109;CEM III (Hüttensandzement);5;Stabmixer;KOH 1 mol/l;6;0.42;0.0353;0.0053;0.6801;0.9;0.76;3.688;400;nein (EP 3 737 654)
1903;28.0967;CEM I (Portland);10;Handrühren;KCl gesättigt;6;0.42;0.0696;0.013;0.5954;0.2;0.76;6.82;850;nein (EP 3 737 654)
1904;28.0647;CEM I (Portland);12;Handrühren;KCl 1 mol/l;6;0.35;0.0902;0.0123;0.58;0.35;0.76;8.05;850;nein (EP 3 737 654)
1905;28.0502;CEM I (Portland);10;Handrühren;KCl gesättigt;3;0.35;0.0763;0.0147;0.65;0.2;0.58;6.82;850;nein (EP 3 737 654)
1906;28.0411;CEM III (Hüttensandzement);8;Stabmixer;Agar-Gel + KCl;3;0.5;0.0503;0.0078;0.5314;0.35;0.638;5.588;400;nein (EP 3 737 654)
1907;28.01;CEM I (Portland);10;Stabmixer;Agar-Gel + KCl;3;0.35;0.0763;0.011;0.65;0.35;0.638;6.9;850;nein (EP 3 737 654)
1908;27.9761;CEM I (Portland);15;Stabmixer + SDS;Agar-Gel + KCl;10;0.5;0.092;0.0143;0.3895;0.35;1.1;10.15;850;nein (EP 3 737 654)
1909;27.9561;CEM I (Portland);10;Stabmixer;KCl gesättigt;3;0.5;0.0633;0.0186;0.533;0.2;0.58;6.92;850;nein (EP 3 737 654)
1910;27.9521;CEM I (Portland);12;Ultraschall + SDS;Agar-Gel + KCl;3;0.42;0.0824;0.0167;0.5313;0.35;0.638;8.43;850;nein (EP 3 737 654)
1911;27.9406;CEM I (Portland);15;Handrühren;KCl gesättigt;10;0.35;0.1102;0.0159;0.475;0.2;1.0;10.02;850;nein (EP 3 737 654)
1912;27.9092;CEM I (Portland);10;Stabmixer + SDS;Agar-Gel + KCl;3;0.42;0.0696;0.0128;0.5954;0.35;0.638;6.95;850;nein (EP 3 737 654)
1913;27.9068;CEM III (Hüttensandzement);10;Handrühren;Agar-Gel + KCl;3;0.42;0.0682;0.0076;0.5359;0.35;0.638;6.768;400;nein (EP 3 737 654)
1914;27.8988;CEM III (Hüttensandzement);5;Handrühren;Agar-Gel + KCl;10;0.35;0.0388;0.0022;0.7425;0.35;1.1;3.568;400;nein (EP 3 737 654)
1915;27.8873;CEM III (Hüttensandzement);10;Handrühren;KCl gesättigt;3;0.5;0.0621;0.0134;0.4797;0.2;0.58;6.788;400;nein (EP 3 737 654)
1916;27.8749;CEM I (Portland);12;Handrühren;KCl gesättigt;10;0.5;0.075;0.0134;0.4756;0.2;1.0;8.1;850;nein (EP 3 737 654)
1917;27.8655;CEM I (Portland);8;Handrühren;Agar-Gel + KCl;6;0.42;0.0565;0.0057;0.6595;0.35;0.836;5.52;850;nein (EP 3 737 654)
1918;27.8483;CEM III (Hüttensandzement);10;Handrühren;KCl 1 mol/l;3;0.5;0.0621;0.0107;0.4797;0.35;0.58;6.738;400;nein (EP 3 737 654)
1919;27.8209;CEM III (Hüttensandzement);5;Stabmixer + SDS;Agar-Gel + KCl;10;0.42;0.0353;0.0036;0.6801;0.35;1.1;3.718;400;nein (EP 3 737 654)
1920;27.8181;CEM I (Portland);12;Handrühren;KCl 1 mol/l;10;0.5;0.075;0.0108;0.4756;0.35;1.0;8.05;850;nein (EP 3 737 654)
1921;27.8146;Geopolymer (Hüttensand + NaOH/Wasserglas);5;Handrühren;KCl 1 mol/l;3;0.35;0.0384;0.0041;0.9075;0.385;0.58;3.73;180;ja
1922;27.7946;CEM I (Portland);15;Stabmixer;KCl 1 mol/l;6;0.42;0.1009;0.0193;0.4351;0.35;0.76;10.07;850;nein (EP 3 737 654)
1923;27.7544;CEM I (Portland);10;Handrühren;KCl 1 mol/l;3;0.35;0.0763;0.0117;0.65;0.35;0.58;6.77;850;nein (EP 3 737 654)
1924;27.7413;CEM III (Hüttensandzement);5;Stabmixer;KCl gesättigt;6;0.35;0.0388;0.0069;0.7425;0.2;0.76;3.688;400;nein (EP 3 737 654)
1925;27.7148;Geopolymer (Hüttensand + NaOH/Wasserglas);5;Handrühren;Agar-Gel + KCl;3;0.35;0.0384;0.0028;0.9075;0.385;0.638;3.76;180;ja
1926;27.6922;CEM I (Portland);5;Handrühren;KOH 1 mol/l;3;0.35;0.0397;0.0051;0.825;0.9;0.58;3.62;850;nein (EP 3 737 654)
1927;27.6744;Geopolymer (Hüttensand + NaOH/Wasserglas);5;Stabmixer + SDS;Agar-Gel + KCl;3;0.42;0.035;0.0045;0.8313;0.385;0.638;3.91;180;ja
1928;27.6537;CEM III (Hüttensandzement);15;Handrühren;KCl gesättigt;6;0.5;0.0904;0.0174;0.3505;0.2;0.76;9.988;400;nein (EP 3 737 654)
1929;27.6273;CEM III (Hüttensandzement);5;Stabmixer + SDS;KCl 1 mol/l;10;0.42;0.0353;0.0053;0.6801;0.35;1.0;3.688;400;nein (EP 3 737 654)
1930;27.5917;Geopolymer (Hüttensand + NaOH/Wasserglas);15;Handrühren;Agar-Gel + KCl;3;0.5;0.0898;0.0109;0.4284;0.385;0.638;10.16;180;ja
1931;27.5025;CEM I (Portland);5;Ultraschall + SDS;KCl 1 mol/l;10;0.42;0.0361;0.0065;0.7557;0.35;1.0;3.92;850;nein (EP 3 737 654)
1932;27.5013;CEM III (Hüttensandzement);12;Handrühren;KCl gesättigt;3;0.5;0.0736;0.016;0.428;0.2;0.58;8.068;400;nein (EP 3 737 654)
1933;27.4685;Geopolymer (Hüttensand + NaOH/Wasserglas);5;Stabmixer + SDS;KCl gesättigt;3;0.42;0.035;0.0082;0.8313;0.22;0.58;3.93;180;ja
1934;27.4575;CEM III (Hüttensandzement);12;Handrühren;Agar-Gel + KCl;3;0.35;0.0882;0.0091;0.522;0.35;0.638;8.048;400;nein (EP 3 737 654)
1935;27.44;CEM I (Portland);5;Ultraschall + SDS;Agar-Gel + KCl;10;0.42;0.0361;0.0045;0.7557;0.35;1.1;3.95;850;nein (EP 3 737 654)
1936;27.4153;Geopolymer (Hüttensand + NaOH/Wasserglas);5;Stabmixer;Eigene Porenlösung (ohne Zusatz);10;0.5;0.0318;0.0023;0.7441;1.1;1.1;3.78;180;ja
1937;27.4093;CEM I (Portland);15;Handrühren;KCl 1 mol/l;10;0.35;0.1102;0.0127;0.475;0.35;1.0;9.97;850;nein (EP 3 737 654)
1938;27.3555;CEM I (Portland);15;Ultraschall + SDS;Agar-Gel + KCl;6;0.42;0.1009;0.0177;0.4351;0.35;0.836;10.35;850;nein (EP 3 737 654)
1939;27.3544;Geopolymer (Hüttensand + NaOH/Wasserglas);5;Handrühren;KOH 1 mol/l;6;0.42;0.035;0.0034;0.8313;0.99;0.76;3.78;180;ja
1940;27.3301;CEM III (Hüttensandzement);15;Stabmixer + SDS;Agar-Gel + KCl;3;0.5;0.0904;0.0171;0.3505;0.35;0.638;10.118;400;nein (EP 3 737 654)
1941;27.3074;CEM III (Hüttensandzement);5;Handrühren;KCl 1 mol/l;10;0.35;0.0388;0.0033;0.7425;0.35;1.0;3.538;400;nein (EP 3 737 654)
1942;27.2796;CEM III (Hüttensandzement);15;Stabmixer;Agar-Gel + KCl;6;0.5;0.0904;0.0131;0.3505;0.35;0.836;10.068;400;nein (EP 3 737 654)
1943;27.25;CEM I (Portland);15;Stabmixer;KCl 1 mol/l;3;0.35;0.1102;0.021;0.475;0.35;0.58;10.07;850;nein (EP 3 737 654)
1944;27.2485;CEM III (Hüttensandzement);12;Handrühren;Agar-Gel + KCl;6;0.5;0.0736;0.0081;0.428;0.35;0.836;8.048;400;nein (EP 3 737 654)
1945;27.2236;CEM I (Portland);8;Handrühren;Agar-Gel + KCl;3;0.35;0.062;0.0065;0.72;0.35;0.638;5.52;850;nein (EP 3 737 654)
1946;27.1664;CEM I (Portland);5;Ultraschall + SDS;Agar-Gel + KCl;3;0.35;0.0397;0.0064;0.825;0.35;0.638;3.95;850;nein (EP 3 737 654)
1947;27.1599;CEM I (Portland);15;Stabmixer;Agar-Gel + KCl;10;0.42;0.1009;0.0119;0.4351;0.35;1.1;10.1;850;nein (EP 3 737 654)
1948;27.1531;CEM III (Hüttensandzement);12;Stabmixer;Agar-Gel + KCl;3;0.5;0.0736;0.012;0.428;0.35;0.638;8.148;400;nein (EP 3 737 654)
1949;27.1257;CEM I (Portland);5;Stabmixer + SDS;KCl 1 mol/l;3;0.35;0.0397;0.0081;0.825;0.35;0.58;3.72;850;nein (EP 3 737 654)
1950;27.1173;CEM I (Portland);15;Stabmixer;KCl gesättigt;3;0.5;0.092;0.0262;0.3895;0.2;0.58;10.12;850;nein (EP 3 737 654)
1951;27.1155;CEM I (Portland);15;Stabmixer + SDS;Agar-Gel + KCl;6;0.35;0.1102;0.0159;0.475;0.35;0.836;10.15;850;nein (EP 3 737 654)
1952;27.0755;CEM I (Portland);12;Stabmixer + SDS;Agar-Gel + KCl;6;0.5;0.075;0.0134;0.4756;0.35;0.836;8.23;850;nein (EP 3 737 654)
1953;27.022;CEM III (Hüttensandzement);15;Stabmixer;Agar-Gel + KCl;3;0.35;0.1079;0.0142;0.4275;0.35;0.638;10.068;400;nein (EP 3 737 654)
1954;27.0157;CEM III (Hüttensandzement);15;Handrühren;KCl gesättigt;3;0.42;0.0989;0.019;0.3916;0.2;0.58;9.988;400;nein (EP 3 737 654)
1955;27.004;Geopolymer (Hüttensand + NaOH/Wasserglas);5;Stabmixer + SDS;Eigene Porenlösung (ohne Zusatz);3;0.5;0.0318;0.0038;0.7441;1.1;0.638;3.83;180;ja
1956;26.9939;CEM I (Portland);12;Stabmixer;Agar-Gel + KCl;6;0.42;0.0824;0.0115;0.5313;0.35;0.836;8.18;850;nein (EP 3 737 654)
1957;26.9864;CEM III (Hüttensandzement);15;Handrühren;KCl 1 mol/l;3;0.35;0.1079;0.0152;0.4275;0.35;0.58;9.938;400;nein (EP 3 737 654)
1958;26.9539;CEM III (Hüttensandzement);12;Handrühren;KCl 1 mol/l;3;0.5;0.0736;0.0128;0.428;0.35;0.58;8.018;400;nein (EP 3 737 654)
1959;26.9329;CEM I (Portland);8;Stabmixer;Agar-Gel + KCl;3;0.42;0.0565;0.0085;0.6595;0.35;0.638;5.62;850;nein (EP 3 737 654)
1960;26.8953;CEM I (Portland);10;Stabmixer;KCl 1 mol/l;3;0.5;0.0633;0.0149;0.533;0.35;0.58;6.87;850;nein (EP 3 737 654)
1961;26.8542;CEM III (Hüttensandzement);8;Handrühren;KCl 1 mol/l;3;0.5;0.0503;0.0081;0.5314;0.35;0.58;5.458;400;nein (EP 3 737 654)
1962;26.8486;CEM I (Portland);12;Handrühren;KCl gesättigt;6;0.42;0.0824;0.0153;0.5313;0.2;0.76;8.1;850;nein (EP 3 737 654)
1963;26.8415;CEM I (Portland);5;Stabmixer;KOH 1 mol/l;6;0.42;0.0361;0.0057;0.7557;0.9;0.76;3.72;850;nein (EP 3 737 654)
1964;26.8221;CEM III (Hüttensandzement);15;Handrühren;KCl 1 mol/l;6;0.5;0.0904;0.0139;0.3505;0.35;0.76;9.938;400;nein (EP 3 737 654)
1965;26.8096;Geopolymer (Hüttensand + NaOH/Wasserglas);5;Stabmixer;Agar-Gel + KCl;6;0.42;0.035;0.0031;0.8313;0.385;0.836;3.86;180;ja
1966;26.7871;Geopolymer (Hüttensand + NaOH/Wasserglas);5;Stabmixer;KCl 1 mol/l;6;0.42;0.035;0.0046;0.8313;0.385;0.76;3.83;180;ja
1967;26.7821;CEM I (Portland);5;Ultraschall + SDS;KCl gesättigt;10;0.42;0.0361;0.0081;0.7557;0.2;1.0;3.97;850;nein (EP 3 737 654)
1968;26.7815;CEM I (Portland);5;Stabmixer;KCl 1 mol/l;6;0.35;0.0397;0.0059;0.825;0.35;0.76;3.67;850;nein (EP 3 737 654)
1969;26.7757;CEM I (Portland);8;Stabmixer;Agar-Gel + KCl;6;0.5;0.0513;0.0073;0.5904;0.35;0.836;5.62;850;nein (EP 3 737 654)
1970;26.7673;Geopolymer (Hüttensand + NaOH/Wasserglas);5;Ultraschall + SDS;Agar-Gel + KCl;10;0.5;0.0318;0.0035;0.7441;0.385;1.1;4.11;180;ja
1971;26.7632;CEM III (Hüttensandzement);5;Stabmixer + SDS;KCl gesättigt;10;0.42;0.0353;0.0066;0.6801;0.2;1.0;3.738;400;nein (EP 3 737 654)
1972;26.7038;CEM I (Portland);5;Ultraschall + SDS;KOH 1 mol/l;10;0.5;0.0327;0.0062;0.6765;0.9;1.0;3.97;850;nein (EP 3 737 654)
1973;26.7036;CEM I (Portland);15;Handrühren;KCl gesättigt;10;0.42;0.1009;0.0159;0.4351;0.2;1.0;10.02;850;nein (EP 3 737 654)
1974;26.6487;CEM I (Portland);5;Stabmixer + SDS;KCl gesättigt;3;0.35;0.0397;0.0101;0.825;0.2;0.58;3.77;850;nein (EP 3 737 654)
1975;26.6257;Geopolymer (Hüttensand + NaOH/Wasserglas);5;Handrühren;Eigene Porenlösung (ohne Zusatz);3;0.42;0.035;0.0023;0.8313;1.1;0.638;3.68;180;ja
1976;26.6255;Geopolymer (Hüttensand + NaOH/Wasserglas);5;Handrühren;KCl gesättigt;3;0.35;0.0384;0.0051;0.9075;0.22;0.58;3.78;180;ja
1977;26.6042;CEM III (Hüttensandzement);5;Ultraschall + SDS;KCl 1 mol/l;6;0.42;0.0353;0.0068;0.6801;0.35;0.76;3.888;400;nein (EP 3 737 654)
1978;26.5692;CEM I (Portland);12;Stabmixer + SDS;Agar-Gel + KCl;3;0.42;0.0824;0.015;0.5313;0.35;0.638;8.23;850;nein (EP 3 737 654)
1979;26.5613;Geopolymer (Hüttensand + NaOH/Wasserglas);5;Ultraschall + SDS;KCl 1 mol/l;10;0.5;0.0318;0.005;0.7441;0.385;1.0;4.08;180;ja
1980;26.5428;CEM I (Portland);10;Ultraschall + SDS;Agar-Gel + KCl;3;0.5;0.0633;0.0137;0.533;0.35;0.638;7.15;850;nein (EP 3 737 654)
1981;26.5239;Geopolymer (Hüttensand + NaOH/Wasserglas);5;Stabmixer + SDS;KOH 1 mol/l;3;0.5;0.0318;0.0061;0.7441;0.99;0.58;3.93;180;ja
1982;26.5038;CEM I (Portland);5;Handrühren;Agar-Gel + KCl;10;0.35;0.0397;0.0024;0.825;0.35;1.1;3.6;850;nein (EP 3 737 654)
1983;26.5021;CEM I (Portland);5;Stabmixer;Agar-Gel + KCl;6;0.35;0.0397;0.004;0.825;0.35;0.836;3.7;850;nein (EP 3 737 654)
1984;26.449;CEM I (Portland);8;Ultraschall + SDS;Agar-Gel + KCl;3;0.5;0.0513;0.0108;0.5904;0.35;0.638;5.87;850;nein (EP 3 737 654)
1985;26.4436;CEM I (Portland);12;Stabmixer;KCl 1 mol/l;3;0.5;0.075;0.0178;0.4756;0.35;0.58;8.15;850;nein (EP 3 737 654)
1986;26.4349;CEM I (Portland);12;Handrühren;Agar-Gel + KCl;10;0.5;0.075;0.0074;0.4756;0.35;1.1;8.08;850;nein (EP 3 737 654)
1987;26.4338;CEM III (Hüttensandzement);5;Stabmixer;KCl 1 mol/l;3;0.35;0.0388;0.006;0.7425;0.35;0.58;3.638;400;nein (EP 3 737 654)
1988;26.4303;CEM I (Portland);12;Handrühren;KCl 1 mol/l;6;0.42;0.0824;0.0122;0.5313;0.35;0.76;8.05;850;nein (EP 3 737 654)
1989;26.4267;CEM I (Portland);10;Stabmixer;Agar-Gel + KCl;6;0.5;0.0633;0.0094;0.533;0.35;0.836;6.9;850;nein (EP 3 737 654)
1990;26.4212;CEM III (Hüttensandzement);15;Handrühren;Agar-Gel + KCl;6;0.35;0.1079;0.0096;0.4275;0.35;0.836;9.968;400;nein (EP 3 737 654)
1991;26.3965;CEM I (Portland);10;Handrühren;Agar-Gel + KCl;6;0.42;0.0696;0.0071;0.5954;0.35;0.836;6.8;850;nein (EP 3 737 654)
1992;26.3953;CEM I (Portland);12;Handrühren;KCl gesättigt;3;0.35;0.0902;0.0168;0.58;0.2;0.58;8.1;850;nein (EP 3 737 654)
1993;26.3652;CEM I (Portland);8;Stabmixer;KCl gesättigt;3;0.5;0.0513;0.0146;0.5904;0.2;0.58;5.64;850;nein (EP 3 737 654)
1994;26.3465;CEM I (Portland);15;Stabmixer;KCl 1 mol/l;6;0.5;0.092;0.0193;0.3895;0.35;0.76;10.07;850;nein (EP 3 737 654)
1995;26.3265;CEM I (Portland);15;Ultraschall + SDS;Agar-Gel + KCl;3;0.35;0.1102;0.0192;0.475;0.35;0.638;10.35;850;nein (EP 3 737 654)
1996;26.3149;CEM III (Hüttensandzement);8;Handrühren;KCl gesättigt;3;0.5;0.0503;0.0102;0.5314;0.2;0.58;5.508;400;nein (EP 3 737 654)
1997;26.2594;CEM III (Hüttensandzement);5;Stabmixer;KOH 1 mol/l;3;0.42;0.0353;0.0058;0.6801;0.9;0.58;3.688;400;nein (EP 3 737 654)
1998;26.2496;CEM I (Portland);8;Handrühren;KCl 1 mol/l;3;0.42;0.0565;0.009;0.6595;0.35;0.58;5.49;850;nein (EP 3 737 654)
1999;26.2026;Geopolymer (Hüttensand + NaOH/Wasserglas);5;Stabmixer;KOH 1 mol/l;10;0.5;0.0318;0.0037;0.7441;0.99;1.0;3.88;180;ja
2000;26.1679;CEM I (Portland);15;Handrühren;KCl 1 mol/l;10;0.42;0.1009;0.0127;0.4351;0.35;1.0;9.97;850;nein (EP 3 737 654)
2001;26.1481;CEM III (Hüttensandzement);5;Ultraschall + SDS;Agar-Gel + KCl;6;0.42;0.0353;0.0047;0.6801;0.35;0.836;3.918;400;nein (EP 3 737 654)
2002;26.137;CEM III (Hüttensandzement);5;Handrühren;KCl gesättigt;10;0.35;0.0388;0.0041;0.7425;0.2;1.0;3.588;400;nein (EP 3 737 654)
2003;26.1034;CEM I (Portland);8;Stabmixer;KCl 1 mol/l;3;0.5;0.0513;0.0116;0.5904;0.35;0.58;5.59;850;nein (EP 3 737 654)
2004;26.0203;CEM I (Portland);15;Stabmixer;KCl 1 mol/l;3;0.42;0.1009;0.021;0.4351;0.35;0.58;10.07;850;nein (EP 3 737 654)
2005;26.0151;CEM I (Portland);5;Stabmixer + SDS;Agar-Gel + KCl;10;0.42;0.0361;0.0038;0.7557;0.35;1.1;3.75;850;nein (EP 3 737 654)
2006;26.0044;CEM III (Hüttensandzement);12;Handrühren;Agar-Gel + KCl;3;0.42;0.0807;0.009;0.4782;0.35;0.638;8.048;400;nein (EP 3 737 654)
2007;26.0016;CEM I (Portland);5;Stabmixer + SDS;Agar-Gel + KCl;3;0.35;0.0397;0.0056;0.825;0.35;0.638;3.75;850;nein (EP 3 737 654)
2008;25.964;CEM III (Hüttensandzement);5;Ultraschall + SDS;KCl gesättigt;6;0.42;0.0353;0.0085;0.6801;0.2;0.76;3.938;400;nein (EP 3 737 654)
2009;25.9345;CEM I (Portland);5;Handrühren;KCl 1 mol/l;10;0.35;0.0397;0.0035;0.825;0.35;1.0;3.57;850;nein (EP 3 737 654)
2010;25.9278;CEM III (Hüttensandzement);5;Stabmixer + SDS;KOH 1 mol/l;10;0.5;0.032;0.0049;0.6088;0.9;1.0;3.738;400;nein (EP 3 737 654)
2011;25.9128;CEM III (Hüttensandzement);15;Stabmixer;Agar-Gel + KCl;3;0.42;0.0989;0.0142;0.3916;0.35;0.638;10.068;400;nein (EP 3 737 654)
2012;25.9123;CEM I (Portland);5;Stabmixer;KCl gesättigt;6;0.35;0.0397;0.0073;0.825;0.2;0.76;3.72;850;nein (EP 3 737 654)
2013;25.9087;CEM I (Portland);15;Ultraschall + SDS;Agar-Gel + KCl;6;0.5;0.092;0.0176;0.3895;0.35;0.836;10.35;850;nein (EP 3 737 654)
2014;25.886;CEM I (Portland);10;Stabmixer;Agar-Gel + KCl;3;0.42;0.0696;0.0106;0.5954;0.35;0.638;6.9;850;nein (EP 3 737 654)
2015;25.8842;CEM I (Portland);8;Handrühren;KCl gesättigt;3;0.42;0.0565;0.0112;0.6595;0.2;0.58;5.54;850;nein (EP 3 737 654)
2016;25.8833;CEM I (Portland);5;Stabmixer + SDS;KCl 1 mol/l;10;0.42;0.0361;0.0056;0.7557;0.35;1.0;3.72;850;nein (EP 3 737 654)
2017;25.8787;CEM I (Portland);15;Stabmixer + SDS;Agar-Gel + KCl;6;0.42;0.1009;0.0159;0.4351;0.35;0.836;10.15;850;nein (EP 3 737 654)
2018;25.8786;CEM III (Hüttensandzement);15;Handrühren;KCl 1 mol/l;3;0.42;0.0989;0.0152;0.3916;0.35;0.58;9.938;400;nein (EP 3 737 654)
2019;25.8729;CEM III (Hüttensandzement);5;Stabmixer;Agar-Gel + KCl;3;0.35;0.0388;0.0041;0.7425;0.35;0.638;3.668;400;nein (EP 3 737 654)
2020;25.8254;CEM I (Portland);12;Stabmixer;Agar-Gel + KCl;3;0.35;0.0902;0.0126;0.58;0.35;0.638;8.18;850;nein (EP 3 737 654)
2021;25.7925;CEM I (Portland);12;Ultraschall + SDS;Agar-Gel + KCl;3;0.5;0.075;0.0163;0.4756;0.35;0.638;8.43;850;nein (EP 3 737 654)
2022;25.7802;CEM I (Portland);10;Handrühren;KCl gesättigt;3;0.42;0.0696;0.0142;0.5954;0.2;0.58;6.82;850;nein (EP 3 737 654)
2023;25.7781;CEM III (Hüttensandzement);5;Ultraschall + SDS;KOH 1 mol/l;6;0.5;0.032;0.0064;0.6088;0.9;0.76;3.938;400;nein (EP 3 737 654)
2024;25.7548;Geopolymer (Hüttensand + NaOH/Wasserglas);5;Stabmixer;KCl gesättigt;6;0.42;0.035;0.0057;0.8313;0.22;0.76;3.88;180;ja
2025;25.7381;CEM I (Portland);12;Handrühren;Agar-Gel + KCl;6;0.35;0.0902;0.0085;0.58;0.35;0.836;8.08;850;nein (EP 3 737 654)
2026;25.7233;Geopolymer (Hüttensand + NaOH/Wasserglas);5;Handrühren;KOH 1 mol/l;3;0.42;0.035;0.0037;0.8313;0.99;0.58;3.78;180;ja
2027;25.7188;CEM III (Hüttensandzement);15;Handrühren;KCl gesättigt;3;0.5;0.0904;0.019;0.3505;0.2;0.58;9.988;400;nein (EP 3 737 654)
2028;25.7151;CEM I (Portland);15;Stabmixer;Agar-Gel + KCl;10;0.5;0.092;0.0119;0.3895;0.35;1.1;10.1;850;nein (EP 3 737 654)
2029;25.6999;CEM III (Hüttensandzement);10;Handrühren;Agar-Gel + KCl;3;0.5;0.0621;0.0073;0.4797;0.35;0.638;6.768;400;nein (EP 3 737 654)
2030;25.684;CEM I (Portland);12;Handrühren;KCl 1 mol/l;3;0.35;0.0902;0.0134;0.58;0.35;0.58;8.05;850;nein (EP 3 737 654)
2031;25.6473;Geopolymer (Hüttensand + NaOH/Wasserglas);5;Ultraschall + SDS;KCl gesättigt;10;0.5;0.0318;0.0063;0.7441;0.22;1.0;4.13;180;ja
2032;25.6429;CEM I (Portland);10;Handrühren;KCl 1 mol/l;6;0.5;0.0633;0.01;0.533;0.35;0.76;6.77;850;nein (EP 3 737 654)
2033;25.6242;CEM III (Hüttensandzement);5;Stabmixer;KCl gesättigt;3;0.35;0.0388;0.0075;0.7425;0.2;0.58;3.688;400;nein (EP 3 737 654)
2034;25.5843;CEM I (Portland);10;Handrühren;KCl 1 mol/l;3;0.42;0.0696;0.0113;0.5954;0.35;0.58;6.77;850;nein (EP 3 737 654)
2035;25.5529;CEM III (Hüttensandzement);8;Handrühren;Agar-Gel + KCl;3;0.5;0.0503;0.0056;0.5314;0.35;0.638;5.488;400;nein (EP 3 737 654)
2036;25.5176;CEM I (Portland);10;Handrühren;KCl gesättigt;6;0.5;0.0633;0.0125;0.533;0.2;0.76;6.82;850;nein (EP 3 737 654)
2037;25.4971;CEM I (Portland);8;Stabmixer + SDS;Agar-Gel + KCl;3;0.5;0.0513;0.0097;0.5904;0.35;0.638;5.67;850;nein (EP 3 737 654)
2038;25.4318;CEM I (Portland);10;Stabmixer + SDS;Agar-Gel + KCl;3;0.5;0.0633;0.0123;0.533;0.35;0.638;6.95;850;nein (EP 3 737 654)
2039;25.4314;CEM I (Portland);15;Handrühren;Agar-Gel + KCl;10;0.35;0.1102;0.0087;0.475;0.35;1.1;10.0;850;nein (EP 3 737 654)
2040;25.3671;CEM I (Portland);8;Handrühren;KCl 1 mol/l;6;0.5;0.0513;0.0077;0.5904;0.35;0.76;5.49;850;nein (EP 3 737 654)
2041;25.304;CEM III (Hüttensandzement);15;Handrühren;Agar-Gel + KCl;6;0.42;0.0989;0.0096;0.3916;0.35;0.836;9.968;400;nein (EP 3 737 654)
2042;25.2651;CEM I (Portland);10;Handrühren;Agar-Gel + KCl;3;0.35;0.0763;0.0081;0.65;0.35;0.638;6.8;850;nein (EP 3 737 654)
2043;25.2563;CEM I (Portland);15;Handrühren;KCl gesättigt;10;0.5;0.092;0.0159;0.3895;0.2;1.0;10.02;850;nein (EP 3 737 654)
2044;25.2521;CEM III (Hüttensandzement);5;Handrühren;KOH 1 mol/l;10;0.42;0.0353;0.003;0.6801;0.9;1.0;3.588;400;nein (EP 3 737 654)
2045;25.1223;Geopolymer (Hüttensand + NaOH/Wasserglas);5;Stabmixer;Eigene Porenlösung (ohne Zusatz);6;0.5;0.0318;0.0026;0.7441;1.1;0.836;3.78;180;ja
2046;25.0945;CEM I (Portland);15;Ultraschall + SDS;Agar-Gel + KCl;3;0.42;0.1009;0.0192;0.4351;0.35;0.638;10.35;850;nein (EP 3 737 654)
2047;25.0404;CEM I (Portland);5;Stabmixer + SDS;KCl gesättigt;10;0.42;0.0361;0.007;0.7557;0.2;1.0;3.77;850;nein (EP 3 737 654)
2048;25.0271;CEM I (Portland);15;Handrühren;KCl gesättigt;6;0.35;0.1102;0.0176;0.475;0.2;0.76;10.02;850;nein (EP 3 737 654)
2049;24.9822;CEM III (Hüttensandzement);5;Stabmixer;Agar-Gel + KCl;10;0.42;0.0353;0.0028;0.6801;0.35;1.1;3.668;400;nein (EP 3 737 654)
2050;24.9504;CEM I (Portland);12;Stabmixer;Agar-Gel + KCl;6;0.5;0.075;0.0112;0.4756;0.35;0.836;8.18;850;nein (EP 3 737 654)
2051;24.9279;Geopolymer (Hüttensand + NaOH/Wasserglas);5;Stabmixer;KCl 1 mol/l;3;0.42;0.035;0.005;0.8313;0.385;0.58;3.83;180;ja
2052;24.9234;CEM I (Portland);5;Stabmixer;KOH 1 mol/l;3;0.42;0.0361;0.0062;0.7557;0.9;0.58;3.72;850;nein (EP 3 737 654)
2053;24.8933;CEM III (Hüttensandzement);5;Stabmixer + SDS;KCl 1 mol/l;6;0.42;0.0353;0.0058;0.6801;0.35;0.76;3.688;400;nein (EP 3 737 654)
2054;24.8355;Geopolymer (Hüttensand + NaOH/Wasserglas);5;Stabmixer + SDS;Agar-Gel + KCl;10;0.5;0.0318;0.0029;0.7441;0.385;1.1;3.91;180;ja
2055;24.7472;CEM I (Portland);5;Handrühren;KCl gesättigt;10;0.35;0.0397;0.0044;0.825;0.2;1.0;3.62;850;nein (EP 3 737 654)
2056;24.7317;Geopolymer (Hüttensand + NaOH/Wasserglas);5;Handrühren;Agar-Gel + KCl;10;0.42;0.035;0.0018;0.8313;0.385;1.1;3.76;180;ja
2057;24.7284;CEM I (Portland);12;Handrühren;KCl gesättigt;3;0.42;0.0824;0.0167;0.5313;0.2;0.58;8.1;850;nein (EP 3 737 654)
2058;24.7221;CEM I (Portland);15;Handrühren;KCl 1 mol/l;10;0.5;0.092;0.0127;0.3895;0.35;1.0;9.97;850;nein (EP 3 737 654)
2059;24.7185;CEM I (Portland);8;Handrühren;KCl gesättigt;6;0.5;0.0513;0.0096;0.5904;0.2;0.76;5.54;850;nein (EP 3 737 654)
2060;24.7041;CEM I (Portland);12;Handrühren;KCl gesättigt;6;0.5;0.075;0.0149;0.4756;0.2;0.76;8.1;850;nein (EP 3 737 654)
2061;24.6978;CEM I (Portland);15;Stabmixer + SDS;Agar-Gel + KCl;3;0.35;0.1102;0.0173;0.475;0.35;0.638;10.15;850;nein (EP 3 737 654)
2062;24.6904;CEM III (Hüttensandzement);5;Handrühren;Agar-Gel + KCl;6;0.35;0.0388;0.0025;0.7425;0.35;0.836;3.568;400;nein (EP 3 737 654)
2063;24.6709;CEM I (Portland);5;Stabmixer + SDS;KOH 1 mol/l;10;0.5;0.0327;0.0052;0.6765;0.9;1.0;3.77;850;nein (EP 3 737 654)
2064;24.6644;Geopolymer (Hüttensand + NaOH/Wasserglas);5;Stabmixer;Agar-Gel + KCl;3;0.42;0.035;0.0034;0.8313;0.385;0.638;3.86;180;ja
2065;24.6567;CEM III (Hüttensandzement);5;Stabmixer + SDS;Agar-Gel + KCl;6;0.42;0.0353;0.004;0.6801;0.35;0.836;3.718;400;nein (EP 3 737 654)
2066;24.6395;CEM I (Portland);8;Handrühren;Agar-Gel + KCl;3;0.42;0.0565;0.0062;0.6595;0.35;0.638;5.52;850;nein (EP 3 737 654)
2067;24.6288;CEM I (Portland);5;Ultraschall + SDS;KCl 1 mol/l;6;0.42;0.0361;0.0072;0.7557;0.35;0.76;3.92;850;nein (EP 3 737 654)
2068;24.6169;CEM III (Hüttensandzement);15;Stabmixer;Agar-Gel + KCl;3;0.5;0.0904;0.0142;0.3505;0.35;0.638;10.068;400;nein (EP 3 737 654)
2069;24.6018;CEM I (Portland);15;Stabmixer;Agar-Gel + KCl;6;0.35;0.1102;0.0132;0.475;0.35;0.836;10.1;850;nein (EP 3 737 654)
2070;24.5819;CEM III (Hüttensandzement);15;Handrühren;KCl 1 mol/l;3;0.5;0.0904;0.0152;0.3505;0.35;0.58;9.938;400;nein (EP 3 737 654)
2071;24.5762;CEM III (Hüttensandzement);5;Ultraschall + SDS;KCl 1 mol/l;3;0.42;0.0353;0.0074;0.6801;0.35;0.58;3.888;400;nein (EP 3 737 654)
2072;24.5715;CEM I (Portland);15;Stabmixer;KCl 1 mol/l;3;0.5;0.092;0.021;0.3895;0.35;0.58;10.07;850;nein (EP 3 737 654)
2073;24.5705;CEM III (Hüttensandzement);5;Stabmixer;KCl 1 mol/l;10;0.42;0.0353;0.004;0.6801;0.35;1.0;3.638;400;nein (EP 3 737 654)
2074;24.5145;CEM I (Portland);5;Stabmixer;KCl 1 mol/l;3;0.35;0.0397;0.0064;0.825;0.35;0.58;3.67;850;nein (EP 3 737 654)
2075;24.5119;Geopolymer (Hüttensand + NaOH/Wasserglas);5;Stabmixer + SDS;KCl 1 mol/l;10;0.5;0.0318;0.0042;0.7441;0.385;1.0;3.88;180;ja
2076;24.5078;CEM I (Portland);8;Handrühren;Agar-Gel + KCl;6;0.5;0.0513;0.0053;0.5904;0.35;0.836;5.52;850;nein (EP 3 737 654)
2077;24.478;CEM III (Hüttensandzement);5;Handrühren;KCl 1 mol/l;6;0.35;0.0388;0.0036;0.7425;0.35;0.76;3.538;400;nein (EP 3 737 654)
2078;24.4469;CEM I (Portland);12;Stabmixer + SDS;Agar-Gel + KCl;3;0.5;0.075;0.0146;0.4756;0.35;0.638;8.23;850;nein (EP 3 737 654)
2079;24.4417;CEM I (Portland);5;Handrühren;KOH 1 mol/l;10;0.42;0.0361;0.0032;0.7557;0.9;1.0;3.62;850;nein (EP 3 737 654)
2080;24.4325;CEM I (Portland);15;Stabmixer + SDS;Agar-Gel + KCl;6;0.5;0.092;0.0159;0.3895;0.35;0.836;10.15;850;nein (EP 3 737 654)
2081;24.3595;CEM I (Portland);12;Handrühren;KCl 1 mol/l;6;0.5;0.075;0.0119;0.4756;0.35;0.76;8.05;850;nein (EP 3 737 654)
2082;24.2947;CEM I (Portland);5;Ultraschall + SDS;KOH 1 mol/l;6;0.5;0.0327;0.0069;0.6765;0.9;0.76;3.97;850;nein (EP 3 737 654)
2083;24.2139;Geopolymer (Hüttensand + NaOH/Wasserglas);5;Ultraschall + SDS;KCl 1 mol/l;6;0.5;0.0318;0.0056;0.7441;0.385;0.76;4.08;180;ja
2084;24.1981;Geopolymer (Hüttensand + NaOH/Wasserglas);5;Stabmixer;KOH 1 mol/l;6;0.5;0.0318;0.0041;0.7441;0.99;0.76;3.88;180;ja
2085;24.1924;CEM I (Portland);12;Stabmixer;Agar-Gel + KCl;3;0.42;0.0824;0.0125;0.5313;0.35;0.638;8.18;850;nein (EP 3 737 654)
2086;24.1845;CEM I (Portland);15;Handrühren;Agar-Gel + KCl;10;0.42;0.1009;0.0087;0.4351;0.35;1.1;10.0;850;nein (EP 3 737 654)
2087;24.1605;Geopolymer (Hüttensand + NaOH/Wasserglas);5;Handrühren;KCl 1 mol/l;10;0.42;0.035;0.0026;0.8313;0.385;1.0;3.73;180;ja
2088;24.1554;CEM I (Portland);15;Handrühren;KCl 1 mol/l;6;0.35;0.1102;0.0141;0.475;0.35;0.76;9.97;850;nein (EP 3 737 654)
2089;24.1514;CEM III (Hüttensandzement);12;Handrühren;Agar-Gel + KCl;3;0.5;0.0736;0.0088;0.428;0.35;0.638;8.048;400;nein (EP 3 737 654)
2090;24.1326;CEM I (Portland);12;Handrühren;Agar-Gel + KCl;6;0.42;0.0824;0.0084;0.5313;0.35;0.836;8.08;850;nein (EP 3 737 654)
2091;24.1243;CEM III (Hüttensandzement);5;Stabmixer + SDS;KCl gesättigt;6;0.42;0.0353;0.0073;0.6801;0.2;0.76;3.738;400;nein (EP 3 737 654)
2092;24.085;CEM III (Hüttensandzement);5;Ultraschall + SDS;KOH 1 mol/l;3;0.5;0.032;0.007;0.6088;0.9;0.58;3.938;400;nein (EP 3 737 654)
2093;24.0689;CEM I (Portland);5;Ultraschall + SDS;Agar-Gel + KCl;6;0.42;0.0361;0.0049;0.7557;0.35;0.836;3.95;850;nein (EP 3 737 654)
2094;24.0573;Geopolymer (Hüttensand + NaOH/Wasserglas);5;Ultraschall + SDS;Agar-Gel + KCl;6;0.5;0.0318;0.0038;0.7441;0.385;0.836;4.11;180;ja
2095;24.042;CEM I (Portland);12;Handrühren;KCl 1 mol/l;3;0.42;0.0824;0.0133;0.5313;0.35;0.58;8.05;850;nein (EP 3 737 654)
2096;24.0414;CEM III (Hüttensandzement);5;Ultraschall + SDS;KCl gesättigt;3;0.42;0.0353;0.0093;0.6801;0.2;0.58;3.938;400;nein (EP 3 737 654)
2097;24.0392;CEM I (Portland);10;Handrühren;Agar-Gel + KCl;6;0.5;0.0633;0.0069;0.533;0.35;0.836;6.8;850;nein (EP 3 737 654)
2098;24.0357;CEM I (Portland);5;Ultraschall + SDS;KCl gesättigt;6;0.42;0.0361;0.009;0.7557;0.2;0.76;3.97;850;nein (EP 3 737 654)
2099;24.0074;CEM III (Hüttensandzement);15;Handrühren;Agar-Gel + KCl;6;0.5;0.0904;0.0096;0.3505;0.35;0.836;9.968;400;nein (EP 3 737 654)
2100;23.9563;Geopolymer (Hüttensand + NaOH/Wasserglas);5;Stabmixer;KCl gesättigt;3;0.42;0.035;0.0062;0.8313;0.22;0.58;3.88;180;ja
2101;23.8449;CEM I (Portland);5;Stabmixer;Agar-Gel + KCl;3;0.35;0.0397;0.0044;0.825;0.35;0.638;3.7;850;nein (EP 3 737 654)
2102;23.7925;CEM I (Portland);15;Handrühren;KCl gesättigt;6;0.42;0.1009;0.0177;0.4351;0.2;0.76;10.02;850;nein (EP 3 737 654)
2103;23.7443;CEM I (Portland);5;Stabmixer;KCl gesättigt;3;0.35;0.0397;0.008;0.825;0.2;0.58;3.72;850;nein (EP 3 737 654)
2104;23.7433;CEM III (Hüttensandzement);5;Ultraschall + SDS;Agar-Gel + KCl;3;0.42;0.0353;0.0051;0.6801;0.35;0.638;3.918;400;nein (EP 3 737 654)
2105;23.7429;CEM I (Portland);8;Stabmixer;Agar-Gel + KCl;3;0.5;0.0513;0.008;0.5904;0.35;0.638;5.62;850;nein (EP 3 737 654)
2106;23.6917;CEM III (Hüttensandzement);5;Stabmixer + SDS;KOH 1 mol/l;6;0.5;0.032;0.0054;0.6088;0.9;0.76;3.738;400;nein (EP 3 737 654)
2107;23.647;CEM I (Portland);15;Ultraschall + SDS;Agar-Gel + KCl;3;0.5;0.092;0.0192;0.3895;0.35;0.638;10.35;850;nein (EP 3 737 654)
2108;23.5921;CEM III (Hüttensandzement);5;Stabmixer;KCl gesättigt;10;0.42;0.0353;0.005;0.6801;0.2;1.0;3.688;400;nein (EP 3 737 654)
2109;23.5535;Geopolymer (Hüttensand + NaOH/Wasserglas);5;Stabmixer + SDS;KCl gesättigt;10;0.5;0.0318;0.0053;0.7441;0.22;1.0;3.93;180;ja
2110;23.463;CEM I (Portland);15;Stabmixer + SDS;Agar-Gel + KCl;3;0.42;0.1009;0.0173;0.4351;0.35;0.638;10.15;850;nein (EP 3 737 654)
2111;23.4601;CEM I (Portland);10;Stabmixer;Agar-Gel + KCl;3;0.5;0.0633;0.0102;0.533;0.35;0.638;6.9;850;nein (EP 3 737 654)
2112;23.4546;CEM I (Portland);5;Stabmixer;Agar-Gel + KCl;10;0.42;0.0361;0.0029;0.7557;0.35;1.1;3.7;850;nein (EP 3 737 654)
2113;23.4517;CEM III (Hüttensandzement);15;Handrühren;Agar-Gel + KCl;3;0.35;0.1079;0.0104;0.4275;0.35;0.638;9.968;400;nein (EP 3 737 654)
2114;23.4212;Geopolymer (Hüttensand + NaOH/Wasserglas);5;Stabmixer;Eigene Porenlösung (ohne Zusatz);3;0.5;0.0318;0.0028;0.7441;1.1;0.638;3.78;180;ja
2115;23.3775;Geopolymer (Hüttensand + NaOH/Wasserglas);5;Ultraschall + SDS;KCl gesättigt;6;0.5;0.0318;0.007;0.7441;0.22;0.76;4.13;180;ja
2116;23.3657;CEM III (Hüttensandzement);5;Handrühren;KCl gesättigt;6;0.35;0.0388;0.0045;0.7425;0.2;0.76;3.588;400;nein (EP 3 737 654)
2117;23.3613;CEM I (Portland);15;Stabmixer;Agar-Gel + KCl;6;0.42;0.1009;0.0132;0.4351;0.35;0.836;10.1;850;nein (EP 3 737 654)
2118;23.2242;CEM I (Portland);10;Handrühren;Agar-Gel + KCl;3;0.42;0.0696;0.0078;0.5954;0.35;0.638;6.8;850;nein (EP 3 737 654)
2119;23.1714;CEM I (Portland);10;Handrühren;KCl gesättigt;3;0.5;0.0633;0.0136;0.533;0.2;0.58;6.82;850;nein (EP 3 737 654)
2120;23.1488;CEM I (Portland);5;Handrühren;Agar-Gel + KCl;6;0.35;0.0397;0.0027;0.825;0.35;0.836;3.6;850;nein (EP 3 737 654)
2121;23.11;CEM I (Portland);15;Handrühren;KCl gesättigt;3;0.35;0.1102;0.0192;0.475;0.2;0.58;10.02;850;nein (EP 3 737 654)
2122;23.0795;CEM I (Portland);10;Handrühren;KCl 1 mol/l;3;0.5;0.0633;0.0109;0.533;0.35;0.58;6.77;850;nein (EP 3 737 654)
2123;23.0783;CEM I (Portland);5;Stabmixer;KCl 1 mol/l;10;0.42;0.0361;0.0043;0.7557;0.35;1.0;3.67;850;nein (EP 3 737 654)
2124;23.065;CEM I (Portland);5;Stabmixer + SDS;KCl 1 mol/l;6;0.42;0.0361;0.0062;0.7557;0.35;0.76;3.72;850;nein (EP 3 737 654)
2125;23.0333;Geopolymer (Hüttensand + NaOH/Wasserglas);5;Handrühren;KCl gesättigt;10;0.42;0.035;0.0032;0.8313;0.22;1.0;3.78;180;ja
2126;22.9921;CEM III (Hüttensandzement);5;Handrühren;KOH 1 mol/l;6;0.42;0.0353;0.0033;0.6801;0.9;0.76;3.588;400;nein (EP 3 737 654)
2127;22.9829;CEM I (Portland);5;Handrühren;KCl 1 mol/l;6;0.35;0.0397;0.0039;0.825;0.35;0.76;3.57;850;nein (EP 3 737 654)
2128;22.916;CEM I (Portland);15;Handrühren;KCl 1 mol/l;6;0.42;0.1009;0.0141;0.4351;0.35;0.76;9.97;850;nein (EP 3 737 654)
2129;22.9027;CEM III (Hüttensandzement);5;Stabmixer + SDS;KCl 1 mol/l;3;0.42;0.0353;0.0064;0.6801;0.35;0.58;3.688;400;nein (EP 3 737 654)
2130;22.7446;CEM I (Portland);8;Handrühren;KCl 1 mol/l;3;0.5;0.0513;0.0084;0.5904;0.35;0.58;5.49;850;nein (EP 3 737 654)
2131;22.7417;CEM I (Portland);5;Stabmixer + SDS;Agar-Gel + KCl;6;0.42;0.0361;0.0043;0.7557;0.35;0.836;3.75;850;nein (EP 3 737 654)
2132;22.7407;CEM I (Portland);15;Handrühren;Agar-Gel + KCl;10;0.5;0.092;0.0087;0.3895;0.35;1.1;10.0;850;nein (EP 3 737 654)
2133;22.7243;Geopolymer (Hüttensand + NaOH/Wasserglas);5;Stabmixer;KOH 1 mol/l;3;0.5;0.0318;0.0045;0.7441;0.99;0.58;3.88;180;ja
2134;22.6736;CEM I (Portland);12;Handrühren;Agar-Gel + KCl;3;0.35;0.0902;0.0092;0.58;0.35;0.638;8.08;850;nein (EP 3 737 654)
2135;22.5537;CEM I (Portland);5;Ultraschall + SDS;KCl 1 mol/l;3;0.42;0.0361;0.0078;0.7557;0.35;0.58;3.92;850;nein (EP 3 737 654)
2136;22.5526;CEM I (Portland);12;Handrühren;KCl gesättigt;3;0.5;0.075;0.0163;0.4756;0.2;0.58;8.1;850;nein (EP 3 737 654)
2137;22.5514;CEM I (Portland);5;Ultraschall + SDS;KOH 1 mol/l;3;0.5;0.0327;0.0075;0.6765;0.9;0.58;3.97;850;nein (EP 3 737 654)
2138;22.5022;Geopolymer (Hüttensand + NaOH/Wasserglas);5;Ultraschall + SDS;KCl 1 mol/l;3;0.5;0.0318;0.0061;0.7441;0.385;0.58;4.08;180;ja
2139;22.5004;CEM III (Hüttensandzement);5;Ultraschall + SDS;Agar-Gel + KCl;10;0.5;0.032;0.0034;0.6088;0.35;1.1;3.918;400;nein (EP 3 737 654)
2140;22.3925;CEM III (Hüttensandzement);5;Handrühren;KCl 1 mol/l;3;0.35;0.0388;0.004;0.7425;0.35;0.58;3.538;400;nein (EP 3 737 654)
2141;22.3861;CEM III (Hüttensandzement);5;Stabmixer;KOH 1 mol/l;10;0.5;0.032;0.0036;0.6088;0.9;1.0;3.688;400;nein (EP 3 737 654)
2142;22.3509;CEM I (Portland);5;Stabmixer + SDS;KOH 1 mol/l;6;0.5;0.0327;0.0058;0.6765;0.9;0.76;3.77;850;nein (EP 3 737 654)
2143;22.3447;CEM I (Portland);15;Handrühren;KCl gesättigt;6;0.5;0.092;0.0176;0.3895;0.2;0.76;10.02;850;nein (EP 3 737 654)
2144;22.3359;CEM III (Hüttensandzement);15;Handrühren;Agar-Gel + KCl;3;0.42;0.0989;0.0104;0.3916;0.35;0.638;9.968;400;nein (EP 3 737 654)
2145;22.3271;CEM I (Portland);5;Stabmixer + SDS;KCl gesättigt;6;0.42;0.0361;0.0078;0.7557;0.2;0.76;3.77;850;nein (EP 3 737 654)
2146;22.3247;CEM III (Hüttensandzement);5;Stabmixer + SDS;Agar-Gel + KCl;3;0.42;0.0353;0.0044;0.6801;0.35;0.638;3.718;400;nein (EP 3 737 654)
2147;22.3093;CEM III (Hüttensandzement);5;Handrühren;Agar-Gel + KCl;3;0.35;0.0388;0.0027;0.7425;0.35;0.638;3.568;400;nein (EP 3 737 654)
2148;22.2738;Geopolymer (Hüttensand + NaOH/Wasserglas);5;Stabmixer + SDS;KCl 1 mol/l;6;0.5;0.0318;0.0047;0.7441;0.385;0.76;3.88;180;ja
2149;22.2732;Geopolymer (Hüttensand + NaOH/Wasserglas);5;Stabmixer + SDS;Agar-Gel + KCl;6;0.5;0.0318;0.0032;0.7441;0.385;0.836;3.91;180;ja
2150;22.2674;CEM III (Hüttensandzement);5;Ultraschall + SDS;KCl 1 mol/l;10;0.5;0.032;0.0049;0.6088;0.35;1.0;3.888;400;nein (EP 3 737 654)
2151;22.2544;CEM I (Portland);8;Handrühren;KCl gesättigt;3;0.5;0.0513;0.0105;0.5904;0.2;0.58;5.54;850;nein (EP 3 737 654)
2152;22.22;CEM III (Hüttensandzement);5;Stabmixer + SDS;KCl gesättigt;3;0.42;0.0353;0.008;0.6801;0.2;0.58;3.738;400;nein (EP 3 737 654)
2153;22.2133;Geopolymer (Hüttensand + NaOH/Wasserglas);5;Handrühren;Agar-Gel + KCl;6;0.42;0.035;0.002;0.8313;0.385;0.836;3.76;180;ja
2154;22.1556;CEM I (Portland);12;Handrühren;Agar-Gel + KCl;6;0.5;0.075;0.0082;0.4756;0.35;0.836;8.08;850;nein (EP 3 737 654)
2155;22.126;CEM I (Portland);12;Stabmixer;Agar-Gel + KCl;3;0.5;0.075;0.0122;0.4756;0.35;0.638;8.18;850;nein (EP 3 737 654)
2156;22.0976;CEM I (Portland);5;Stabmixer;KCl gesättigt;10;0.42;0.0361;0.0054;0.7557;0.2;1.0;3.72;850;nein (EP 3 737 654)
2157;22.0762;CEM I (Portland);5;Ultraschall + SDS;KCl gesättigt;3;0.42;0.0361;0.0098;0.7557;0.2;0.58;3.97;850;nein (EP 3 737 654)
2158;22.0626;CEM I (Portland);5;Handrühren;KOH 1 mol/l;6;0.42;0.0361;0.0036;0.7557;0.9;0.76;3.62;850;nein (EP 3 737 654)
2159;22.0597;CEM III (Hüttensandzement);5;Stabmixer + SDS;KOH 1 mol/l;3;0.5;0.032;0.0059;0.6088;0.9;0.58;3.738;400;nein (EP 3 737 654)
2160;22.0584;Geopolymer (Hüttensand + NaOH/Wasserglas);5;Ultraschall + SDS;Agar-Gel + KCl;3;0.5;0.0318;0.0042;0.7441;0.385;0.638;4.11;180;ja
2161;22.0296;CEM III (Hüttensandzement);5;Stabmixer;Agar-Gel + KCl;6;0.42;0.0353;0.0031;0.6801;0.35;0.836;3.668;400;nein (EP 3 737 654)
2162;22.0163;CEM I (Portland);15;Stabmixer + SDS;Agar-Gel + KCl;3;0.5;0.092;0.0173;0.3895;0.35;0.638;10.15;850;nein (EP 3 737 654)
2163;21.9859;CEM III (Hüttensandzement);5;Stabmixer;KCl 1 mol/l;6;0.42;0.0353;0.0045;0.6801;0.35;0.76;3.638;400;nein (EP 3 737 654)
2164;21.9524;CEM I (Portland);15;Stabmixer;Agar-Gel + KCl;3;0.35;0.1102;0.0144;0.475;0.35;0.638;10.1;850;nein (EP 3 737 654)
2165;21.9468;CEM I (Portland);12;Handrühren;KCl 1 mol/l;3;0.5;0.075;0.013;0.4756;0.35;0.58;8.05;850;nein (EP 3 737 654)
2166;21.9294;CEM I (Portland);15;Handrühren;KCl 1 mol/l;3;0.35;0.1102;0.0154;0.475;0.35;0.58;9.97;850;nein (EP 3 737 654)
2167;21.924;Geopolymer (Hüttensand + NaOH/Wasserglas);5;Handrühren;KCl 1 mol/l;6;0.42;0.035;0.0028;0.8313;0.385;0.76;3.73;180;ja
2168;21.916;CEM I (Portland);15;Stabmixer;Agar-Gel + KCl;6;0.5;0.092;0.0132;0.3895;0.35;0.836;10.1;850;nein (EP 3 737 654)
2169;21.8777;CEM I (Portland);15;Handrühren;KCl gesättigt;3;0.42;0.1009;0.0192;0.4351;0.2;0.58;10.02;850;nein (EP 3 737 654)
2170;21.8611;CEM I (Portland);5;Handrühren;KCl gesättigt;6;0.35;0.0397;0.0049;0.825;0.2;0.76;3.62;850;nein (EP 3 737 654)
2171;21.8216;Geopolymer (Hüttensand + NaOH/Wasserglas);5;Handrühren;Eigene Porenlösung (ohne Zusatz);10;0.5;0.0318;0.0014;0.7441;1.1;1.1;3.68;180;ja
2172;21.7361;Geopolymer (Hüttensand + NaOH/Wasserglas);5;Ultraschall + SDS;KCl gesättigt;3;0.5;0.0318;0.0076;0.7441;0.22;0.58;4.13;180;ja
2173;21.6185;Geopolymer (Hüttensand + NaOH/Wasserglas);5;Stabmixer;Agar-Gel + KCl;10;0.5;0.0318;0.0021;0.7441;0.385;1.1;3.86;180;ja
2174;21.5957;CEM I (Portland);5;Ultraschall + SDS;Agar-Gel + KCl;3;0.42;0.0361;0.0054;0.7557;0.35;0.638;3.95;850;nein (EP 3 737 654)
2175;21.4698;CEM I (Portland);15;Handrühren;KCl 1 mol/l;6;0.5;0.092;0.0141;0.3895;0.35;0.76;9.97;850;nein (EP 3 737 654)
2176;21.4666;CEM III (Hüttensandzement);5;Ultraschall + SDS;KCl gesättigt;10;0.5;0.032;0.0061;0.6088;0.2;1.0;3.938;400;nein (EP 3 737 654)
2177;21.3762;Geopolymer (Hüttensand + NaOH/Wasserglas);5;Stabmixer + SDS;KCl gesättigt;6;0.5;0.0318;0.0059;0.7441;0.22;0.76;3.93;180;ja
2178;21.3617;CEM I (Portland);8;Handrühren;Agar-Gel + KCl;3;0.5;0.0513;0.0058;0.5904;0.35;0.638;5.52;850;nein (EP 3 737 654)
2179;21.3534;CEM I (Portland);5;Stabmixer;KOH 1 mol/l;10;0.5;0.0327;0.0039;0.6765;0.9;1.0;3.72;850;nein (EP 3 737 654)
2180;21.3331;CEM III (Hüttensandzement);5;Handrühren;KCl gesättigt;3;0.35;0.0388;0.0049;0.7425;0.2;0.58;3.588;400;nein (EP 3 737 654)
2181;21.3235;CEM III (Hüttensandzement);5;Handrühren;KOH 1 mol/l;3;0.42;0.0353;0.0036;0.6801;0.9;0.58;3.588;400;nein (EP 3 737 654)
2182;21.2906;CEM I (Portland);15;Handrühren;Agar-Gel + KCl;6;0.35;0.1102;0.0097;0.475;0.35;0.836;10.0;850;nein (EP 3 737 654)
2183;21.1716;Geopolymer (Hüttensand + NaOH/Wasserglas);5;Stabmixer;KCl 1 mol/l;10;0.5;0.0318;0.0031;0.7441;0.385;1.0;3.83;180;ja
2184;21.0738;CEM III (Hüttensandzement);5;Stabmixer;KCl gesättigt;6;0.42;0.0353;0.0056;0.6801;0.2;0.76;3.688;400;nein (EP 3 737 654)
2185;21.0633;CEM I (Portland);12;Handrühren;Agar-Gel + KCl;3;0.42;0.0824;0.0092;0.5313;0.35;0.638;8.08;850;nein (EP 3 737 654)
2186;21.0396;CEM III (Hüttensandzement);15;Handrühren;Agar-Gel + KCl;3;0.5;0.0904;0.0104;0.3505;0.35;0.638;9.968;400;nein (EP 3 737 654)
2187;21.0173;CEM I (Portland);5;Stabmixer + SDS;KCl 1 mol/l;3;0.42;0.0361;0.0068;0.7557;0.35;0.58;3.72;850;nein (EP 3 737 654)
2188;20.8871;CEM III (Hüttensandzement);5;Stabmixer + SDS;Agar-Gel + KCl;10;0.5;0.032;0.0028;0.6088;0.35;1.1;3.718;400;nein (EP 3 737 654)
2189;20.8611;CEM I (Portland);10;Handrühren;Agar-Gel + KCl;3;0.5;0.0633;0.0075;0.533;0.35;0.638;6.8;850;nein (EP 3 737 654)
2190;20.8321;Geopolymer (Hüttensand + NaOH/Wasserglas);5;Handrühren;KCl gesättigt;6;0.42;0.035;0.0035;0.8313;0.22;0.76;3.78;180;ja
2191;20.8133;CEM III (Hüttensandzement);5;Handrühren;Agar-Gel + KCl;10;0.42;0.0353;0.0017;0.6801;0.35;1.1;3.568;400;nein (EP 3 737 654)
2192;20.8105;CEM I (Portland);5;Handrühren;KCl 1 mol/l;3;0.35;0.0397;0.0043;0.825;0.35;0.58;3.57;850;nein (EP 3 737 654)
2193;20.7637;CEM I (Portland);5;Ultraschall + SDS;Agar-Gel + KCl;10;0.5;0.0327;0.0036;0.6765;0.35;1.1;3.95;850;nein (EP 3 737 654)
2194;20.7136;CEM I (Portland);15;Stabmixer;Agar-Gel + KCl;3;0.42;0.1009;0.0144;0.4351;0.35;0.638;10.1;850;nein (EP 3 737 654)
2195;20.6918;CEM I (Portland);15;Handrühren;KCl 1 mol/l;3;0.42;0.1009;0.0154;0.4351;0.35;0.58;9.97;850;nein (EP 3 737 654)
2196;20.6612;CEM I (Portland);5;Stabmixer + SDS;KOH 1 mol/l;3;0.5;0.0327;0.0063;0.6765;0.9;0.58;3.77;850;nein (EP 3 737 654)
2197;20.6609;CEM I (Portland);5;Handrühren;Agar-Gel + KCl;3;0.35;0.0397;0.0029;0.825;0.35;0.638;3.6;850;nein (EP 3 737 654)
2198;20.6354;Geopolymer (Hüttensand + NaOH/Wasserglas);5;Handrühren;KOH 1 mol/l;10;0.5;0.0318;0.0022;0.7441;0.99;1.0;3.78;180;ja
2199;20.6335;Geopolymer (Hüttensand + NaOH/Wasserglas);5;Stabmixer + SDS;KCl 1 mol/l;3;0.5;0.0318;0.0051;0.7441;0.385;0.58;3.88;180;ja
2200;20.5774;CEM I (Portland);5;Ultraschall + SDS;KCl 1 mol/l;10;0.5;0.0327;0.0052;0.6765;0.35;1.0;3.92;850;nein (EP 3 737 654)
2201;20.5403;CEM III (Hüttensandzement);5;Stabmixer + SDS;KCl 1 mol/l;10;0.5;0.032;0.0041;0.6088;0.35;1.0;3.688;400;nein (EP 3 737 654)
2202;20.4292;CEM I (Portland);15;Handrühren;KCl gesättigt;3;0.5;0.092;0.0192;0.3895;0.2;0.58;10.02;850;nein (EP 3 737 654)
2203;20.391;CEM I (Portland);5;Stabmixer;KCl 1 mol/l;6;0.42;0.0361;0.0048;0.7557;0.35;0.76;3.67;850;nein (EP 3 737 654)
2204;20.3778;Geopolymer (Hüttensand + NaOH/Wasserglas);5;Stabmixer + SDS;Agar-Gel + KCl;3;0.5;0.0318;0.0035;0.7441;0.385;0.638;3.91;180;ja
2205;20.376;CEM I (Portland);5;Stabmixer;Agar-Gel + KCl;6;0.42;0.0361;0.0033;0.7557;0.35;0.836;3.7;850;nein (EP 3 737 654)
2206;20.3747;CEM I (Portland);5;Stabmixer + SDS;KCl gesättigt;3;0.42;0.0361;0.0084;0.7557;0.2;0.58;3.77;850;nein (EP 3 737 654)
2207;20.3398;Geopolymer (Hüttensand + NaOH/Wasserglas);5;Handrühren;Agar-Gel + KCl;3;0.42;0.035;0.0021;0.8313;0.385;0.638;3.76;180;ja
2208;20.3395;CEM III (Hüttensandzement);5;Stabmixer;KOH 1 mol/l;6;0.5;0.032;0.004;0.6088;0.9;0.76;3.688;400;nein (EP 3 737 654)
2209;20.3321;CEM I (Portland);5;Stabmixer + SDS;Agar-Gel + KCl;3;0.42;0.0361;0.0046;0.7557;0.35;0.638;3.75;850;nein (EP 3 737 654)
2210;20.3086;CEM I (Portland);5;Handrühren;KOH 1 mol/l;3;0.42;0.0361;0.0039;0.7557;0.9;0.58;3.62;850;nein (EP 3 737 654)
2211;20.2689;Geopolymer (Hüttensand + NaOH/Wasserglas);5;Handrühren;KCl 1 mol/l;3;0.42;0.035;0.0031;0.8313;0.385;0.58;3.73;180;ja
2212;20.2217;CEM III (Hüttensandzement);5;Handrühren;KCl 1 mol/l;10;0.42;0.0353;0.0025;0.6801;0.35;1.0;3.538;400;nein (EP 3 737 654)
2213;20.196;Geopolymer (Hüttensand + NaOH/Wasserglas);5;Stabmixer;KCl gesättigt;10;0.5;0.0318;0.0039;0.7441;0.22;1.0;3.88;180;ja
2214;20.0892;CEM III (Hüttensandzement);5;Stabmixer;KCl 1 mol/l;3;0.42;0.0353;0.0049;0.6801;0.35;0.58;3.638;400;nein (EP 3 737 654)
2215;20.045;CEM I (Portland);15;Handrühren;Agar-Gel + KCl;6;0.42;0.1009;0.0097;0.4351;0.35;0.836;10.0;850;nein (EP 3 737 654)
2216;19.9315;Geopolymer (Hüttensand + NaOH/Wasserglas);5;Handrühren;Eigene Porenlösung (ohne Zusatz);6;0.5;0.0318;0.0015;0.7441;1.1;0.836;3.68;180;ja
2217;19.8761;CEM III (Hüttensandzement);5;Ultraschall + SDS;KCl 1 mol/l;6;0.5;0.032;0.0054;0.6088;0.35;0.76;3.888;400;nein (EP 3 737 654)
2218;19.8439;CEM III (Hüttensandzement);5;Stabmixer;Agar-Gel + KCl;3;0.42;0.0353;0.0033;0.6801;0.35;0.638;3.668;400;nein (EP 3 737 654)
2219;19.7912;Geopolymer (Hüttensand + NaOH/Wasserglas);5;Stabmixer + SDS;KCl gesättigt;3;0.5;0.0318;0.0064;0.7441;0.22;0.58;3.93;180;ja
2220;19.7881;CEM I (Portland);5;Ultraschall + SDS;KCl gesättigt;10;0.5;0.0327;0.0065;0.6765;0.2;1.0;3.97;850;nein (EP 3 737 654)
2221;19.7482;CEM I (Portland);5;Handrühren;KCl gesättigt;3;0.35;0.0397;0.0053;0.825;0.2;0.58;3.62;850;nein (EP 3 737 654)
2222;19.7436;CEM III (Hüttensandzement);5;Ultraschall + SDS;Agar-Gel + KCl;6;0.5;0.032;0.0037;0.6088;0.35;0.836;3.918;400;nein (EP 3 737 654)
2223;19.6885;CEM III (Hüttensandzement);5;Stabmixer + SDS;KCl gesättigt;10;0.5;0.032;0.0051;0.6088;0.2;1.0;3.738;400;nein (EP 3 737 654)
2224;19.685;CEM I (Portland);5;Handrühren;Agar-Gel + KCl;10;0.42;0.0361;0.0019;0.7557;0.35;1.1;3.6;850;nein (EP 3 737 654)
2225;19.4847;CEM I (Portland);5;Stabmixer;KCl gesättigt;6;0.42;0.0361;0.006;0.7557;0.2;0.76;3.72;850;nein (EP 3 737 654)
2226;19.3197;CEM I (Portland);5;Stabmixer + SDS;Agar-Gel + KCl;10;0.5;0.0327;0.003;0.6765;0.35;1.1;3.75;850;nein (EP 3 737 654)
2227;19.3155;Geopolymer (Hüttensand + NaOH/Wasserglas);5;Stabmixer;Agar-Gel + KCl;6;0.5;0.0318;0.0024;0.7441;0.385;0.836;3.86;180;ja
2228;19.268;CEM I (Portland);15;Stabmixer;Agar-Gel + KCl;3;0.5;0.092;0.0144;0.3895;0.35;0.638;10.1;850;nein (EP 3 737 654)
2229;19.2451;CEM I (Portland);15;Handrühren;KCl 1 mol/l;3;0.5;0.092;0.0154;0.3895;0.35;0.58;9.97;850;nein (EP 3 737 654)
2230;19.2374;CEM III (Hüttensandzement);5;Stabmixer;KCl gesättigt;3;0.42;0.0353;0.0061;0.6801;0.2;0.58;3.688;400;nein (EP 3 737 654)
2231;19.2123;CEM I (Portland);5;Stabmixer;KOH 1 mol/l;6;0.5;0.0327;0.0043;0.6765;0.9;0.76;3.72;850;nein (EP 3 737 654)
2232;19.209;Geopolymer (Hüttensand + NaOH/Wasserglas);5;Handrühren;KCl gesättigt;3;0.42;0.035;0.0039;0.8313;0.22;0.58;3.78;180;ja
2233;19.1956;CEM III (Hüttensandzement);5;Handrühren;KCl gesättigt;10;0.42;0.0353;0.0031;0.6801;0.2;1.0;3.588;400;nein (EP 3 737 654)
2234;19.152;CEM III (Hüttensandzement);5;Ultraschall + SDS;KCl gesättigt;6;0.5;0.032;0.0068;0.6088;0.2;0.76;3.938;400;nein (EP 3 737 654)
2235;19.1374;Geopolymer (Hüttensand + NaOH/Wasserglas);5;Stabmixer;KCl 1 mol/l;6;0.5;0.0318;0.0035;0.7441;0.385;0.76;3.83;180;ja
2236;19.0931;CEM I (Portland);5;Handrühren;KCl 1 mol/l;10;0.42;0.0361;0.0027;0.7557;0.35;1.0;3.57;850;nein (EP 3 737 654)
2237;19.0707;CEM I (Portland);12;Handrühren;Agar-Gel + KCl;3;0.5;0.075;0.0089;0.4756;0.35;0.638;8.08;850;nein (EP 3 737 654)
2238;19.0045;CEM I (Portland);5;Stabmixer + SDS;KCl 1 mol/l;10;0.5;0.0327;0.0044;0.6765;0.35;1.0;3.72;850;nein (EP 3 737 654)
2239;18.9554;Geopolymer (Hüttensand + NaOH/Wasserglas);5;Handrühren;KOH 1 mol/l;6;0.5;0.0318;0.0024;0.7441;0.99;0.76;3.78;180;ja
2240;18.8339;CEM III (Hüttensandzement);5;Stabmixer;KOH 1 mol/l;3;0.5;0.032;0.0044;0.6088;0.9;0.58;3.688;400;nein (EP 3 737 654)
2241;18.601;CEM I (Portland);15;Handrühren;Agar-Gel + KCl;6;0.5;0.092;0.0097;0.3895;0.35;0.836;10.0;850;nein (EP 3 737 654)
2242;18.5228;Geopolymer (Hüttensand + NaOH/Wasserglas);5;Handrühren;Eigene Porenlösung (ohne Zusatz);3;0.5;0.0318;0.0017;0.7441;1.1;0.638;3.68;180;ja
2243;18.4224;CEM I (Portland);5;Stabmixer;KCl 1 mol/l;3;0.42;0.0361;0.0052;0.7557;0.35;0.58;3.67;850;nein (EP 3 737 654)
2244;18.3323;CEM I (Portland);15;Handrühren;Agar-Gel + KCl;3;0.35;0.1102;0.0106;0.475;0.35;0.638;10.0;850;nein (EP 3 737 654)
2245;18.2782;CEM III (Hüttensandzement);5;Stabmixer + SDS;Agar-Gel + KCl;6;0.5;0.032;0.0031;0.6088;0.35;0.836;3.718;400;nein (EP 3 737 654)
2246;18.259;CEM III (Hüttensandzement);5;Stabmixer + SDS;KCl 1 mol/l;6;0.5;0.032;0.0046;0.6088;0.35;0.76;3.688;400;nein (EP 3 737 654)
2247;18.24;CEM III (Hüttensandzement);5;Handrühren;Agar-Gel + KCl;6;0.42;0.0353;0.0019;0.6801;0.35;0.836;3.568;400;nein (EP 3 737 654)
2248;18.2014;Geopolymer (Hüttensand + NaOH/Wasserglas);5;Stabmixer;KCl gesättigt;6;0.5;0.0318;0.0043;0.7441;0.22;0.76;3.88;180;ja
2249;18.1764;CEM III (Hüttensandzement);5;Stabmixer;Agar-Gel + KCl;10;0.5;0.032;0.0021;0.6088;0.35;1.1;3.668;400;nein (EP 3 737 654)
2250;18.1513;CEM I (Portland);5;Stabmixer + SDS;KCl gesättigt;10;0.5;0.0327;0.0055;0.6765;0.2;1.0;3.77;850;nein (EP 3 737 654)
2251;18.1309;CEM III (Hüttensandzement);5;Ultraschall + SDS;KCl 1 mol/l;3;0.5;0.032;0.0059;0.6088;0.35;0.58;3.888;400;nein (EP 3 737 654)
2252;18.1047;CEM I (Portland);5;Ultraschall + SDS;KCl 1 mol/l;6;0.5;0.0327;0.0058;0.6765;0.35;0.76;3.92;850;nein (EP 3 737 654)
2253;18.0993;CEM I (Portland);5;Stabmixer;Agar-Gel + KCl;3;0.42;0.0361;0.0036;0.7557;0.35;0.638;3.7;850;nein (EP 3 737 654)
2254;18.0341;CEM I (Portland);5;Handrühren;KCl gesättigt;10;0.42;0.0361;0.0034;0.7557;0.2;1.0;3.62;850;nein (EP 3 737 654)
2255;17.9353;CEM III (Hüttensandzement);5;Handrühren;KCl 1 mol/l;6;0.42;0.0353;0.0028;0.6801;0.35;0.76;3.538;400;nein (EP 3 737 654)
2256;17.9037;CEM I (Portland);5;Ultraschall + SDS;Agar-Gel + KCl;6;0.5;0.0327;0.004;0.6765;0.35;0.836;3.95;850;nein (EP 3 737 654)
2257;17.7105;CEM III (Hüttensandzement);5;Stabmixer;KCl 1 mol/l;10;0.5;0.032;0.003;0.6088;0.35;1.0;3.638;400;nein (EP 3 737 654)
2258;17.7095;Geopolymer (Hüttensand + NaOH/Wasserglas);5;Handrühren;KOH 1 mol/l;3;0.5;0.0318;0.0026;0.7441;0.99;0.58;3.78;180;ja
2259;17.7092;CEM III (Hüttensandzement);5;Ultraschall + SDS;Agar-Gel + KCl;3;0.5;0.032;0.0041;0.6088;0.35;0.638;3.918;400;nein (EP 3 737 654)
2260;17.6399;CEM I (Portland);5;Stabmixer;KOH 1 mol/l;3;0.5;0.0327;0.0047;0.6765;0.9;0.58;3.72;850;nein (EP 3 737 654)
2261;17.6366;Geopolymer (Hüttensand + NaOH/Wasserglas);5;Stabmixer;KCl 1 mol/l;3;0.5;0.0318;0.0038;0.7441;0.385;0.58;3.83;180;ja
2262;17.6186;CEM III (Hüttensandzement);5;Handrühren;KOH 1 mol/l;10;0.5;0.032;0.0021;0.6088;0.9;1.0;3.588;400;nein (EP 3 737 654)
2263;17.6055;Geopolymer (Hüttensand + NaOH/Wasserglas);5;Stabmixer;Agar-Gel + KCl;3;0.5;0.0318;0.0026;0.7441;0.385;0.638;3.86;180;ja
2264;17.5835;CEM I (Portland);5;Stabmixer;KCl gesättigt;3;0.42;0.0361;0.0065;0.7557;0.2;0.58;3.72;850;nein (EP 3 737 654)
2265;17.4763;CEM III (Hüttensandzement);5;Ultraschall + SDS;KCl gesättigt;3;0.5;0.032;0.0074;0.6088;0.2;0.58;3.938;400;nein (EP 3 737 654)
2266;17.4675;CEM III (Hüttensandzement);5;Stabmixer + SDS;KCl gesättigt;6;0.5;0.032;0.0057;0.6088;0.2;0.76;3.738;400;nein (EP 3 737 654)
2267;17.4002;CEM I (Portland);5;Ultraschall + SDS;KCl gesättigt;6;0.5;0.0327;0.0072;0.6765;0.2;0.76;3.97;850;nein (EP 3 737 654)
2268;17.1718;Geopolymer (Hüttensand + NaOH/Wasserglas);5;Handrühren;Agar-Gel + KCl;10;0.5;0.0318;0.0013;0.7441;0.385;1.1;3.76;180;ja
2269;17.0881;CEM I (Portland);15;Handrühren;Agar-Gel + KCl;3;0.42;0.1009;0.0106;0.4351;0.35;0.638;10.0;850;nein (EP 3 737 654)
2270;16.9679;CEM I (Portland);5;Handrühren;Agar-Gel + KCl;6;0.42;0.0361;0.0021;0.7557;0.35;0.836;3.6;850;nein (EP 3 737 654)
2271;16.9445;CEM III (Hüttensandzement);5;Handrühren;KCl gesättigt;6;0.42;0.0353;0.0035;0.6801;0.2;0.76;3.588;400;nein (EP 3 737 654)
2272;16.8807;CEM I (Portland);5;Handrühren;KOH 1 mol/l;10;0.5;0.0327;0.0023;0.6765;0.9;1.0;3.62;850;nein (EP 3 737 654)
2273;16.8643;CEM I (Portland);5;Stabmixer;Agar-Gel + KCl;10;0.5;0.0327;0.0022;0.6765;0.35;1.1;3.7;850;nein (EP 3 737 654)
2274;16.8291;CEM III (Hüttensandzement);5;Stabmixer;KCl gesättigt;10;0.5;0.032;0.0038;0.6088;0.2;1.0;3.688;400;nein (EP 3 737 654)
2275;16.7366;Geopolymer (Hüttensand + NaOH/Wasserglas);5;Stabmixer;KCl gesättigt;3;0.5;0.0318;0.0047;0.7441;0.22;0.58;3.88;180;ja
2276;16.6837;CEM I (Portland);5;Handrühren;KCl 1 mol/l;6;0.42;0.0361;0.003;0.7557;0.35;0.76;3.57;850;nein (EP 3 737 654)
2277;16.663;Geopolymer (Hüttensand + NaOH/Wasserglas);5;Handrühren;KCl 1 mol/l;10;0.5;0.0318;0.0018;0.7441;0.385;1.0;3.73;180;ja
2278;16.634;CEM I (Portland);5;Stabmixer + SDS;KCl 1 mol/l;6;0.5;0.0327;0.0049;0.6765;0.35;0.76;3.72;850;nein (EP 3 737 654)
2279;16.6011;CEM I (Portland);5;Stabmixer + SDS;Agar-Gel + KCl;6;0.5;0.0327;0.0034;0.6765;0.35;0.836;3.75;850;nein (EP 3 737 654)
2280;16.586;CEM III (Hüttensandzement);5;Stabmixer + SDS;KCl 1 mol/l;3;0.5;0.032;0.005;0.6088;0.35;0.58;3.688;400;nein (EP 3 737 654)
2281;16.4082;CEM I (Portland);5;Stabmixer;KCl 1 mol/l;10;0.5;0.0327;0.0033;0.6765;0.35;1.0;3.67;850;nein (EP 3 737 654)
2282;16.3609;Geopolymer (Hüttensand + NaOH/Wasserglas);3;Ultraschall + SDS;Eigene Porenlösung (ohne Zusatz);10;0.35;0.0234;0.0011;0.9845;1.1;1.1;2.75;180;ja
2283;16.3476;CEM III (Hüttensandzement);5;Stabmixer + SDS;Agar-Gel + KCl;3;0.5;0.032;0.0034;0.6088;0.35;0.638;3.718;400;nein (EP 3 737 654)
2284;16.3253;CEM III (Hüttensandzement);5;Handrühren;Agar-Gel + KCl;3;0.42;0.0353;0.0021;0.6801;0.35;0.638;3.568;400;nein (EP 3 737 654)
2285;16.3036;CEM I (Portland);5;Ultraschall + SDS;KCl 1 mol/l;3;0.5;0.0327;0.0063;0.6765;0.35;0.58;3.92;850;nein (EP 3 737 654)
2286;16.2427;CEM III (Hüttensandzement);5;Handrühren;KCl 1 mol/l;3;0.42;0.0353;0.003;0.6801;0.35;0.58;3.538;400;nein (EP 3 737 654)
2287;15.8995;CEM III (Hüttensandzement);5;Handrühren;KOH 1 mol/l;6;0.5;0.032;0.0024;0.6088;0.9;0.76;3.588;400;nein (EP 3 737 654)
2288;15.8491;CEM III (Hüttensandzement);5;Stabmixer + SDS;KCl gesättigt;3;0.5;0.032;0.0062;0.6088;0.2;0.58;3.738;400;nein (EP 3 737 654)
2289;15.8481;CEM I (Portland);5;Stabmixer + SDS;KCl gesättigt;6;0.5;0.0327;0.0061;0.6765;0.2;0.76;3.77;850;nein (EP 3 737 654)
2290;15.8276;CEM III (Hüttensandzement);5;Stabmixer;Agar-Gel + KCl;6;0.5;0.032;0.0023;0.6088;0.35;0.836;3.668;400;nein (EP 3 737 654)
2291;15.7955;CEM I (Portland);5;Ultraschall + SDS;Agar-Gel + KCl;3;0.5;0.0327;0.0043;0.6765;0.35;0.638;3.95;850;nein (EP 3 737 654)
2292;15.7571;Geopolymer (Hüttensand + NaOH/Wasserglas);5;Handrühren;KCl gesättigt;10;0.5;0.0318;0.0023;0.7441;0.22;1.0;3.78;180;ja
2293;15.6761;CEM I (Portland);5;Ultraschall + SDS;KCl gesättigt;3;0.5;0.0327;0.0079;0.6765;0.2;0.58;3.97;850;nein (EP 3 737 654)
2294;15.6652;CEM I (Portland);5;Handrühren;KCl gesättigt;6;0.42;0.0361;0.0038;0.7557;0.2;0.76;3.62;850;nein (EP 3 737 654)
2295;15.6438;CEM I (Portland);15;Handrühren;Agar-Gel + KCl;3;0.5;0.092;0.0106;0.3895;0.35;0.638;10.0;850;nein (EP 3 737 654)
2296;15.6343;CEM III (Hüttensandzement);5;Stabmixer;KCl 1 mol/l;6;0.5;0.032;0.0034;0.6088;0.35;0.76;3.638;400;nein (EP 3 737 654)
2297;15.5417;Geopolymer (Hüttensand + NaOH/Wasserglas);3;Ultraschall + SDS;KOH 1 mol/l;10;0.35;0.0234;0.0017;0.9845;0.99;1.0;2.85;180;ja
2298;15.5077;CEM I (Portland);5;Stabmixer;KCl gesättigt;10;0.5;0.0327;0.0041;0.6765;0.2;1.0;3.72;850;nein (EP 3 737 654)
2299;15.284;CEM III (Hüttensandzement);5;Handrühren;KCl gesättigt;3;0.42;0.0353;0.0038;0.6801;0.2;0.58;3.588;400;nein (EP 3 737 654)
2300;15.2769;Geopolymer (Hüttensand + NaOH/Wasserglas);5;Handrühren;Agar-Gel + KCl;6;0.5;0.0318;0.0014;0.7441;0.385;0.836;3.76;180;ja
2301;15.1178;Geopolymer (Hüttensand + NaOH/Wasserglas);3;Ultraschall + SDS;Eigene Porenlösung (ohne Zusatz);6;0.35;0.0234;0.0012;0.9845;1.1;0.836;2.75;180;ja
2302;15.0608;CEM I (Portland);5;Handrühren;KOH 1 mol/l;6;0.5;0.0327;0.0026;0.6765;0.9;0.76;3.62;850;nein (EP 3 737 654)
2303;14.9688;Geopolymer (Hüttensand + NaOH/Wasserglas);5;Handrühren;KCl 1 mol/l;6;0.5;0.0318;0.002;0.7441;0.385;0.76;3.73;180;ja
2304;14.9476;CEM I (Portland);5;Handrühren;Agar-Gel + KCl;3;0.42;0.0361;0.0023;0.7557;0.35;0.638;3.6;850;nein (EP 3 737 654)
2305;14.9022;CEM I (Portland);5;Handrühren;KCl 1 mol/l;3;0.42;0.0361;0.0033;0.7557;0.35;0.58;3.57;850;nein (EP 3 737 654)
2306;14.8986;CEM I (Portland);5;Stabmixer + SDS;KCl 1 mol/l;3;0.5;0.0327;0.0053;0.6765;0.35;0.58;3.72;850;nein (EP 3 737 654)
2307;14.7923;CEM III (Hüttensandzement);5;Stabmixer;KCl gesättigt;6;0.5;0.032;0.0042;0.6088;0.2;0.76;3.688;400;nein (EP 3 737 654)
2308;14.6244;CEM III (Hüttensandzement);5;Handrühren;KOH 1 mol/l;3;0.5;0.032;0.0026;0.6088;0.9;0.58;3.588;400;nein (EP 3 737 654)
2309;14.5914;CEM I (Portland);5;Stabmixer + SDS;Agar-Gel + KCl;3;0.5;0.0327;0.0037;0.6765;0.35;0.638;3.75;850;nein (EP 3 737 654)
2310;14.5461;Geopolymer (Hüttensand + NaOH/Wasserglas);3;Stabmixer + SDS;Eigene Porenlösung (ohne Zusatz);10;0.35;0.0234;0.0009;0.9845;1.1;1.1;2.55;180;ja
2311;14.4446;CEM III (Hüttensandzement);5;Handrühren;Agar-Gel + KCl;10;0.5;0.032;0.0012;0.6088;0.35;1.1;3.568;400;nein (EP 3 737 654)
2312;14.431;Geopolymer (Hüttensand + NaOH/Wasserglas);3;Ultraschall + SDS;KOH 1 mol/l;6;0.35;0.0234;0.0019;0.9845;0.99;0.76;2.85;180;ja
2313;14.3989;CEM I (Portland);5;Stabmixer;Agar-Gel + KCl;6;0.5;0.0327;0.0025;0.6765;0.35;0.836;3.7;850;nein (EP 3 737 654)
2314;14.2338;CEM I (Portland);5;Stabmixer;KCl 1 mol/l;6;0.5;0.0327;0.0036;0.6765;0.35;0.76;3.67;850;nein (EP 3 737 654)
2315;14.19;Geopolymer (Hüttensand + NaOH/Wasserglas);3;Ultraschall + SDS;Eigene Porenlösung (ohne Zusatz);3;0.35;0.0234;0.0013;0.9845;1.1;0.638;2.75;180;ja
2316;14.1737;CEM I (Portland);5;Stabmixer + SDS;KCl gesättigt;3;0.5;0.0327;0.0066;0.6765;0.2;0.58;3.77;850;nein (EP 3 737 654)
2317;14.102;CEM III (Hüttensandzement);5;Stabmixer;KCl 1 mol/l;3;0.5;0.032;0.0037;0.6088;0.35;0.58;3.638;400;nein (EP 3 737 654)
2318;14.0831;CEM III (Hüttensandzement);5;Stabmixer;Agar-Gel + KCl;3;0.5;0.032;0.0025;0.6088;0.35;0.638;3.668;400;nein (EP 3 737 654)
2319;14.0818;Geopolymer (Hüttensand + NaOH/Wasserglas);5;Handrühren;KCl gesättigt;6;0.5;0.0318;0.0026;0.7441;0.22;0.76;3.78;180;ja
2320;13.9203;CEM I (Portland);5;Handrühren;KCl gesättigt;3;0.42;0.0361;0.0041;0.7557;0.2;0.58;3.62;850;nein (EP 3 737 654)
2321;13.9202;CEM III (Hüttensandzement);5;Handrühren;KCl 1 mol/l;10;0.5;0.032;0.0018;0.6088;0.35;1.0;3.538;400;nein (EP 3 737 654)
2322;13.864;Geopolymer (Hüttensand + NaOH/Wasserglas);5;Handrühren;Agar-Gel + KCl;3;0.5;0.0318;0.0015;0.7441;0.385;0.638;3.76;180;ja
2323;13.791;Geopolymer (Hüttensand + NaOH/Wasserglas);3;Stabmixer + SDS;KOH 1 mol/l;10;0.35;0.0234;0.0014;0.9845;0.99;1.0;2.65;180;ja
2324;13.7123;CEM I (Portland);5;Handrühren;KOH 1 mol/l;3;0.5;0.0327;0.0028;0.6765;0.9;0.58;3.62;850;nein (EP 3 737 654)
2325;13.71;Geopolymer (Hüttensand + NaOH/Wasserglas);5;Handrühren;KCl 1 mol/l;3;0.5;0.0318;0.0022;0.7441;0.385;0.58;3.73;180;ja
2326;13.605;Geopolymer (Hüttensand + NaOH/Wasserglas);3;Ultraschall + SDS;KOH 1 mol/l;3;0.35;0.0234;0.002;0.9845;0.99;0.58;2.85;180;ja
2327;13.4752;CEM I (Portland);5;Handrühren;Agar-Gel + KCl;10;0.5;0.0327;0.0013;0.6765;0.35;1.1;3.6;850;nein (EP 3 737 654)
2328;13.4363;Geopolymer (Hüttensand + NaOH/Wasserglas);3;Stabmixer + SDS;Eigene Porenlösung (ohne Zusatz);6;0.35;0.0234;0.0009;0.9845;1.1;0.836;2.55;180;ja
2329;13.3777;CEM I (Portland);5;Stabmixer;KCl gesättigt;6;0.5;0.0327;0.0045;0.6765;0.2;0.76;3.72;850;nein (EP 3 737 654)
2330;13.3296;Geopolymer (Hüttensand + NaOH/Wasserglas);3;Ultraschall + SDS;Agar-Gel + KCl;10;0.35;0.0234;0.001;0.9845;0.385;1.1;2.83;180;ja
2331;13.2972;CEM III (Hüttensandzement);3;Ultraschall + SDS;KOH 1 mol/l;10;0.35;0.0236;0.0017;0.8055;0.9;1.0;2.658;400;nein (EP 3 737 654)
2332;13.2958;CEM III (Hüttensandzement);5;Stabmixer;KCl gesättigt;3;0.5;0.032;0.0046;0.6088;0.2;0.58;3.688;400;nein (EP 3 737 654)
2333;13.2063;CEM I (Portland);3;Ultraschall + SDS;KOH 1 mol/l;10;0.35;0.0242;0.0018;0.895;0.9;1.0;2.69;850;nein (EP 3 737 654)
2334;13.0887;CEM III (Hüttensandzement);5;Handrühren;KCl gesättigt;10;0.5;0.032;0.0023;0.6088;0.2;1.0;3.588;400;nein (EP 3 737 654)
2335;12.9656;Geopolymer (Hüttensand + NaOH/Wasserglas);3;Ultraschall + SDS;KCl 1 mol/l;10;0.35;0.0234;0.0014;0.9845;0.385;1.0;2.8;180;ja
2336;12.9367;CEM I (Portland);5;Handrühren;KCl 1 mol/l;10;0.5;0.0327;0.002;0.6765;0.35;1.0;3.57;850;nein (EP 3 737 654)
2337;12.8402;Geopolymer (Hüttensand + NaOH/Wasserglas);5;Handrühren;KCl gesättigt;3;0.5;0.0318;0.0028;0.7441;0.22;0.58;3.78;180;ja
2338;12.7959;Geopolymer (Hüttensand + NaOH/Wasserglas);3;Stabmixer + SDS;KOH 1 mol/l;6;0.35;0.0234;0.0015;0.9845;0.99;0.76;2.65;180;ja
2339;12.631;CEM I (Portland);5;Stabmixer;KCl 1 mol/l;3;0.5;0.0327;0.0039;0.6765;0.35;0.58;3.67;850;nein (EP 3 737 654)
2340;12.6071;Geopolymer (Hüttensand + NaOH/Wasserglas);3;Stabmixer + SDS;Eigene Porenlösung (ohne Zusatz);3;0.35;0.0234;0.001;0.9845;1.1;0.638;2.55;180;ja
2341;12.5692;CEM I (Portland);5;Stabmixer;Agar-Gel + KCl;3;0.5;0.0327;0.0027;0.6765;0.35;0.638;3.7;850;nein (EP 3 737 654)
2342;12.5067;CEM III (Hüttensandzement);5;Handrühren;Agar-Gel + KCl;6;0.5;0.032;0.0014;0.6088;0.35;0.836;3.568;400;nein (EP 3 737 654)
2343;12.3485;Geopolymer (Hüttensand + NaOH/Wasserglas);3;Ultraschall + SDS;KCl gesättigt;10;0.35;0.0234;0.0018;0.9845;0.22;1.0;2.85;180;ja
2344;12.1869;CEM III (Hüttensandzement);5;Handrühren;KCl 1 mol/l;6;0.5;0.032;0.002;0.6088;0.35;0.76;3.538;400;nein (EP 3 737 654)
2345;12.1585;CEM III (Hüttensandzement);3;Ultraschall + SDS;KOH 1 mol/l;6;0.35;0.0236;0.0018;0.8055;0.9;0.76;2.658;400;nein (EP 3 737 654)
2346;12.0841;Geopolymer (Hüttensand + NaOH/Wasserglas);3;Ultraschall + SDS;Agar-Gel + KCl;6;0.35;0.0234;0.0011;0.9845;0.385;0.836;2.83;180;ja
2347;12.0679;CEM I (Portland);5;Handrühren;KCl gesättigt;10;0.5;0.0327;0.0024;0.6765;0.2;1.0;3.62;850;nein (EP 3 737 654)
2348;12.0546;Geopolymer (Hüttensand + NaOH/Wasserglas);3;Stabmixer + SDS;KOH 1 mol/l;3;0.35;0.0234;0.0016;0.9845;0.99;0.58;2.65;180;ja
2349;11.9913;CEM I (Portland);3;Ultraschall + SDS;KOH 1 mol/l;6;0.35;0.0242;0.002;0.895;0.9;0.76;2.69;850;nein (EP 3 737 654)
2350;11.9033;Geopolymer (Hüttensand + NaOH/Wasserglas);3;Ultraschall + SDS;Eigene Porenlösung (ohne Zusatz);10;0.42;0.0213;0.0008;0.9018;1.1;1.1;2.75;180;ja
2351;11.8706;Geopolymer (Hüttensand + NaOH/Wasserglas);3;Stabmixer;Eigene Porenlösung (ohne Zusatz);10;0.35;0.0234;0.0006;0.9845;1.1;1.1;2.5;180;ja
2352;11.8563;Geopolymer (Hüttensand + NaOH/Wasserglas);3;Stabmixer + SDS;Agar-Gel + KCl;10;0.35;0.0234;0.0008;0.9845;0.385;1.1;2.63;180;ja
2353;11.8477;Geopolymer (Hüttensand + NaOH/Wasserglas);3;Ultraschall + SDS;KCl 1 mol/l;6;0.35;0.0234;0.0016;0.9845;0.385;0.76;2.8;180;ja
2354;11.8154;CEM I (Portland);5;Stabmixer;KCl gesättigt;3;0.5;0.0327;0.0049;0.6765;0.2;0.58;3.72;850;nein (EP 3 737 654)
2355;11.8082;CEM III (Hüttensandzement);3;Stabmixer + SDS;KOH 1 mol/l;10;0.35;0.0236;0.0013;0.8055;0.9;1.0;2.458;400;nein (EP 3 737 654)
2356;11.7514;CEM I (Portland);3;Stabmixer + SDS;KOH 1 mol/l;10;0.35;0.0242;0.0015;0.895;0.9;1.0;2.49;850;nein (EP 3 737 654)
2357;11.5135;Geopolymer (Hüttensand + NaOH/Wasserglas);3;Stabmixer + SDS;KCl 1 mol/l;10;0.35;0.0234;0.0011;0.9845;0.385;1.0;2.6;180;ja
2358;11.4193;CEM I (Portland);5;Handrühren;Agar-Gel + KCl;6;0.5;0.0327;0.0015;0.6765;0.35;0.836;3.6;850;nein (EP 3 737 654)
2359;11.3743;CEM III (Hüttensandzement);5;Handrühren;KCl gesättigt;6;0.5;0.032;0.0025;0.6088;0.2;0.76;3.588;400;nein (EP 3 737 654)
2360;11.3117;CEM III (Hüttensandzement);3;Ultraschall + SDS;KOH 1 mol/l;3;0.35;0.0236;0.002;0.8055;0.9;0.58;2.658;400;nein (EP 3 737 654)
2361;11.2692;CEM III (Hüttensandzement);3;Ultraschall + SDS;Agar-Gel + KCl;10;0.35;0.0236;0.001;0.8055;0.35;1.1;2.638;400;nein (EP 3 737 654)
2362;11.249;Geopolymer (Hüttensand + NaOH/Wasserglas);3;Ultraschall + SDS;KOH 1 mol/l;10;0.42;0.0213;0.0012;0.9018;0.99;1.0;2.85;180;ja
2363;11.2401;Geopolymer (Hüttensand + NaOH/Wasserglas);3;Ultraschall + SDS;KCl gesättigt;6;0.35;0.0234;0.002;0.9845;0.22;0.76;2.85;180;ja
2364;11.2243;Geopolymer (Hüttensand + NaOH/Wasserglas);3;Stabmixer;KOH 1 mol/l;10;0.35;0.0234;0.0009;0.9845;0.99;1.0;2.6;180;ja
2365;11.1541;Geopolymer (Hüttensand + NaOH/Wasserglas);3;Ultraschall + SDS;Agar-Gel + KCl;3;0.35;0.0234;0.0012;0.9845;0.385;0.638;2.83;180;ja
2366;11.1005;CEM I (Portland);5;Handrühren;KCl 1 mol/l;6;0.5;0.0327;0.0022;0.6765;0.35;0.76;3.57;850;nein (EP 3 737 654)
2367;11.0885;CEM I (Portland);3;Ultraschall + SDS;KOH 1 mol/l;3;0.35;0.0242;0.0022;0.895;0.9;0.58;2.69;850;nein (EP 3 737 654)
2368;11.0615;CEM III (Hüttensandzement);5;Handrühren;Agar-Gel + KCl;3;0.5;0.032;0.0015;0.6088;0.35;0.638;3.568;400;nein (EP 3 737 654)
2369;11.0158;CEM I (Portland);3;Ultraschall + SDS;Agar-Gel + KCl;10;0.35;0.0242;0.0011;0.895;0.35;1.1;2.67;850;nein (EP 3 737 654)
2370;11.0152;Geopolymer (Hüttensand + NaOH/Wasserglas);3;Ultraschall + SDS;KCl 1 mol/l;3;0.35;0.0234;0.0017;0.9845;0.385;0.58;2.8;180;ja
2371;10.9567;Geopolymer (Hüttensand + NaOH/Wasserglas);3;Stabmixer;Eigene Porenlösung (ohne Zusatz);6;0.35;0.0234;0.0006;0.9845;1.1;0.836;2.5;180;ja
2372;10.9512;Geopolymer (Hüttensand + NaOH/Wasserglas);3;Ultraschall + SDS;Eigene Porenlösung (ohne Zusatz);6;0.42;0.0213;0.0009;0.9018;1.1;0.836;2.75;180;ja
2373;10.9496;Geopolymer (Hüttensand + NaOH/Wasserglas);3;Stabmixer + SDS;KCl gesättigt;10;0.35;0.0234;0.0014;0.9845;0.22;1.0;2.65;180;ja
2374;10.8989;CEM III (Hüttensandzement);5;Handrühren;KCl 1 mol/l;3;0.5;0.032;0.0022;0.6088;0.35;0.58;3.538;400;nein (EP 3 737 654)
2375;10.8945;CEM III (Hüttensandzement);3;Ultraschall + SDS;KCl 1 mol/l;10;0.35;0.0236;0.0014;0.8055;0.35;1.0;2.608;400;nein (EP 3 737 654)
2376;10.7874;CEM III (Hüttensandzement);3;Stabmixer + SDS;KOH 1 mol/l;6;0.35;0.0236;0.0015;0.8055;0.9;0.76;2.458;400;nein (EP 3 737 654)
2377;10.7448;Geopolymer (Hüttensand + NaOH/Wasserglas);3;Stabmixer + SDS;Agar-Gel + KCl;6;0.35;0.0234;0.0009;0.9845;0.385;0.836;2.63;180;ja
2378;10.6583;CEM I (Portland);3;Stabmixer + SDS;KOH 1 mol/l;6;0.35;0.0242;0.0016;0.895;0.9;0.76;2.49;850;nein (EP 3 737 654)
2379;10.6257;CEM I (Portland);3;Ultraschall + SDS;KCl 1 mol/l;10;0.35;0.0242;0.0015;0.895;0.35;1.0;2.64;850;nein (EP 3 737 654)
2380;10.5132;Geopolymer (Hüttensand + NaOH/Wasserglas);3;Stabmixer + SDS;KCl 1 mol/l;6;0.35;0.0234;0.0013;0.9845;0.385;0.76;2.6;180;ja
2381;10.4982;Geopolymer (Hüttensand + NaOH/Wasserglas);3;Stabmixer + SDS;Eigene Porenlösung (ohne Zusatz);10;0.42;0.0213;0.0006;0.9018;1.1;1.1;2.55;180;ja
2382;10.4163;Geopolymer (Hüttensand + NaOH/Wasserglas);3;Ultraschall + SDS;KCl gesättigt;3;0.35;0.0234;0.0022;0.9845;0.22;0.58;2.85;180;ja
2383;10.4013;Geopolymer (Hüttensand + NaOH/Wasserglas);3;Stabmixer;KOH 1 mol/l;6;0.35;0.0234;0.001;0.9845;0.99;0.76;2.6;180;ja
2384;10.3943;Geopolymer (Hüttensand + NaOH/Wasserglas);3;Ultraschall + SDS;KOH 1 mol/l;6;0.42;0.0213;0.0014;0.9018;0.99;0.76;2.85;180;ja
2385;10.325;CEM III (Hüttensandzement);3;Ultraschall + SDS;KCl gesättigt;10;0.35;0.0236;0.0018;0.8055;0.2;1.0;2.658;400;nein (EP 3 737 654)
2386;10.2732;Geopolymer (Hüttensand + NaOH/Wasserglas);3;Stabmixer;Eigene Porenlösung (ohne Zusatz);3;0.35;0.0234;0.0007;0.9845;1.1;0.638;2.5;180;ja
2387;10.2535;CEM I (Portland);5;Handrühren;KCl gesättigt;6;0.5;0.0327;0.0027;0.6765;0.2;0.76;3.62;850;nein (EP 3 737 654)
2388;10.2397;Geopolymer (Hüttensand + NaOH/Wasserglas);3;Ultraschall + SDS;Eigene Porenlösung (ohne Zusatz);3;0.42;0.0213;0.001;0.9018;1.1;0.638;2.75;180;ja
2389;10.1035;CEM III (Hüttensandzement);5;Handrühren;KCl gesättigt;3;0.5;0.032;0.0027;0.6088;0.2;0.58;3.588;400;nein (EP 3 737 654)
2390;10.0356;CEM III (Hüttensandzement);3;Stabmixer + SDS;Agar-Gel + KCl;10;0.35;0.0236;0.0008;0.8055;0.35;1.1;2.438;400;nein (EP 3 737 654)
2391;10.0268;CEM III (Hüttensandzement);3;Stabmixer + SDS;KOH 1 mol/l;3;0.35;0.0236;0.0016;0.8055;0.9;0.58;2.458;400;nein (EP 3 737 654)
2392;10.0247;CEM I (Portland);3;Ultraschall + SDS;KCl gesättigt;10;0.35;0.0242;0.0019;0.895;0.2;1.0;2.69;850;nein (EP 3 737 654)
2393;9.9928;CEM III (Hüttensandzement);3;Ultraschall + SDS;Agar-Gel + KCl;6;0.35;0.0236;0.0011;0.8055;0.35;0.836;2.638;400;nein (EP 3 737 654)
2394;9.9561;Geopolymer (Hüttensand + NaOH/Wasserglas);3;Stabmixer + SDS;KCl gesättigt;6;0.35;0.0234;0.0016;0.9845;0.22;0.76;2.65;180;ja
2395;9.9141;Geopolymer (Hüttensand + NaOH/Wasserglas);3;Stabmixer + SDS;Agar-Gel + KCl;3;0.35;0.0234;0.0009;0.9845;0.385;0.638;2.63;180;ja
2396;9.9064;Geopolymer (Hüttensand + NaOH/Wasserglas);3;Stabmixer + SDS;KOH 1 mol/l;10;0.42;0.0213;0.001;0.9018;0.99;1.0;2.65;180;ja
2397;9.8868;CEM I (Portland);5;Handrühren;Agar-Gel + KCl;3;0.5;0.0327;0.0016;0.6765;0.35;0.638;3.6;850;nein (EP 3 737 654)
2398;9.8445;CEM I (Portland);3;Stabmixer + SDS;KOH 1 mol/l;3;0.35;0.0242;0.0018;0.895;0.9;0.58;2.49;850;nein (EP 3 737 654)
2399;9.8339;CEM I (Portland);3;Stabmixer + SDS;Agar-Gel + KCl;10;0.35;0.0242;0.0008;0.895;0.35;1.1;2.47;850;nein (EP 3 737 654)
2400;9.7868;Geopolymer (Hüttensand + NaOH/Wasserglas);3;Stabmixer;KOH 1 mol/l;3;0.35;0.0234;0.0011;0.9845;0.99;0.58;2.6;180;ja
2401;9.7673;Geopolymer (Hüttensand + NaOH/Wasserglas);3;Stabmixer + SDS;KCl 1 mol/l;3;0.35;0.0234;0.0014;0.9845;0.385;0.58;2.6;180;ja
2402;9.7573;Geopolymer (Hüttensand + NaOH/Wasserglas);3;Ultraschall + SDS;KOH 1 mol/l;3;0.42;0.0213;0.0015;0.9018;0.99;0.58;2.85;180;ja
2403;9.7486;CEM III (Hüttensandzement);3;Ultraschall + SDS;KCl 1 mol/l;6;0.35;0.0236;0.0016;0.8055;0.35;0.76;2.608;400;nein (EP 3 737 654)
2404;9.737;CEM I (Portland);5;Handrühren;KCl 1 mol/l;3;0.5;0.0327;0.0024;0.6765;0.35;0.58;3.57;850;nein (EP 3 737 654)
2405;9.6829;CEM III (Hüttensandzement);3;Stabmixer + SDS;KCl 1 mol/l;10;0.35;0.0236;0.0011;0.8055;0.35;1.0;2.408;400;nein (EP 3 737 654)
2406;9.6726;Geopolymer (Hüttensand + NaOH/Wasserglas);3;Stabmixer;Agar-Gel + KCl;10;0.35;0.0234;0.0005;0.9845;0.385;1.1;2.58;180;ja
2407;9.6568;Geopolymer (Hüttensand + NaOH/Wasserglas);3;Stabmixer + SDS;Eigene Porenlösung (ohne Zusatz);6;0.42;0.0213;0.0007;0.9018;1.1;0.836;2.55;180;ja
2408;9.6512;CEM I (Portland);3;Ultraschall + SDS;Agar-Gel + KCl;6;0.35;0.0242;0.0012;0.895;0.35;0.836;2.67;850;nein (EP 3 737 654)
2409;9.6136;CEM III (Hüttensandzement);3;Stabmixer;KOH 1 mol/l;10;0.35;0.0236;0.0009;0.8055;0.9;1.0;2.408;400;nein (EP 3 737 654)
2410;9.6003;Geopolymer (Hüttensand + NaOH/Wasserglas);3;Ultraschall + SDS;Agar-Gel + KCl;10;0.42;0.0213;0.0007;0.9018;0.385;1.1;2.83;180;ja
2411;9.5954;CEM III (Hüttensandzement);3;Ultraschall + SDS;KOH 1 mol/l;10;0.42;0.0215;0.0012;0.7378;0.9;1.0;2.658;400;nein (EP 3 737 654)
2412;9.5926;CEM I (Portland);3;Stabmixer;KOH 1 mol/l;10;0.35;0.0242;0.001;0.895;0.9;1.0;2.44;850;nein (EP 3 737 654)
2413;9.4634;CEM I (Portland);3;Stabmixer + SDS;KCl 1 mol/l;10;0.35;0.0242;0.0012;0.895;0.35;1.0;2.44;850;nein (EP 3 737 654)
2414;9.4022;CEM I (Portland);3;Ultraschall + SDS;KCl 1 mol/l;6;0.35;0.0242;0.0017;0.895;0.35;0.76;2.64;850;nein (EP 3 737 654)
2415;9.3719;Geopolymer (Hüttensand + NaOH/Wasserglas);3;Stabmixer;KCl 1 mol/l;10;0.35;0.0234;0.0008;0.9845;0.385;1.0;2.55;180;ja
2416;9.3645;CEM I (Portland);3;Ultraschall + SDS;KOH 1 mol/l;10;0.42;0.022;0.0013;0.8198;0.9;1.0;2.69;850;nein (EP 3 737 654)
2417;9.3013;Geopolymer (Hüttensand + NaOH/Wasserglas);3;Ultraschall + SDS;KCl 1 mol/l;10;0.42;0.0213;0.001;0.9018;0.385;1.0;2.8;180;ja
2418;9.2164;Geopolymer (Hüttensand + NaOH/Wasserglas);3;Stabmixer + SDS;KCl gesättigt;3;0.35;0.0234;0.0017;0.9845;0.22;0.58;2.65;180;ja
2419;9.1887;CEM III (Hüttensandzement);3;Ultraschall + SDS;KCl gesättigt;6;0.35;0.0236;0.0019;0.8055;0.2;0.76;2.658;400;nein (EP 3 737 654)
2420;9.1608;CEM III (Hüttensandzement);3;Stabmixer + SDS;KCl gesättigt;10;0.35;0.0236;0.0014;0.8055;0.2;1.0;2.458;400;nein (EP 3 737 654)
2421;9.149;Geopolymer (Hüttensand + NaOH/Wasserglas);3;Stabmixer + SDS;KOH 1 mol/l;6;0.42;0.0213;0.0011;0.9018;0.99;0.76;2.65;180;ja
2422;9.0397;CEM III (Hüttensandzement);3;Ultraschall + SDS;Agar-Gel + KCl;3;0.35;0.0236;0.0012;0.8055;0.35;0.638;2.638;400;nein (EP 3 737 654)
2423;9.0274;Geopolymer (Hüttensand + NaOH/Wasserglas);3;Stabmixer + SDS;Eigene Porenlösung (ohne Zusatz);3;0.42;0.0213;0.0008;0.9018;1.1;0.638;2.55;180;ja
2424;8.9099;CEM I (Portland);5;Handrühren;KCl gesättigt;3;0.5;0.0327;0.003;0.6765;0.2;0.58;3.62;850;nein (EP 3 737 654)
2425;8.9093;CEM I (Portland);3;Stabmixer + SDS;KCl gesättigt;10;0.35;0.0242;0.0015;0.895;0.2;1.0;2.49;850;nein (EP 3 737 654)
2426;8.8956;CEM III (Hüttensandzement);3;Stabmixer + SDS;Agar-Gel + KCl;6;0.35;0.0236;0.0009;0.8055;0.35;0.836;2.438;400;nein (EP 3 737 654)
2427;8.8952;CEM III (Hüttensandzement);3;Ultraschall + SDS;KCl 1 mol/l;3;0.35;0.0236;0.0017;0.8055;0.35;0.58;2.608;400;nein (EP 3 737 654)
2428;8.8942;Geopolymer (Hüttensand + NaOH/Wasserglas);3;Stabmixer;KCl gesättigt;10;0.35;0.0234;0.001;0.9845;0.22;1.0;2.6;180;ja
2429;8.814;Geopolymer (Hüttensand + NaOH/Wasserglas);3;Ultraschall + SDS;KCl gesättigt;10;0.42;0.0213;0.0013;0.9018;0.22;1.0;2.85;180;ja
2430;8.8126;CEM I (Portland);3;Ultraschall + SDS;KCl gesättigt;6;0.35;0.0242;0.0021;0.895;0.2;0.76;2.69;850;nein (EP 3 737 654)
2431;8.7683;CEM III (Hüttensandzement);3;Stabmixer;KOH 1 mol/l;6;0.35;0.0236;0.001;0.8055;0.9;0.76;2.408;400;nein (EP 3 737 654)
2432;8.7579;Geopolymer (Hüttensand + NaOH/Wasserglas);3;Stabmixer;Agar-Gel + KCl;6;0.35;0.0234;0.0006;0.9845;0.385;0.836;2.58;180;ja
2433;8.7216;CEM III (Hüttensandzement);3;Ultraschall + SDS;KOH 1 mol/l;6;0.42;0.0215;0.0014;0.7378;0.9;0.76;2.658;400;nein (EP 3 737 654)
2434;8.683;CEM I (Portland);3;Stabmixer;KOH 1 mol/l;6;0.35;0.0242;0.0011;0.895;0.9;0.76;2.44;850;nein (EP 3 737 654)
2435;8.6568;CEM III (Hüttensandzement);3;Stabmixer + SDS;KCl 1 mol/l;6;0.35;0.0236;0.0012;0.8055;0.35;0.76;2.408;400;nein (EP 3 737 654)
2436;8.6469;Geopolymer (Hüttensand + NaOH/Wasserglas);3;Ultraschall + SDS;Agar-Gel + KCl;6;0.42;0.0213;0.0008;0.9018;0.385;0.836;2.83;180;ja
2437;8.6329;Geopolymer (Hüttensand + NaOH/Wasserglas);3;Handrühren;Eigene Porenlösung (ohne Zusatz);10;0.35;0.0234;0.0003;0.9845;1.1;1.1;2.4;180;ja
2438;8.6327;CEM I (Portland);3;Ultraschall + SDS;Agar-Gel + KCl;3;0.35;0.0242;0.0013;0.895;0.35;0.638;2.67;850;nein (EP 3 737 654)
2439;8.6115;CEM I (Portland);3;Stabmixer + SDS;Agar-Gel + KCl;6;0.35;0.0242;0.0009;0.895;0.35;0.836;2.47;850;nein (EP 3 737 654)
2440;8.5837;Geopolymer (Hüttensand + NaOH/Wasserglas);3;Stabmixer + SDS;KOH 1 mol/l;3;0.42;0.0213;0.0012;0.9018;0.99;0.58;2.65;180;ja
2441;8.5802;Geopolymer (Hüttensand + NaOH/Wasserglas);3;Ultraschall + SDS;Eigene Porenlösung (ohne Zusatz);10;0.5;0.0193;0.0006;0.8073;1.1;1.1;2.75;180;ja
2442;8.546;Geopolymer (Hüttensand + NaOH/Wasserglas);3;Stabmixer;KCl 1 mol/l;6;0.35;0.0234;0.0009;0.9845;0.385;0.76;2.55;180;ja
2443;8.4917;CEM I (Portland);3;Ultraschall + SDS;KCl 1 mol/l;3;0.35;0.0242;0.0019;0.895;0.35;0.58;2.64;850;nein (EP 3 737 654)
2444;8.4721;Geopolymer (Hüttensand + NaOH/Wasserglas);3;Stabmixer + SDS;Agar-Gel + KCl;10;0.42;0.0213;0.0006;0.9018;0.385;1.1;2.63;180;ja
2445;8.4672;Geopolymer (Hüttensand + NaOH/Wasserglas);3;Stabmixer;Eigene Porenlösung (ohne Zusatz);10;0.42;0.0213;0.0004;0.9018;1.1;1.1;2.5;180;ja
2446;8.4561;CEM III (Hüttensandzement);3;Stabmixer + SDS;KOH 1 mol/l;10;0.42;0.0215;0.001;0.7378;0.9;1.0;2.458;400;nein (EP 3 737 654)
2447;8.4426;Geopolymer (Hüttensand + NaOH/Wasserglas);3;Ultraschall + SDS;KCl 1 mol/l;6;0.42;0.0213;0.0012;0.9018;0.385;0.76;2.8;180;ja
2448;8.4373;CEM I (Portland);3;Ultraschall + SDS;KOH 1 mol/l;6;0.42;0.022;0.0015;0.8198;0.9;0.76;2.69;850;nein (EP 3 737 654)
2449;8.3643;CEM I (Portland);3;Stabmixer + SDS;KCl 1 mol/l;6;0.35;0.0242;0.0014;0.895;0.35;0.76;2.44;850;nein (EP 3 737 654)
2450;8.3441;CEM III (Hüttensandzement);3;Ultraschall + SDS;KCl gesättigt;3;0.35;0.0236;0.0021;0.8055;0.2;0.58;2.658;400;nein (EP 3 737 654)
2451;8.2642;CEM I (Portland);3;Stabmixer + SDS;KOH 1 mol/l;10;0.42;0.022;0.0011;0.8198;0.9;1.0;2.49;850;nein (EP 3 737 654)
2452;8.1976;Geopolymer (Hüttensand + NaOH/Wasserglas);3;Stabmixer + SDS;KCl 1 mol/l;10;0.42;0.0213;0.0008;0.9018;0.385;1.0;2.6;180;ja
2453;8.193;CEM III (Hüttensandzement);3;Stabmixer;Agar-Gel + KCl;10;0.35;0.0236;0.0005;0.8055;0.35;1.1;2.388;400;nein (EP 3 737 654)
2454;8.1416;CEM III (Hüttensandzement);3;Stabmixer + SDS;KCl gesättigt;6;0.35;0.0236;0.0016;0.8055;0.2;0.76;2.458;400;nein (EP 3 737 654)
2455;8.1414;Geopolymer (Hüttensand + NaOH/Wasserglas);3;Handrühren;KOH 1 mol/l;10;0.35;0.0234;0.0005;0.9845;0.99;1.0;2.5;180;ja
2456;8.1372;CEM III (Hüttensandzement);3;Stabmixer;KOH 1 mol/l;3;0.35;0.0236;0.0011;0.8055;0.9;0.58;2.408;400;nein (EP 3 737 654)
2457;8.0913;CEM III (Hüttensandzement);3;Ultraschall + SDS;Agar-Gel + KCl;10;0.42;0.0215;0.0007;0.7378;0.35;1.1;2.638;400;nein (EP 3 737 654)
2458;8.0735;Geopolymer (Hüttensand + NaOH/Wasserglas);3;Stabmixer;Agar-Gel + KCl;3;0.35;0.0234;0.0006;0.9845;0.385;0.638;2.58;180;ja
2459;8.0721;Geopolymer (Hüttensand + NaOH/Wasserglas);3;Stabmixer;KCl gesättigt;6;0.35;0.0234;0.0011;0.9845;0.22;0.76;2.6;180;ja
2460;8.0702;CEM III (Hüttensandzement);3;Ultraschall + SDS;KOH 1 mol/l;3;0.42;0.0215;0.0015;0.7378;0.9;0.58;2.658;400;nein (EP 3 737 654)
2461;8.066;Geopolymer (Hüttensand + NaOH/Wasserglas);3;Ultraschall + SDS;KOH 1 mol/l;10;0.5;0.0193;0.0009;0.8073;0.99;1.0;2.85;180;ja
2462;8.0527;CEM I (Portland);3;Stabmixer;Agar-Gel + KCl;10;0.35;0.0242;0.0006;0.895;0.35;1.1;2.42;850;nein (EP 3 737 654)
2463;8.0436;CEM III (Hüttensandzement);3;Stabmixer + SDS;Agar-Gel + KCl;3;0.35;0.0236;0.0009;0.8055;0.35;0.638;2.438;400;nein (EP 3 737 654)
2464;8.0043;CEM I (Portland);3;Stabmixer;KOH 1 mol/l;3;0.35;0.0242;0.0012;0.895;0.9;0.58;2.44;850;nein (EP 3 737 654)
2465;7.9732;Geopolymer (Hüttensand + NaOH/Wasserglas);3;Stabmixer;KOH 1 mol/l;10;0.42;0.0213;0.0007;0.9018;0.99;1.0;2.6;180;ja
2466;7.963;Geopolymer (Hüttensand + NaOH/Wasserglas);3;Handrühren;Eigene Porenlösung (ohne Zusatz);6;0.35;0.0234;0.0003;0.9845;1.1;0.836;2.4;180;ja
2467;7.9607;Geopolymer (Hüttensand + NaOH/Wasserglas);3;Ultraschall + SDS;KCl gesättigt;6;0.42;0.0213;0.0015;0.9018;0.22;0.76;2.85;180;ja
2468;7.9342;Geopolymer (Hüttensand + NaOH/Wasserglas);3;Ultraschall + SDS;Agar-Gel + KCl;3;0.42;0.0213;0.0009;0.9018;0.385;0.638;2.83;180;ja
2469;7.929;Geopolymer (Hüttensand + NaOH/Wasserglas);3;Stabmixer;KCl 1 mol/l;3;0.35;0.0234;0.0009;0.9845;0.385;0.58;2.55;180;ja
2470;7.9124;CEM I (Portland);3;Ultraschall + SDS;KCl gesättigt;3;0.35;0.0242;0.0023;0.895;0.2;0.58;2.69;850;nein (EP 3 737 654)
2471;7.8916;CEM III (Hüttensandzement);3;Stabmixer + SDS;KCl 1 mol/l;3;0.35;0.0236;0.0014;0.8055;0.35;0.58;2.408;400;nein (EP 3 737 654)
2472;7.8836;CEM III (Hüttensandzement);3;Stabmixer;KCl 1 mol/l;10;0.35;0.0236;0.0008;0.8055;0.35;1.0;2.358;400;nein (EP 3 737 654)
2473;7.8538;Geopolymer (Hüttensand + NaOH/Wasserglas);3;Ultraschall + SDS;Eigene Porenlösung (ohne Zusatz);6;0.5;0.0193;0.0006;0.8073;1.1;0.836;2.75;180;ja
2474;7.8183;CEM I (Portland);3;Stabmixer + SDS;KCl gesättigt;6;0.35;0.0242;0.0017;0.895;0.2;0.76;2.49;850;nein (EP 3 737 654)
2475;7.802;Geopolymer (Hüttensand + NaOH/Wasserglas);3;Ultraschall + SDS;KCl 1 mol/l;3;0.42;0.0213;0.0013;0.9018;0.385;0.58;2.8;180;ja
2476;7.7845;CEM III (Hüttensandzement);3;Ultraschall + SDS;KCl 1 mol/l;10;0.42;0.0215;0.001;0.7378;0.35;1.0;2.608;400;nein (EP 3 737 654)
2477;7.7841;Geopolymer (Hüttensand + NaOH/Wasserglas);3;Stabmixer;Eigene Porenlösung (ohne Zusatz);6;0.42;0.0213;0.0005;0.9018;1.1;0.836;2.5;180;ja
2478;7.7595;Geopolymer (Hüttensand + NaOH/Wasserglas);3;Stabmixer + SDS;KCl gesättigt;10;0.42;0.0213;0.001;0.9018;0.22;1.0;2.65;180;ja
2479;7.7555;CEM I (Portland);3;Ultraschall + SDS;Agar-Gel + KCl;10;0.42;0.022;0.0008;0.8198;0.35;1.1;2.67;850;nein (EP 3 737 654)
2480;7.7465;CEM I (Portland);3;Ultraschall + SDS;KOH 1 mol/l;3;0.42;0.022;0.0016;0.8198;0.9;0.58;2.69;850;nein (EP 3 737 654)
2481;7.724;CEM I (Portland);3;Stabmixer;KCl 1 mol/l;10;0.35;0.0242;0.0008;0.895;0.35;1.0;2.39;850;nein (EP 3 737 654)
2482;7.6981;CEM I (Portland);3;Stabmixer + SDS;Agar-Gel + KCl;3;0.35;0.0242;0.001;0.895;0.35;0.638;2.47;850;nein (EP 3 737 654)
2483;7.6813;CEM III (Hüttensandzement);3;Stabmixer + SDS;KOH 1 mol/l;6;0.42;0.0215;0.0011;0.7378;0.9;0.76;2.458;400;nein (EP 3 737 654)
2484;7.6296;Geopolymer (Hüttensand + NaOH/Wasserglas);3;Stabmixer + SDS;Agar-Gel + KCl;6;0.42;0.0213;0.0006;0.9018;0.385;0.836;2.63;180;ja
2485;7.545;CEM I (Portland);3;Stabmixer + SDS;KCl 1 mol/l;3;0.35;0.0242;0.0015;0.895;0.35;0.58;2.44;850;nein (EP 3 737 654)
2486;7.5354;Geopolymer (Hüttensand + NaOH/Wasserglas);3;Handrühren;KOH 1 mol/l;6;0.35;0.0234;0.0005;0.9845;0.99;0.76;2.5;180;ja
2487;7.5222;Geopolymer (Hüttensand + NaOH/Wasserglas);3;Stabmixer + SDS;Eigene Porenlösung (ohne Zusatz);10;0.5;0.0193;0.0005;0.8073;1.1;1.1;2.55;180;ja
2488;7.4613;Geopolymer (Hüttensand + NaOH/Wasserglas);3;Handrühren;Eigene Porenlösung (ohne Zusatz);3;0.35;0.0234;0.0004;0.9845;1.1;0.638;2.4;180;ja
2489;7.4586;Geopolymer (Hüttensand + NaOH/Wasserglas);3;Stabmixer;KCl gesättigt;3;0.35;0.0234;0.0012;0.9845;0.22;0.58;2.6;180;ja
2490;7.4401;CEM I (Portland);3;Stabmixer + SDS;KOH 1 mol/l;6;0.42;0.022;0.0012;0.8198;0.9;0.76;2.49;850;nein (EP 3 737 654)
2491;7.4394;CEM III (Hüttensandzement);3;Stabmixer;KCl gesättigt;10;0.35;0.0236;0.001;0.8055;0.2;1.0;2.408;400;nein (EP 3 737 654)
2492;7.4374;Geopolymer (Hüttensand + NaOH/Wasserglas);3;Stabmixer + SDS;KCl 1 mol/l;6;0.42;0.0213;0.0009;0.9018;0.385;0.76;2.6;180;ja
2493;7.4348;CEM I (Portland);3;Ultraschall + SDS;KCl 1 mol/l;10;0.42;0.022;0.0011;0.8198;0.35;1.0;2.64;850;nein (EP 3 737 654)
2494;7.4117;Geopolymer (Hüttensand + NaOH/Wasserglas);3;Ultraschall + SDS;KOH 1 mol/l;6;0.5;0.0193;0.001;0.8073;0.99;0.76;2.85;180;ja
2495;7.3826;CEM III (Hüttensandzement);3;Stabmixer + SDS;KCl gesättigt;3;0.35;0.0236;0.0017;0.8055;0.2;0.58;2.458;400;nein (EP 3 737 654)
2496;7.3563;Geopolymer (Hüttensand + NaOH/Wasserglas);3;Stabmixer;KOH 1 mol/l;6;0.42;0.0213;0.0007;0.9018;0.99;0.76;2.6;180;ja
2497;7.3343;CEM III (Hüttensandzement);3;Ultraschall + SDS;KCl gesättigt;10;0.42;0.0215;0.0013;0.7378;0.2;1.0;2.658;400;nein (EP 3 737 654)
2498;7.3249;Geopolymer (Hüttensand + NaOH/Wasserglas);3;Ultraschall + SDS;KCl gesättigt;3;0.42;0.0213;0.0016;0.9018;0.22;0.58;2.85;180;ja
2499;7.3104;Geopolymer (Hüttensand + NaOH/Wasserglas);3;Ultraschall + SDS;Eigene Porenlösung (ohne Zusatz);3;0.5;0.0193;0.0007;0.8073;1.1;0.638;2.75;180;ja
2500;7.2727;Geopolymer (Hüttensand + NaOH/Wasserglas);3;Stabmixer;Eigene Porenlösung (ohne Zusatz);3;0.42;0.0213;0.0005;0.9018;1.1;0.638;2.5;180;ja
2501;7.2536;CEM III (Hüttensandzement);3;Stabmixer;Agar-Gel + KCl;6;0.35;0.0236;0.0006;0.8055;0.35;0.836;2.388;400;nein (EP 3 737 654)
2502;7.2489;CEM I (Portland);3;Stabmixer;KCl gesättigt;10;0.35;0.0242;0.0011;0.895;0.2;1.0;2.44;850;nein (EP 3 737 654)
2503;7.1482;CEM III (Hüttensandzement);3;Stabmixer + SDS;Agar-Gel + KCl;10;0.42;0.0215;0.0006;0.7378;0.35;1.1;2.438;400;nein (EP 3 737 654)
2504;7.1168;CEM III (Hüttensandzement);3;Ultraschall + SDS;Agar-Gel + KCl;6;0.42;0.0215;0.0008;0.7378;0.35;0.836;2.638;400;nein (EP 3 737 654)
2505;7.103;CEM III (Hüttensandzement);3;Stabmixer + SDS;KOH 1 mol/l;3;0.42;0.0215;0.0012;0.7378;0.9;0.58;2.458;400;nein (EP 3 737 654)
2506;7.082;Geopolymer (Hüttensand + NaOH/Wasserglas);3;Handrühren;KOH 1 mol/l;3;0.35;0.0234;0.0006;0.9845;0.99;0.58;2.5;180;ja
2507;7.0635;Geopolymer (Hüttensand + NaOH/Wasserglas);3;Stabmixer + SDS;KOH 1 mol/l;10;0.5;0.0193;0.0007;0.8073;0.99;1.0;2.65;180;ja
2508;7.0409;CEM I (Portland);3;Stabmixer;Agar-Gel + KCl;6;0.35;0.0242;0.0006;0.895;0.35;0.836;2.42;850;nein (EP 3 737 654)
2509;7.0354;CEM III (Hüttensandzement);3;Stabmixer;KCl 1 mol/l;6;0.35;0.0236;0.0009;0.8055;0.35;0.76;2.358;400;nein (EP 3 737 654)
2510;7.0339;Geopolymer (Hüttensand + NaOH/Wasserglas);3;Handrühren;Agar-Gel + KCl;10;0.35;0.0234;0.0003;0.9845;0.385;1.1;2.48;180;ja
2511;7.0064;CEM I (Portland);3;Stabmixer + SDS;KCl gesättigt;3;0.35;0.0242;0.0019;0.895;0.2;0.58;2.49;850;nein (EP 3 737 654)
2512;7.003;Geopolymer (Hüttensand + NaOH/Wasserglas);3;Stabmixer + SDS;KCl gesättigt;6;0.42;0.0213;0.0012;0.9018;0.22;0.76;2.65;180;ja
2513;6.9995;Geopolymer (Hüttensand + NaOH/Wasserglas);3;Stabmixer + SDS;Agar-Gel + KCl;3;0.42;0.0213;0.0007;0.9018;0.385;0.638;2.63;180;ja
2514;6.9882;CEM I (Portland);3;Handrühren;KOH 1 mol/l;10;0.35;0.0242;0.0005;0.895;0.9;1.0;2.34;850;nein (EP 3 737 654)
2515;6.9786;CEM III (Hüttensandzement);3;Handrühren;KOH 1 mol/l;10;0.35;0.0236;0.0005;0.8055;0.9;1.0;2.308;400;nein (EP 3 737 654)
2516;6.9604;CEM I (Portland);3;Ultraschall + SDS;KCl gesättigt;10;0.42;0.022;0.0014;0.8198;0.2;1.0;2.69;850;nein (EP 3 737 654)
2517;6.9232;Geopolymer (Hüttensand + NaOH/Wasserglas);3;Ultraschall + SDS;KOH 1 mol/l;3;0.5;0.0193;0.0011;0.8073;0.99;0.58;2.85;180;ja
2518;6.9066;CEM III (Hüttensandzement);3;Ultraschall + SDS;KCl 1 mol/l;6;0.42;0.0215;0.0011;0.7378;0.35;0.76;2.608;400;nein (EP 3 737 654)
2519;6.8951;Geopolymer (Hüttensand + NaOH/Wasserglas);3;Stabmixer;KOH 1 mol/l;3;0.42;0.0213;0.0008;0.9018;0.99;0.58;2.6;180;ja
2520;6.885;Geopolymer (Hüttensand + NaOH/Wasserglas);3;Stabmixer + SDS;Eigene Porenlösung (ohne Zusatz);6;0.5;0.0193;0.0005;0.8073;1.1;0.836;2.55;180;ja
2521;6.8695;Geopolymer (Hüttensand + NaOH/Wasserglas);3;Stabmixer + SDS;KCl 1 mol/l;3;0.42;0.0213;0.001;0.9018;0.385;0.58;2.6;180;ja
2522;6.8667;CEM III (Hüttensandzement);3;Stabmixer + SDS;KCl 1 mol/l;10;0.42;0.0215;0.0008;0.7378;0.35;1.0;2.408;400;nein (EP 3 737 654)
2523;6.8639;CEM I (Portland);3;Stabmixer + SDS;Agar-Gel + KCl;10;0.42;0.022;0.0006;0.8198;0.35;1.1;2.47;850;nein (EP 3 737 654)
2524;6.8609;CEM III (Hüttensandzement);3;Ultraschall + SDS;KOH 1 mol/l;10;0.5;0.0195;0.0009;0.6605;0.9;1.0;2.658;400;nein (EP 3 737 654)
2525;6.8334;Geopolymer (Hüttensand + NaOH/Wasserglas);3;Ultraschall + SDS;Agar-Gel + KCl;10;0.5;0.0193;0.0005;0.8073;0.385;1.1;2.83;180;ja
2526;6.8317;Geopolymer (Hüttensand + NaOH/Wasserglas);3;Stabmixer;Agar-Gel + KCl;10;0.42;0.0213;0.0004;0.9018;0.385;1.1;2.58;180;ja
2527;6.8253;CEM I (Portland);3;Stabmixer + SDS;KOH 1 mol/l;3;0.42;0.022;0.0013;0.8198;0.9;0.58;2.49;850;nein (EP 3 737 654)
2528;6.811;CEM I (Portland);3;Stabmixer;KCl 1 mol/l;6;0.35;0.0242;0.0009;0.895;0.35;0.76;2.39;850;nein (EP 3 737 654)
2529;6.8069;CEM III (Hüttensandzement);3;Stabmixer;KOH 1 mol/l;10;0.42;0.0215;0.0007;0.7378;0.9;1.0;2.408;400;nein (EP 3 737 654)
2530;6.8001;Geopolymer (Hüttensand + NaOH/Wasserglas);3;Handrühren;KCl 1 mol/l;10;0.35;0.0234;0.0004;0.9845;0.385;1.0;2.45;180;ja
2531;6.7202;CEM I (Portland);3;Ultraschall + SDS;Agar-Gel + KCl;6;0.42;0.022;0.0009;0.8198;0.35;0.836;2.67;850;nein (EP 3 737 654)
2532;6.663;CEM I (Portland);3;Stabmixer;KOH 1 mol/l;10;0.42;0.022;0.0007;0.8198;0.9;1.0;2.44;850;nein (EP 3 737 654)
2533;6.5986;Geopolymer (Hüttensand + NaOH/Wasserglas);3;Stabmixer;KCl 1 mol/l;10;0.42;0.0213;0.0006;0.9018;0.385;1.0;2.55;180;ja
2534;6.5951;CEM III (Hüttensandzement);3;Stabmixer;KCl gesättigt;6;0.35;0.0236;0.0011;0.8055;0.2;0.76;2.408;400;nein (EP 3 737 654)
2535;6.594;Geopolymer (Hüttensand + NaOH/Wasserglas);3;Ultraschall + SDS;KCl 1 mol/l;10;0.5;0.0193;0.0008;0.8073;0.385;1.0;2.8;180;ja
2536;6.5679;CEM I (Portland);3;Stabmixer + SDS;KCl 1 mol/l;10;0.42;0.022;0.0009;0.8198;0.35;1.0;2.44;850;nein (EP 3 737 654)
2537;6.5591;CEM I (Portland);3;Ultraschall + SDS;KOH 1 mol/l;10;0.5;0.0199;0.001;0.7339;0.9;1.0;2.69;850;nein (EP 3 737 654)
2538;6.5508;CEM III (Hüttensandzement);3;Stabmixer;Agar-Gel + KCl;3;0.35;0.0236;0.0006;0.8055;0.35;0.638;2.388;400;nein (EP 3 737 654)
2539;6.5029;CEM I (Portland);3;Ultraschall + SDS;KCl 1 mol/l;6;0.42;0.022;0.0012;0.8198;0.35;0.76;2.64;850;nein (EP 3 737 654)
2540;6.4884;Geopolymer (Hüttensand + NaOH/Wasserglas);3;Stabmixer + SDS;KOH 1 mol/l;6;0.5;0.0193;0.0008;0.8073;0.99;0.76;2.65;180;ja
2541;6.4618;CEM III (Hüttensandzement);3;Ultraschall + SDS;KCl gesättigt;6;0.42;0.0215;0.0014;0.7378;0.2;0.76;2.658;400;nein (EP 3 737 654)
2542;6.4611;CEM III (Hüttensandzement);3;Stabmixer + SDS;KCl gesättigt;10;0.42;0.0215;0.001;0.7378;0.2;1.0;2.458;400;nein (EP 3 737 654)
2543;6.4402;Geopolymer (Hüttensand + NaOH/Wasserglas);3;Handrühren;KCl gesättigt;10;0.35;0.0234;0.0005;0.9845;0.22;1.0;2.5;180;ja
2544;6.4386;Geopolymer (Hüttensand + NaOH/Wasserglas);3;Stabmixer + SDS;KCl gesättigt;3;0.42;0.0213;0.0013;0.9018;0.22;0.58;2.65;180;ja
2545;6.4081;Geopolymer (Hüttensand + NaOH/Wasserglas);3;Stabmixer + SDS;Eigene Porenlösung (ohne Zusatz);3;0.5;0.0193;0.0005;0.8073;1.1;0.638;2.55;180;ja
2546;6.4017;CEM III (Hüttensandzement);3;Stabmixer;KCl 1 mol/l;3;0.35;0.0236;0.0009;0.8055;0.35;0.58;2.358;400;nein (EP 3 737 654)
2547;6.3882;CEM III (Hüttensandzement);3;Ultraschall + SDS;Agar-Gel + KCl;3;0.42;0.0215;0.0009;0.7378;0.35;0.638;2.638;400;nein (EP 3 737 654)
2548;6.3636;Geopolymer (Hüttensand + NaOH/Wasserglas);3;Handrühren;Agar-Gel + KCl;6;0.35;0.0234;0.0003;0.9845;0.385;0.836;2.48;180;ja
2549;6.3553;CEM III (Hüttensandzement);3;Handrühren;KOH 1 mol/l;6;0.35;0.0236;0.0005;0.8055;0.9;0.76;2.308;400;nein (EP 3 737 654)
2550;6.3406;CEM I (Portland);3;Stabmixer;KCl gesättigt;6;0.35;0.0242;0.0012;0.895;0.2;0.76;2.44;850;nein (EP 3 737 654)
2551;6.3136;CEM I (Portland);3;Handrühren;KOH 1 mol/l;6;0.35;0.0242;0.0006;0.895;0.9;0.76;2.34;850;nein (EP 3 737 654)
2552;6.2867;CEM III (Hüttensandzement);3;Stabmixer + SDS;Agar-Gel + KCl;6;0.42;0.0215;0.0006;0.7378;0.35;0.836;2.438;400;nein (EP 3 737 654)
2553;6.2841;CEM I (Portland);3;Stabmixer;Agar-Gel + KCl;3;0.35;0.0242;0.0007;0.895;0.35;0.638;2.42;850;nein (EP 3 737 654)
2554;6.2516;CEM III (Hüttensandzement);3;Ultraschall + SDS;KCl 1 mol/l;3;0.42;0.0215;0.0012;0.7378;0.35;0.58;2.608;400;nein (EP 3 737 654)
2555;6.2356;Geopolymer (Hüttensand + NaOH/Wasserglas);3;Stabmixer;KCl gesättigt;10;0.42;0.0213;0.0007;0.9018;0.22;1.0;2.6;180;ja
2556;6.214;Geopolymer (Hüttensand + NaOH/Wasserglas);3;Ultraschall + SDS;KCl gesättigt;10;0.5;0.0193;0.001;0.8073;0.22;1.0;2.85;180;ja
2557;6.1938;CEM III (Hüttensandzement);3;Ultraschall + SDS;KOH 1 mol/l;6;0.5;0.0195;0.001;0.6605;0.9;0.76;2.658;400;nein (EP 3 737 654)
2558;6.1929;Geopolymer (Hüttensand + NaOH/Wasserglas);3;Handrühren;KCl 1 mol/l;6;0.35;0.0234;0.0005;0.9845;0.385;0.76;2.45;180;ja
2559;6.1754;CEM III (Hüttensandzement);3;Stabmixer;KOH 1 mol/l;6;0.42;0.0215;0.0007;0.7378;0.9;0.76;2.408;400;nein (EP 3 737 654)
2560;6.148;Geopolymer (Hüttensand + NaOH/Wasserglas);3;Stabmixer;Agar-Gel + KCl;6;0.42;0.0213;0.0004;0.9018;0.385;0.836;2.58;180;ja
2561;6.1388;CEM I (Portland);3;Stabmixer + SDS;KCl gesättigt;10;0.42;0.022;0.0011;0.8198;0.2;1.0;2.49;850;nein (EP 3 737 654)
2562;6.1292;CEM I (Portland);3;Stabmixer;KCl 1 mol/l;3;0.35;0.0242;0.001;0.895;0.35;0.58;2.39;850;nein (EP 3 737 654)
2563;6.1062;Geopolymer (Hüttensand + NaOH/Wasserglas);3;Ultraschall + SDS;Agar-Gel + KCl;6;0.5;0.0193;0.0006;0.8073;0.385;0.836;2.83;180;ja
2564;6.0891;CEM III (Hüttensandzement);3;Stabmixer + SDS;KCl 1 mol/l;6;0.42;0.0215;0.0009;0.7378;0.35;0.76;2.408;400;nein (EP 3 737 654)
2565;6.0707;Geopolymer (Hüttensand + NaOH/Wasserglas);3;Handrühren;Eigene Porenlösung (ohne Zusatz);10;0.42;0.0213;0.0002;0.9018;1.1;1.1;2.4;180;ja
2566;6.0586;Geopolymer (Hüttensand + NaOH/Wasserglas);3;Stabmixer + SDS;KOH 1 mol/l;3;0.5;0.0193;0.0009;0.8073;0.99;0.58;2.65;180;ja
2567;6.0347;CEM I (Portland);3;Ultraschall + SDS;KCl gesättigt;6;0.42;0.022;0.0015;0.8198;0.2;0.76;2.69;850;nein (EP 3 737 654)
2568;6.0143;Geopolymer (Hüttensand + NaOH/Wasserglas);3;Stabmixer;Eigene Porenlösung (ohne Zusatz);10;0.5;0.0193;0.0003;0.8073;1.1;1.1;2.5;180;ja
2569;6.0123;CEM III (Hüttensandzement);3;Stabmixer + SDS;KOH 1 mol/l;10;0.5;0.0195;0.0007;0.6605;0.9;1.0;2.458;400;nein (EP 3 737 654)
2570;5.9952;Geopolymer (Hüttensand + NaOH/Wasserglas);3;Stabmixer + SDS;Agar-Gel + KCl;10;0.5;0.0193;0.0004;0.8073;0.385;1.1;2.63;180;ja
2571;5.9891;CEM I (Portland);3;Stabmixer;KOH 1 mol/l;6;0.42;0.022;0.0008;0.8198;0.9;0.76;2.44;850;nein (EP 3 737 654)
2572;5.9802;Geopolymer (Hüttensand + NaOH/Wasserglas);3;Stabmixer;KCl 1 mol/l;6;0.42;0.0213;0.0006;0.9018;0.385;0.76;2.55;180;ja
2573;5.9651;CEM III (Hüttensandzement);3;Handrühren;Agar-Gel + KCl;10;0.35;0.0236;0.0003;0.8055;0.35;1.1;2.288;400;nein (EP 3 737 654)
2574;5.9649;CEM III (Hüttensandzement);3;Stabmixer;KCl gesättigt;3;0.35;0.0236;0.0012;0.8055;0.2;0.58;2.408;400;nein (EP 3 737 654)
2575;5.9467;CEM I (Portland);3;Stabmixer + SDS;Agar-Gel + KCl;6;0.42;0.022;0.0007;0.8198;0.35;0.836;2.47;850;nein (EP 3 737 654)
2576;5.9464;CEM I (Portland);3;Ultraschall + SDS;Agar-Gel + KCl;3;0.42;0.022;0.0009;0.8198;0.35;0.638;2.67;850;nein (EP 3 737 654)
2577;5.9374;Geopolymer (Hüttensand + NaOH/Wasserglas);3;Ultraschall + SDS;KCl 1 mol/l;6;0.5;0.0193;0.0009;0.8073;0.385;0.76;2.8;180;ja
2578;5.8889;CEM III (Hüttensandzement);3;Handrühren;KOH 1 mol/l;3;0.35;0.0236;0.0006;0.8055;0.9;0.58;2.308;400;nein (EP 3 737 654)
2579;5.8867;CEM I (Portland);3;Handrühren;Agar-Gel + KCl;10;0.35;0.0242;0.0003;0.895;0.35;1.1;2.32;850;nein (EP 3 737 654)
2580;5.8615;Geopolymer (Hüttensand + NaOH/Wasserglas);3;Handrühren;Agar-Gel + KCl;3;0.35;0.0234;0.0003;0.9845;0.385;0.638;2.48;180;ja
2581;5.8562;CEM I (Portland);3;Ultraschall + SDS;KOH 1 mol/l;6;0.5;0.0199;0.0011;0.7339;0.9;0.76;2.69;850;nein (EP 3 737 654)
2582;5.8346;Geopolymer (Hüttensand + NaOH/Wasserglas);3;Handrühren;KCl gesättigt;6;0.35;0.0234;0.0006;0.9845;0.22;0.76;2.5;180;ja
2583;5.8116;CEM III (Hüttensandzement);3;Ultraschall + SDS;KCl gesättigt;3;0.42;0.0215;0.0016;0.7378;0.2;0.58;2.658;400;nein (EP 3 737 654)
2584;5.809;CEM I (Portland);3;Handrühren;KOH 1 mol/l;3;0.35;0.0242;0.0007;0.895;0.9;0.58;2.34;850;nein (EP 3 737 654)
2585;5.8079;CEM I (Portland);3;Ultraschall + SDS;KCl 1 mol/l;3;0.42;0.022;0.0014;0.8198;0.35;0.58;2.64;850;nein (EP 3 737 654)
2586;5.7794;Geopolymer (Hüttensand + NaOH/Wasserglas);3;Stabmixer + SDS;KCl 1 mol/l;10;0.5;0.0193;0.0006;0.8073;0.385;1.0;2.6;180;ja
2587;5.7668;CEM III (Hüttensandzement);3;Stabmixer;Agar-Gel + KCl;10;0.42;0.0215;0.0004;0.7378;0.35;1.1;2.388;400;nein (EP 3 737 654)
2588;5.7537;CEM I (Portland);3;Stabmixer + SDS;KOH 1 mol/l;10;0.5;0.0199;0.0008;0.7339;0.9;1.0;2.49;850;nein (EP 3 737 654)
2589;5.7415;CEM III (Hüttensandzement);3;Ultraschall + SDS;Agar-Gel + KCl;10;0.5;0.0195;0.0005;0.6605;0.35;1.1;2.638;400;nein (EP 3 737 654)
2590;5.7406;CEM I (Portland);3;Stabmixer + SDS;KCl 1 mol/l;6;0.42;0.022;0.001;0.8198;0.35;0.76;2.44;850;nein (EP 3 737 654)
2591;5.7385;Geopolymer (Hüttensand + NaOH/Wasserglas);3;Handrühren;KCl 1 mol/l;3;0.35;0.0234;0.0005;0.9845;0.385;0.58;2.45;180;ja
2592;5.7245;CEM III (Hüttensandzement);3;Handrühren;KCl 1 mol/l;10;0.35;0.0236;0.0004;0.8055;0.35;1.0;2.258;400;nein (EP 3 737 654)
2593;5.7051;Geopolymer (Hüttensand + NaOH/Wasserglas);3;Handrühren;KOH 1 mol/l;10;0.42;0.0213;0.0003;0.9018;0.99;1.0;2.5;180;ja
2594;5.7033;CEM III (Hüttensandzement);3;Stabmixer;KOH 1 mol/l;3;0.42;0.0215;0.0008;0.7378;0.9;0.58;2.408;400;nein (EP 3 737 654)
2595;5.6957;CEM III (Hüttensandzement);3;Ultraschall + SDS;KOH 1 mol/l;3;0.5;0.0195;0.0011;0.6605;0.9;0.58;2.658;400;nein (EP 3 737 654)
2596;5.6872;CEM III (Hüttensandzement);3;Stabmixer + SDS;KCl gesättigt;6;0.42;0.0215;0.0011;0.7378;0.2;0.76;2.458;400;nein (EP 3 737 654)
2597;5.6629;CEM I (Portland);3;Stabmixer;KCl gesättigt;3;0.35;0.0242;0.0013;0.895;0.2;0.58;2.44;850;nein (EP 3 737 654)
2598;5.6421;CEM III (Hüttensandzement);3;Stabmixer + SDS;Agar-Gel + KCl;3;0.42;0.0215;0.0007;0.7378;0.35;0.638;2.438;400;nein (EP 3 737 654)
2599;5.6384;Geopolymer (Hüttensand + NaOH/Wasserglas);3;Stabmixer;KOH 1 mol/l;10;0.5;0.0193;0.0005;0.8073;0.99;1.0;2.6;180;ja
2600;5.6362;Geopolymer (Hüttensand + NaOH/Wasserglas);3;Stabmixer;Agar-Gel + KCl;3;0.42;0.0213;0.0005;0.9018;0.385;0.638;2.58;180;ja
2601;5.6279;CEM I (Portland);3;Handrühren;KCl 1 mol/l;10;0.35;0.0242;0.0005;0.895;0.35;1.0;2.29;850;nein (EP 3 737 654)
2602;5.6191;Geopolymer (Hüttensand + NaOH/Wasserglas);3;Stabmixer;KCl gesättigt;6;0.42;0.0213;0.0008;0.9018;0.22;0.76;2.6;180;ja
2603;5.5783;Geopolymer (Hüttensand + NaOH/Wasserglas);3;Handrühren;Eigene Porenlösung (ohne Zusatz);6;0.42;0.0213;0.0002;0.9018;1.1;0.836;2.4;180;ja
2604;5.5622;Geopolymer (Hüttensand + NaOH/Wasserglas);3;Ultraschall + SDS;Agar-Gel + KCl;3;0.5;0.0193;0.0006;0.8073;0.385;0.638;2.83;180;ja
2605;5.5604;Geopolymer (Hüttensand + NaOH/Wasserglas);3;Ultraschall + SDS;KCl gesättigt;6;0.5;0.0193;0.0011;0.8073;0.22;0.76;2.85;180;ja
2606;5.5479;CEM I (Portland);3;Stabmixer;Agar-Gel + KCl;10;0.42;0.022;0.0004;0.8198;0.35;1.1;2.42;850;nein (EP 3 737 654)
2607;5.5278;CEM III (Hüttensandzement);3;Stabmixer;KCl 1 mol/l;10;0.42;0.0215;0.0005;0.7378;0.35;1.0;2.358;400;nein (EP 3 737 654)
2608;5.5176;Geopolymer (Hüttensand + NaOH/Wasserglas);3;Stabmixer;KCl 1 mol/l;3;0.42;0.0213;0.0007;0.9018;0.385;0.58;2.55;180;ja
2609;5.5083;CEM III (Hüttensandzement);3;Stabmixer + SDS;KCl 1 mol/l;3;0.42;0.0215;0.001;0.7378;0.35;0.58;2.408;400;nein (EP 3 737 654)
2610;5.5025;Geopolymer (Hüttensand + NaOH/Wasserglas);3;Stabmixer;Eigene Porenlösung (ohne Zusatz);6;0.5;0.0193;0.0003;0.8073;1.1;0.836;2.5;180;ja
2611;5.4967;CEM III (Hüttensandzement);3;Ultraschall + SDS;KCl 1 mol/l;10;0.5;0.0195;0.0008;0.6605;0.35;1.0;2.608;400;nein (EP 3 737 654)
2612;5.4855;CEM I (Portland);3;Stabmixer;KOH 1 mol/l;3;0.42;0.022;0.0009;0.8198;0.9;0.58;2.44;850;nein (EP 3 737 654)
2613;5.4468;Geopolymer (Hüttensand + NaOH/Wasserglas);3;Ultraschall + SDS;KCl 1 mol/l;3;0.5;0.0193;0.0009;0.8073;0.385;0.58;2.8;180;ja
2614;5.4419;Geopolymer (Hüttensand + NaOH/Wasserglas);3;Stabmixer + SDS;KCl gesättigt;10;0.5;0.0193;0.0008;0.8073;0.22;1.0;2.65;180;ja
2615;5.4258;CEM III (Hüttensandzement);3;Stabmixer + SDS;KOH 1 mol/l;6;0.5;0.0195;0.0008;0.6605;0.9;0.76;2.458;400;nein (EP 3 737 654)
2616;5.3884;CEM III (Hüttensandzement);3;Handrühren;KCl gesättigt;10;0.35;0.0236;0.0005;0.8055;0.2;1.0;2.308;400;nein (EP 3 737 654)
2617;5.3815;Geopolymer (Hüttensand + NaOH/Wasserglas);3;Handrühren;KCl gesättigt;3;0.35;0.0234;0.0006;0.9845;0.22;0.58;2.5;180;ja
2618;5.3734;CEM I (Portland);3;Ultraschall + SDS;Agar-Gel + KCl;10;0.5;0.0199;0.0006;0.7339;0.35;1.1;2.67;850;nein (EP 3 737 654)
2619;5.3575;Geopolymer (Hüttensand + NaOH/Wasserglas);3;Stabmixer + SDS;Agar-Gel + KCl;6;0.5;0.0193;0.0005;0.8073;0.385;0.836;2.63;180;ja
2620;5.3453;CEM I (Portland);3;Ultraschall + SDS;KCl gesättigt;3;0.42;0.022;0.0017;0.8198;0.2;0.58;2.69;850;nein (EP 3 737 654)
2621;5.3316;CEM I (Portland);3;Ultraschall + SDS;KOH 1 mol/l;3;0.5;0.0199;0.0012;0.7339;0.9;0.58;2.69;850;nein (EP 3 737 654)
2622;5.3159;CEM I (Portland);3;Stabmixer + SDS;KCl gesättigt;6;0.42;0.022;0.0012;0.8198;0.2;0.76;2.49;850;nein (EP 3 737 654)
2623;5.2949;CEM I (Portland);3;Stabmixer;KCl 1 mol/l;10;0.42;0.022;0.0006;0.8198;0.35;1.0;2.39;850;nein (EP 3 737 654)
2624;5.2758;CEM III (Hüttensandzement);3;Handrühren;Agar-Gel + KCl;6;0.35;0.0236;0.0003;0.8055;0.35;0.836;2.288;400;nein (EP 3 737 654)
2625;5.2653;CEM I (Portland);3;Handrühren;KCl gesättigt;10;0.35;0.0242;0.0006;0.895;0.2;1.0;2.34;850;nein (EP 3 737 654)
2626;5.2607;CEM I (Portland);3;Stabmixer + SDS;Agar-Gel + KCl;3;0.42;0.022;0.0007;0.8198;0.35;0.638;2.47;850;nein (EP 3 737 654)
2627;5.259;Geopolymer (Hüttensand + NaOH/Wasserglas);3;Handrühren;KOH 1 mol/l;6;0.42;0.0213;0.0004;0.9018;0.99;0.76;2.5;180;ja
2628;5.2093;Geopolymer (Hüttensand + NaOH/Wasserglas);3;Handrühren;Eigene Porenlösung (ohne Zusatz);3;0.42;0.0213;0.0003;0.9018;1.1;0.638;2.4;180;ja
2629;5.2028;Geopolymer (Hüttensand + NaOH/Wasserglas);3;Stabmixer + SDS;KCl 1 mol/l;6;0.5;0.0193;0.0007;0.8073;0.385;0.76;2.6;180;ja
2630;5.1907;CEM III (Hüttensandzement);3;Stabmixer;KCl gesättigt;10;0.42;0.0215;0.0007;0.7378;0.2;1.0;2.408;400;nein (EP 3 737 654)
2631;5.1753;Geopolymer (Hüttensand + NaOH/Wasserglas);3;Stabmixer;KOH 1 mol/l;6;0.5;0.0193;0.0005;0.8073;0.99;0.76;2.6;180;ja
2632;5.1584;Geopolymer (Hüttensand + NaOH/Wasserglas);3;Stabmixer;KCl gesättigt;3;0.42;0.0213;0.0008;0.9018;0.22;0.58;2.6;180;ja
2633;5.1457;CEM III (Hüttensandzement);3;Ultraschall + SDS;KCl gesättigt;10;0.5;0.0195;0.0009;0.6605;0.2;1.0;2.658;400;nein (EP 3 737 654)
2634;5.1402;CEM I (Portland);3;Handrühren;Agar-Gel + KCl;6;0.35;0.0242;0.0003;0.895;0.35;0.836;2.32;850;nein (EP 3 737 654)
2635;5.1348;CEM I (Portland);3;Stabmixer + SDS;KOH 1 mol/l;6;0.5;0.0199;0.0008;0.7339;0.9;0.76;2.49;850;nein (EP 3 737 654)
2636;5.1229;CEM I (Portland);3;Stabmixer + SDS;KCl 1 mol/l;3;0.42;0.022;0.0011;0.8198;0.35;0.58;2.44;850;nein (EP 3 737 654)
2637;5.1191;Geopolymer (Hüttensand + NaOH/Wasserglas);3;Stabmixer;Eigene Porenlösung (ohne Zusatz);3;0.5;0.0193;0.0004;0.8073;1.1;0.638;2.5;180;ja
2638;5.1178;CEM I (Portland);3;Ultraschall + SDS;KCl 1 mol/l;10;0.5;0.0199;0.0008;0.7339;0.35;1.0;2.64;850;nein (EP 3 737 654)
2639;5.1098;CEM III (Hüttensandzement);3;Stabmixer + SDS;KCl gesättigt;3;0.42;0.0215;0.0012;0.7378;0.2;0.58;2.458;400;nein (EP 3 737 654)
2640;5.1;CEM III (Hüttensandzement);3;Handrühren;KCl 1 mol/l;6;0.35;0.0236;0.0005;0.8055;0.35;0.76;2.258;400;nein (EP 3 737 654)
2641;5.0725;Geopolymer (Hüttensand + NaOH/Wasserglas);3;Ultraschall + SDS;KCl gesättigt;3;0.5;0.0193;0.0012;0.8073;0.22;0.58;2.85;180;ja
2642;5.067;CEM III (Hüttensandzement);3;Stabmixer;Agar-Gel + KCl;6;0.42;0.0215;0.0004;0.7378;0.35;0.836;2.388;400;nein (EP 3 737 654)
2643;5.0426;CEM III (Hüttensandzement);3;Stabmixer + SDS;Agar-Gel + KCl;10;0.5;0.0195;0.0004;0.6605;0.35;1.1;2.438;400;nein (EP 3 737 654)
2644;5.0003;CEM III (Hüttensandzement);3;Ultraschall + SDS;Agar-Gel + KCl;6;0.5;0.0195;0.0006;0.6605;0.35;0.836;2.638;400;nein (EP 3 737 654)
2645;4.9875;CEM III (Hüttensandzement);3;Stabmixer + SDS;KOH 1 mol/l;3;0.5;0.0195;0.0008;0.6605;0.9;0.58;2.458;400;nein (EP 3 737 654)
2646;4.952;CEM I (Portland);3;Handrühren;KCl 1 mol/l;6;0.35;0.0242;0.0005;0.895;0.35;0.76;2.29;850;nein (EP 3 737 654)
2647;4.9365;CEM I (Portland);3;Stabmixer;KCl gesättigt;10;0.42;0.022;0.0007;0.8198;0.2;1.0;2.44;850;nein (EP 3 737 654)
2648;4.925;Geopolymer (Hüttensand + NaOH/Wasserglas);3;Handrühren;KOH 1 mol/l;3;0.42;0.0213;0.0004;0.9018;0.99;0.58;2.5;180;ja
2649;4.8983;Geopolymer (Hüttensand + NaOH/Wasserglas);3;Handrühren;Agar-Gel + KCl;10;0.42;0.0213;0.0002;0.9018;0.385;1.1;2.48;180;ja
2650;4.8948;CEM III (Hüttensandzement);3;Stabmixer;KCl 1 mol/l;6;0.42;0.0215;0.0006;0.7378;0.35;0.76;2.358;400;nein (EP 3 737 654)
2651;4.8801;Geopolymer (Hüttensand + NaOH/Wasserglas);3;Stabmixer + SDS;Agar-Gel + KCl;3;0.5;0.0193;0.0005;0.8073;0.385;0.638;2.63;180;ja
2652;4.8731;CEM III (Hüttensandzement);3;Handrühren;KOH 1 mol/l;10;0.42;0.0215;0.0003;0.7378;0.9;1.0;2.308;400;nein (EP 3 737 654)
2653;4.8673;Geopolymer (Hüttensand + NaOH/Wasserglas);3;Stabmixer + SDS;KCl gesättigt;6;0.5;0.0193;0.0008;0.8073;0.22;0.76;2.65;180;ja
2654;4.8288;Geopolymer (Hüttensand + NaOH/Wasserglas);3;Stabmixer;KOH 1 mol/l;3;0.5;0.0193;0.0006;0.8073;0.99;0.58;2.6;180;ja
2655;4.8274;CEM III (Hüttensandzement);3;Ultraschall + SDS;KCl 1 mol/l;6;0.5;0.0195;0.0008;0.6605;0.35;0.76;2.608;400;nein (EP 3 737 654)
2656;4.8221;CEM III (Hüttensandzement);3;Stabmixer + SDS;KCl 1 mol/l;10;0.5;0.0195;0.0006;0.6605;0.35;1.0;2.408;400;nein (EP 3 737 654)
2657;4.8008;CEM I (Portland);3;Stabmixer;Agar-Gel + KCl;6;0.42;0.022;0.0005;0.8198;0.35;0.836;2.42;850;nein (EP 3 737 654)
2658;4.7996;CEM III (Hüttensandzement);3;Stabmixer;KOH 1 mol/l;10;0.5;0.0195;0.0005;0.6605;0.9;1.0;2.408;400;nein (EP 3 737 654)
2659;4.7929;Geopolymer (Hüttensand + NaOH/Wasserglas);3;Stabmixer;Agar-Gel + KCl;10;0.5;0.0193;0.0003;0.8073;0.385;1.1;2.58;180;ja
2660;4.7805;CEM I (Portland);3;Handrühren;KOH 1 mol/l;10;0.42;0.022;0.0004;0.8198;0.9;1.0;2.34;850;nein (EP 3 737 654)
2661;4.7716;Geopolymer (Hüttensand + NaOH/Wasserglas);3;Stabmixer + SDS;KCl 1 mol/l;3;0.5;0.0193;0.0007;0.8073;0.385;0.58;2.6;180;ja
2662;4.7654;CEM III (Hüttensandzement);3;Handrühren;KCl gesättigt;6;0.35;0.0236;0.0006;0.8055;0.2;0.76;2.308;400;nein (EP 3 737 654)
2663;4.7594;CEM III (Hüttensandzement);3;Handrühren;Agar-Gel + KCl;3;0.35;0.0236;0.0003;0.8055;0.35;0.638;2.288;400;nein (EP 3 737 654)
2664;4.7496;CEM I (Portland);3;Ultraschall + SDS;KCl gesättigt;10;0.5;0.0199;0.001;0.7339;0.2;1.0;2.69;850;nein (EP 3 737 654)
2665;4.726;CEM I (Portland);3;Stabmixer + SDS;Agar-Gel + KCl;10;0.5;0.0199;0.0004;0.7339;0.35;1.1;2.47;850;nein (EP 3 737 654)
2666;4.7231;Geopolymer (Hüttensand + NaOH/Wasserglas);3;Handrühren;KCl 1 mol/l;10;0.42;0.0213;0.0003;0.9018;0.385;1.0;2.45;180;ja
2667;4.7021;CEM I (Portland);3;Stabmixer + SDS;KCl gesättigt;3;0.42;0.022;0.0013;0.8198;0.2;0.58;2.49;850;nein (EP 3 737 654)
2668;4.6724;CEM I (Portland);3;Stabmixer + SDS;KOH 1 mol/l;3;0.5;0.0199;0.0009;0.7339;0.9;0.58;2.49;850;nein (EP 3 737 654)
2669;4.6327;CEM III (Hüttensandzement);3;Handrühren;KCl 1 mol/l;3;0.35;0.0236;0.0005;0.8055;0.35;0.58;2.258;400;nein (EP 3 737 654)
2670;4.6193;CEM I (Portland);3;Stabmixer;KCl 1 mol/l;6;0.42;0.022;0.0007;0.8198;0.35;0.76;2.39;850;nein (EP 3 737 654)
2671;4.6139;Geopolymer (Hüttensand + NaOH/Wasserglas);3;Stabmixer;KCl 1 mol/l;10;0.5;0.0193;0.0004;0.8073;0.385;1.0;2.55;180;ja
2672;4.5972;CEM I (Portland);3;Stabmixer;KOH 1 mol/l;10;0.5;0.0199;0.0005;0.7339;0.9;1.0;2.44;850;nein (EP 3 737 654)
2673;4.5919;CEM I (Portland);3;Ultraschall + SDS;Agar-Gel + KCl;6;0.5;0.0199;0.0006;0.7339;0.35;0.836;2.67;850;nein (EP 3 737 654)
2674;4.5912;CEM I (Portland);3;Handrühren;KCl gesättigt;6;0.35;0.0242;0.0006;0.895;0.2;0.76;2.34;850;nein (EP 3 737 654)
2675;4.5811;CEM I (Portland);3;Handrühren;Agar-Gel + KCl;3;0.35;0.0242;0.0004;0.895;0.35;0.638;2.32;850;nein (EP 3 737 654)
2676;4.5597;CEM III (Hüttensandzement);3;Stabmixer;KCl gesättigt;6;0.42;0.0215;0.0008;0.7378;0.2;0.76;2.408;400;nein (EP 3 737 654)
2677;4.5431;CEM III (Hüttensandzement);3;Stabmixer;Agar-Gel + KCl;3;0.42;0.0215;0.0005;0.7378;0.35;0.638;2.388;400;nein (EP 3 737 654)
2678;4.5099;CEM III (Hüttensandzement);3;Stabmixer + SDS;KCl gesättigt;10;0.5;0.0195;0.0007;0.6605;0.2;1.0;2.458;400;nein (EP 3 737 654)
2679;4.4949;CEM I (Portland);3;Stabmixer + SDS;KCl 1 mol/l;10;0.5;0.0199;0.0006;0.7339;0.35;1.0;2.44;850;nein (EP 3 737 654)
2680;4.4794;CEM III (Hüttensandzement);3;Ultraschall + SDS;KCl gesättigt;6;0.5;0.0195;0.001;0.6605;0.2;0.76;2.658;400;nein (EP 3 737 654)
2681;4.4562;Geopolymer (Hüttensand + NaOH/Wasserglas);3;Handrühren;KCl gesättigt;10;0.42;0.0213;0.0004;0.9018;0.22;1.0;2.5;180;ja
2682;4.4461;CEM I (Portland);3;Handrühren;KCl 1 mol/l;3;0.35;0.0242;0.0006;0.895;0.35;0.58;2.29;850;nein (EP 3 737 654)
2683;4.4457;CEM III (Hüttensandzement);3;Ultraschall + SDS;Agar-Gel + KCl;3;0.5;0.0195;0.0006;0.6605;0.35;0.638;2.638;400;nein (EP 3 737 654)
2684;4.438;Geopolymer (Hüttensand + NaOH/Wasserglas);3;Stabmixer + SDS;KCl gesättigt;3;0.5;0.0193;0.0009;0.8073;0.22;0.58;2.65;180;ja
2685;4.4213;CEM III (Hüttensandzement);3;Stabmixer;KCl 1 mol/l;3;0.42;0.0215;0.0007;0.7378;0.35;0.58;2.358;400;nein (EP 3 737 654)
2686;4.4161;CEM III (Hüttensandzement);3;Handrühren;KOH 1 mol/l;6;0.42;0.0215;0.0004;0.7378;0.9;0.76;2.308;400;nein (EP 3 737 654)
2687;4.4124;CEM I (Portland);3;Ultraschall + SDS;KCl 1 mol/l;6;0.5;0.0199;0.0009;0.7339;0.35;0.76;2.64;850;nein (EP 3 737 654)
2688;4.4057;Geopolymer (Hüttensand + NaOH/Wasserglas);3;Handrühren;Agar-Gel + KCl;6;0.42;0.0213;0.0002;0.9018;0.385;0.836;2.48;180;ja
2689;4.3924;CEM III (Hüttensandzement);3;Stabmixer + SDS;Agar-Gel + KCl;6;0.5;0.0195;0.0005;0.6605;0.35;0.836;2.438;400;nein (EP 3 737 654)
2690;4.3387;Geopolymer (Hüttensand + NaOH/Wasserglas);3;Stabmixer;KCl gesättigt;10;0.5;0.0193;0.0005;0.8073;0.22;1.0;2.6;180;ja
2691;4.3272;CEM III (Hüttensandzement);3;Ultraschall + SDS;KCl 1 mol/l;3;0.5;0.0195;0.0009;0.6605;0.35;0.58;2.608;400;nein (EP 3 737 654)
2692;4.3271;CEM III (Hüttensandzement);3;Stabmixer;KOH 1 mol/l;6;0.5;0.0195;0.0005;0.6605;0.9;0.76;2.408;400;nein (EP 3 737 654)
2693;4.2994;CEM III (Hüttensandzement);3;Handrühren;KCl gesättigt;3;0.35;0.0236;0.0006;0.8055;0.2;0.58;2.308;400;nein (EP 3 737 654)
2694;4.291;CEM I (Portland);3;Handrühren;KOH 1 mol/l;6;0.42;0.022;0.0004;0.8198;0.9;0.76;2.34;850;nein (EP 3 737 654)
2695;4.2808;Geopolymer (Hüttensand + NaOH/Wasserglas);3;Stabmixer;Agar-Gel + KCl;6;0.5;0.0193;0.0003;0.8073;0.385;0.836;2.58;180;ja
2696;4.2765;Geopolymer (Hüttensand + NaOH/Wasserglas);3;Handrühren;KCl 1 mol/l;6;0.42;0.0213;0.0003;0.9018;0.385;0.76;2.45;180;ja
2697;4.2678;Geopolymer (Hüttensand + NaOH/Wasserglas);3;Handrühren;Eigene Porenlösung (ohne Zusatz);10;0.5;0.0193;0.0002;0.8073;1.1;1.1;2.4;180;ja
2698;4.2632;CEM I (Portland);3;Stabmixer;KCl gesättigt;6;0.42;0.022;0.0008;0.8198;0.2;0.76;2.44;850;nein (EP 3 737 654)
2699;4.2415;CEM I (Portland);3;Stabmixer;Agar-Gel + KCl;3;0.42;0.022;0.0005;0.8198;0.35;0.638;2.42;850;nein (EP 3 737 654)
2700;4.234;CEM III (Hüttensandzement);3;Stabmixer + SDS;KCl 1 mol/l;6;0.5;0.0195;0.0007;0.6605;0.35;0.76;2.408;400;nein (EP 3 737 654)
2701;4.1666;CEM I (Portland);3;Stabmixer + SDS;KCl gesättigt;10;0.5;0.0199;0.0008;0.7339;0.2;1.0;2.49;850;nein (EP 3 737 654)
2702;4.15;Geopolymer (Hüttensand + NaOH/Wasserglas);3;Stabmixer;KCl 1 mol/l;6;0.5;0.0193;0.0004;0.8073;0.385;0.76;2.55;180;ja
2703;4.1384;CEM III (Hüttensandzement);3;Handrühren;Agar-Gel + KCl;10;0.42;0.0215;0.0002;0.7378;0.35;1.1;2.288;400;nein (EP 3 737 654)
2704;4.1141;CEM I (Portland);3;Stabmixer;KCl 1 mol/l;3;0.42;0.022;0.0007;0.8198;0.35;0.58;2.39;850;nein (EP 3 737 654)
2705;4.0976;CEM I (Portland);3;Stabmixer;KOH 1 mol/l;6;0.5;0.0199;0.0006;0.7339;0.9;0.76;2.44;850;nein (EP 3 737 654)
2706;4.088;CEM III (Hüttensandzement);3;Stabmixer;KCl gesättigt;3;0.42;0.0215;0.0008;0.7378;0.2;0.58;2.408;400;nein (EP 3 737 654)
2707;4.087;CEM I (Portland);3;Handrühren;KCl gesättigt;3;0.35;0.0242;0.0007;0.895;0.2;0.58;2.34;850;nein (EP 3 737 654)
2708;4.0738;CEM III (Hüttensandzement);3;Handrühren;KOH 1 mol/l;3;0.42;0.0215;0.0004;0.7378;0.9;0.58;2.308;400;nein (EP 3 737 654)
2709;4.0476;CEM I (Portland);3;Ultraschall + SDS;KCl gesättigt;6;0.5;0.0199;0.0011;0.7339;0.2;0.76;2.69;850;nein (EP 3 737 654)
2710;4.0395;CEM I (Portland);3;Stabmixer + SDS;Agar-Gel + KCl;6;0.5;0.0199;0.0005;0.7339;0.35;0.836;2.47;850;nein (EP 3 737 654)
2711;4.0365;Geopolymer (Hüttensand + NaOH/Wasserglas);3;Handrühren;Agar-Gel + KCl;3;0.42;0.0213;0.0002;0.9018;0.385;0.638;2.48;180;ja
2712;4.0325;CEM III (Hüttensandzement);3;Stabmixer;Agar-Gel + KCl;10;0.5;0.0195;0.0003;0.6605;0.35;1.1;2.388;400;nein (EP 3 737 654)
2713;4.0103;Geopolymer (Hüttensand + NaOH/Wasserglas);3;Handrühren;KCl gesättigt;6;0.42;0.0213;0.0004;0.9018;0.22;0.76;2.5;180;ja
2714;4.0072;CEM I (Portland);3;Ultraschall + SDS;Agar-Gel + KCl;3;0.5;0.0199;0.0007;0.7339;0.35;0.638;2.67;850;nein (EP 3 737 654)
2715;3.995;Geopolymer (Hüttensand + NaOH/Wasserglas);3;Handrühren;KOH 1 mol/l;10;0.5;0.0193;0.0002;0.8073;0.99;1.0;2.5;180;ja
2716;3.9916;CEM I (Portland);3;Handrühren;Agar-Gel + KCl;10;0.42;0.022;0.0002;0.8198;0.35;1.1;2.32;850;nein (EP 3 737 654)
2717;3.982;CEM III (Hüttensandzement);3;Ultraschall + SDS;KCl gesättigt;3;0.5;0.0195;0.0011;0.6605;0.2;0.58;2.658;400;nein (EP 3 737 654)
2718;3.9736;CEM III (Hüttensandzement);3;Stabmixer;KOH 1 mol/l;3;0.5;0.0195;0.0006;0.6605;0.9;0.58;2.408;400;nein (EP 3 737 654)
2719;3.9588;CEM III (Hüttensandzement);3;Handrühren;KCl 1 mol/l;10;0.42;0.0215;0.0003;0.7378;0.35;1.0;2.258;400;nein (EP 3 737 654)
2720;3.9419;Geopolymer (Hüttensand + NaOH/Wasserglas);3;Handrühren;KCl 1 mol/l;3;0.42;0.0213;0.0004;0.9018;0.385;0.58;2.45;180;ja
2721;3.9245;CEM I (Portland);3;Handrühren;KOH 1 mol/l;3;0.42;0.022;0.0005;0.8198;0.9;0.58;2.34;850;nein (EP 3 737 654)
2722;3.9239;CEM III (Hüttensandzement);3;Stabmixer + SDS;KCl gesättigt;6;0.5;0.0195;0.0008;0.6605;0.2;0.76;2.458;400;nein (EP 3 737 654)
2723;3.9056;CEM III (Hüttensandzement);3;Stabmixer + SDS;Agar-Gel + KCl;3;0.5;0.0195;0.0005;0.6605;0.35;0.638;2.438;400;nein (EP 3 737 654)
2724;3.9033;Geopolymer (Hüttensand + NaOH/Wasserglas);3;Handrühren;Eigene Porenlösung (ohne Zusatz);6;0.5;0.0193;0.0002;0.8073;1.1;0.836;2.4;180;ja
2725;3.8971;Geopolymer (Hüttensand + NaOH/Wasserglas);3;Stabmixer;Agar-Gel + KCl;3;0.5;0.0193;0.0003;0.8073;0.385;0.638;2.58;180;ja
2726;3.8855;CEM I (Portland);3;Ultraschall + SDS;KCl 1 mol/l;3;0.5;0.0199;0.001;0.7339;0.35;0.58;2.64;850;nein (EP 3 737 654)
2727;3.8759;Geopolymer (Hüttensand + NaOH/Wasserglas);3;Stabmixer;KCl gesättigt;6;0.5;0.0193;0.0006;0.8073;0.22;0.76;2.6;180;ja
2728;3.8743;CEM I (Portland);3;Stabmixer + SDS;KCl 1 mol/l;6;0.5;0.0199;0.0007;0.7339;0.35;0.76;2.44;850;nein (EP 3 737 654)
2729;3.8497;CEM III (Hüttensandzement);3;Stabmixer;KCl 1 mol/l;10;0.5;0.0195;0.0004;0.6605;0.35;1.0;2.358;400;nein (EP 3 737 654)
2730;3.8027;Geopolymer (Hüttensand + NaOH/Wasserglas);3;Stabmixer;KCl 1 mol/l;3;0.5;0.0193;0.0005;0.8073;0.385;0.58;2.55;180;ja
2731;3.8;CEM I (Portland);3;Handrühren;KCl 1 mol/l;10;0.42;0.022;0.0003;0.8198;0.35;1.0;2.29;850;nein (EP 3 737 654)
2732;3.7943;CEM III (Hüttensandzement);3;Stabmixer + SDS;KCl 1 mol/l;3;0.5;0.0195;0.0007;0.6605;0.35;0.58;2.408;400;nein (EP 3 737 654)
2733;3.7837;CEM I (Portland);3;Stabmixer;Agar-Gel + KCl;10;0.5;0.0199;0.0003;0.7339;0.35;1.1;2.42;850;nein (EP 3 737 654)
2734;3.7602;CEM I (Portland);3;Stabmixer;KCl gesättigt;3;0.42;0.022;0.0009;0.8198;0.2;0.58;2.44;850;nein (EP 3 737 654)
2735;3.7239;CEM I (Portland);3;Stabmixer;KOH 1 mol/l;3;0.5;0.0199;0.0006;0.7339;0.9;0.58;2.44;850;nein (EP 3 737 654)
2736;3.7102;CEM III (Hüttensandzement);3;Handrühren;KCl gesättigt;10;0.42;0.0215;0.0004;0.7378;0.2;1.0;2.308;400;nein (EP 3 737 654)
2737;3.6765;Geopolymer (Hüttensand + NaOH/Wasserglas);3;Handrühren;KCl gesättigt;3;0.42;0.0213;0.0004;0.9018;0.22;0.58;2.5;180;ja
2738;3.6645;Geopolymer (Hüttensand + NaOH/Wasserglas);3;Handrühren;KOH 1 mol/l;6;0.5;0.0193;0.0003;0.8073;0.99;0.76;2.5;180;ja
2739;3.6337;CEM III (Hüttensandzement);3;Handrühren;Agar-Gel + KCl;6;0.42;0.0215;0.0002;0.7378;0.35;0.836;2.288;400;nein (EP 3 737 654)
2740;3.6302;Geopolymer (Hüttensand + NaOH/Wasserglas);3;Handrühren;Eigene Porenlösung (ohne Zusatz);3;0.5;0.0193;0.0002;0.8073;1.1;0.638;2.4;180;ja
2741;3.5946;CEM III (Hüttensandzement);3;Stabmixer;KCl gesättigt;10;0.5;0.0195;0.0005;0.6605;0.2;1.0;2.408;400;nein (EP 3 737 654)
2742;3.5913;CEM I (Portland);3;Stabmixer;KCl 1 mol/l;10;0.5;0.0199;0.0004;0.7339;0.35;1.0;2.39;850;nein (EP 3 737 654)
2743;3.5483;CEM I (Portland);3;Stabmixer + SDS;KCl gesättigt;6;0.5;0.0199;0.0009;0.7339;0.2;0.76;2.49;850;nein (EP 3 737 654)
2744;3.5343;CEM I (Portland);3;Handrühren;KCl gesättigt;10;0.42;0.022;0.0004;0.8198;0.2;1.0;2.34;850;nein (EP 3 737 654)
2745;3.5296;Geopolymer (Hüttensand + NaOH/Wasserglas);3;Stabmixer;KCl gesättigt;3;0.5;0.0193;0.0006;0.8073;0.22;0.58;2.6;180;ja
2746;3.5256;CEM I (Portland);3;Stabmixer + SDS;Agar-Gel + KCl;3;0.5;0.0199;0.0005;0.7339;0.35;0.638;2.47;850;nein (EP 3 737 654)
2747;3.5237;CEM I (Portland);3;Ultraschall + SDS;KCl gesättigt;3;0.5;0.0199;0.0012;0.7339;0.2;0.58;2.69;850;nein (EP 3 737 654)
2748;3.5101;CEM III (Hüttensandzement);3;Stabmixer;Agar-Gel + KCl;6;0.5;0.0195;0.0003;0.6605;0.35;0.836;2.388;400;nein (EP 3 737 654)
2749;3.5012;CEM III (Hüttensandzement);3;Handrühren;KCl 1 mol/l;6;0.42;0.0215;0.0003;0.7378;0.35;0.76;2.258;400;nein (EP 3 737 654)
2750;3.4861;CEM III (Hüttensandzement);3;Stabmixer + SDS;KCl gesättigt;3;0.5;0.0195;0.0009;0.6605;0.2;0.58;2.458;400;nein (EP 3 737 654)
2751;3.4508;CEM I (Portland);3;Handrühren;Agar-Gel + KCl;6;0.42;0.022;0.0002;0.8198;0.35;0.836;2.32;850;nein (EP 3 737 654)
2752;3.4169;Geopolymer (Hüttensand + NaOH/Wasserglas);3;Handrühren;KOH 1 mol/l;3;0.5;0.0193;0.0003;0.8073;0.99;0.58;2.5;180;ja
2753;3.4103;CEM I (Portland);3;Stabmixer + SDS;KCl 1 mol/l;3;0.5;0.0199;0.0008;0.7339;0.35;0.58;2.44;850;nein (EP 3 737 654)
2754;3.402;CEM III (Hüttensandzement);3;Handrühren;KOH 1 mol/l;10;0.5;0.0195;0.0002;0.6605;0.9;1.0;2.308;400;nein (EP 3 737 654)
2755;3.4016;Geopolymer (Hüttensand + NaOH/Wasserglas);3;Handrühren;Agar-Gel + KCl;10;0.5;0.0193;0.0001;0.8073;0.385;1.1;2.48;180;ja
2756;3.3764;CEM III (Hüttensandzement);3;Stabmixer;KCl 1 mol/l;6;0.5;0.0195;0.0004;0.6605;0.35;0.76;2.358;400;nein (EP 3 737 654)
2757;3.3222;CEM I (Portland);3;Stabmixer;KCl gesättigt;10;0.5;0.0199;0.0005;0.7339;0.2;1.0;2.44;850;nein (EP 3 737 654)
2758;3.3098;CEM I (Portland);3;Handrühren;KCl 1 mol/l;6;0.42;0.022;0.0004;0.8198;0.35;0.76;2.29;850;nein (EP 3 737 654)
2759;3.2703;Geopolymer (Hüttensand + NaOH/Wasserglas);3;Handrühren;KCl 1 mol/l;10;0.5;0.0193;0.0002;0.8073;0.385;1.0;2.45;180;ja
2760;3.2629;CEM I (Portland);3;Handrühren;KOH 1 mol/l;10;0.5;0.0199;0.0003;0.7339;0.9;1.0;2.34;850;nein (EP 3 737 654)
2761;3.2555;CEM III (Hüttensandzement);3;Handrühren;Agar-Gel + KCl;3;0.42;0.0215;0.0002;0.7378;0.35;0.638;2.288;400;nein (EP 3 737 654)
2762;3.2533;CEM III (Hüttensandzement);3;Handrühren;KCl gesättigt;6;0.42;0.0215;0.0004;0.7378;0.2;0.76;2.308;400;nein (EP 3 737 654)
2763;3.2311;CEM I (Portland);3;Stabmixer;Agar-Gel + KCl;6;0.5;0.0199;0.0003;0.7339;0.35;0.836;2.42;850;nein (EP 3 737 654)
2764;3.1584;CEM III (Hüttensandzement);3;Handrühren;KCl 1 mol/l;3;0.42;0.0215;0.0004;0.7378;0.35;0.58;2.258;400;nein (EP 3 737 654)
2765;3.1225;CEM III (Hüttensandzement);3;Stabmixer;KCl gesättigt;6;0.5;0.0195;0.0005;0.6605;0.2;0.76;2.408;400;nein (EP 3 737 654)
2766;3.1188;CEM III (Hüttensandzement);3;Stabmixer;Agar-Gel + KCl;3;0.5;0.0195;0.0003;0.6605;0.35;0.638;2.388;400;nein (EP 3 737 654)
2767;3.0908;CEM I (Portland);3;Stabmixer;KCl 1 mol/l;6;0.5;0.0199;0.0005;0.7339;0.35;0.76;2.39;850;nein (EP 3 737 654)
2768;3.0865;CEM I (Portland);3;Stabmixer + SDS;KCl gesättigt;3;0.5;0.0199;0.001;0.7339;0.2;0.58;2.49;850;nein (EP 3 737 654)
2769;3.0716;Geopolymer (Hüttensand + NaOH/Wasserglas);3;Handrühren;KCl gesättigt;10;0.5;0.0193;0.0003;0.8073;0.22;1.0;2.5;180;ja
2770;3.0647;CEM III (Hüttensandzement);3;Handrühren;KOH 1 mol/l;6;0.5;0.0195;0.0003;0.6605;0.9;0.76;2.308;400;nein (EP 3 737 654)
2771;3.0457;CEM I (Portland);3;Handrühren;Agar-Gel + KCl;3;0.42;0.022;0.0003;0.8198;0.35;0.638;2.32;850;nein (EP 3 737 654)
2772;3.045;CEM I (Portland);3;Handrühren;KCl gesättigt;6;0.42;0.022;0.0004;0.8198;0.2;0.76;2.34;850;nein (EP 3 737 654)
2773;3.037;Geopolymer (Hüttensand + NaOH/Wasserglas);3;Handrühren;Agar-Gel + KCl;6;0.5;0.0193;0.0002;0.8073;0.385;0.836;2.48;180;ja
2774;3.0221;CEM III (Hüttensandzement);3;Stabmixer;KCl 1 mol/l;3;0.5;0.0195;0.0005;0.6605;0.35;0.58;2.358;400;nein (EP 3 737 654)
2775;2.9427;CEM I (Portland);3;Handrühren;KCl 1 mol/l;3;0.42;0.022;0.0004;0.8198;0.35;0.58;2.29;850;nein (EP 3 737 654)
2776;2.9395;Geopolymer (Hüttensand + NaOH/Wasserglas);3;Handrühren;KCl 1 mol/l;6;0.5;0.0193;0.0002;0.8073;0.385;0.76;2.45;180;ja
2777;2.9113;CEM III (Hüttensandzement);3;Handrühren;KCl gesättigt;3;0.42;0.0215;0.0004;0.7378;0.2;0.58;2.308;400;nein (EP 3 737 654)
2778;2.9053;CEM I (Portland);3;Handrühren;KOH 1 mol/l;6;0.5;0.0199;0.0003;0.7339;0.9;0.76;2.34;850;nein (EP 3 737 654)
2779;2.8639;CEM III (Hüttensandzement);3;Handrühren;Agar-Gel + KCl;10;0.5;0.0195;0.0001;0.6605;0.35;1.1;2.288;400;nein (EP 3 737 654)
2780;2.8229;CEM I (Portland);3;Stabmixer;KCl gesättigt;6;0.5;0.0199;0.0006;0.7339;0.2;0.76;2.44;850;nein (EP 3 737 654)
2781;2.8172;CEM I (Portland);3;Stabmixer;Agar-Gel + KCl;3;0.5;0.0199;0.0004;0.7339;0.35;0.638;2.42;850;nein (EP 3 737 654)
2782;2.8119;CEM III (Hüttensandzement);3;Handrühren;KOH 1 mol/l;3;0.5;0.0195;0.0003;0.6605;0.9;0.58;2.308;400;nein (EP 3 737 654)
2783;2.7692;CEM III (Hüttensandzement);3;Stabmixer;KCl gesättigt;3;0.5;0.0195;0.0006;0.6605;0.2;0.58;2.408;400;nein (EP 3 737 654)
2784;2.7638;Geopolymer (Hüttensand + NaOH/Wasserglas);3;Handrühren;Agar-Gel + KCl;3;0.5;0.0193;0.0002;0.8073;0.385;0.638;2.48;180;ja
2785;2.7412;Geopolymer (Hüttensand + NaOH/Wasserglas);3;Handrühren;KCl gesättigt;6;0.5;0.0193;0.0003;0.8073;0.22;0.76;2.5;180;ja
2786;2.7298;CEM III (Hüttensandzement);3;Handrühren;KCl 1 mol/l;10;0.5;0.0195;0.0002;0.6605;0.35;1.0;2.258;400;nein (EP 3 737 654)
2787;2.7162;CEM I (Portland);3;Stabmixer;KCl 1 mol/l;3;0.5;0.0199;0.0005;0.7339;0.35;0.58;2.39;850;nein (EP 3 737 654)
2788;2.6917;CEM I (Portland);3;Handrühren;Agar-Gel + KCl;10;0.5;0.0199;0.0002;0.7339;0.35;1.1;2.32;850;nein (EP 3 737 654)
2789;2.6916;Geopolymer (Hüttensand + NaOH/Wasserglas);3;Handrühren;KCl 1 mol/l;3;0.5;0.0193;0.0003;0.8073;0.385;0.58;2.45;180;ja
2790;2.6787;CEM I (Portland);3;Handrühren;KCl gesättigt;3;0.42;0.022;0.0005;0.8198;0.2;0.58;2.34;850;nein (EP 3 737 654)
2791;2.6375;CEM I (Portland);3;Handrühren;KOH 1 mol/l;3;0.5;0.0199;0.0003;0.7339;0.9;0.58;2.34;850;nein (EP 3 737 654)
2792;2.5499;CEM I (Portland);3;Handrühren;KCl 1 mol/l;10;0.5;0.0199;0.0002;0.7339;0.35;1.0;2.29;850;nein (EP 3 737 654)
2793;2.5453;CEM III (Hüttensandzement);3;Handrühren;KCl gesättigt;10;0.5;0.0195;0.0003;0.6605;0.2;1.0;2.308;400;nein (EP 3 737 654)
2794;2.4937;Geopolymer (Hüttensand + NaOH/Wasserglas);3;Handrühren;KCl gesättigt;3;0.5;0.0193;0.0003;0.8073;0.22;0.58;2.5;180;ja
2795;2.4918;CEM III (Hüttensandzement);3;Handrühren;Agar-Gel + KCl;6;0.5;0.0195;0.0002;0.6605;0.35;0.836;2.288;400;nein (EP 3 737 654)
2796;2.4495;CEM I (Portland);3;Stabmixer;KCl gesättigt;3;0.5;0.0199;0.0006;0.7339;0.2;0.58;2.44;850;nein (EP 3 737 654)
2797;2.3922;CEM III (Hüttensandzement);3;Handrühren;KCl 1 mol/l;6;0.5;0.0195;0.0002;0.6605;0.35;0.76;2.258;400;nein (EP 3 737 654)
2798;2.3545;CEM I (Portland);3;Handrühren;KCl gesättigt;10;0.5;0.0199;0.0003;0.7339;0.2;1.0;2.34;850;nein (EP 3 737 654)
2799;2.2972;CEM I (Portland);3;Handrühren;Agar-Gel + KCl;6;0.5;0.0199;0.0002;0.7339;0.35;0.836;2.32;850;nein (EP 3 737 654)
2800;2.2129;CEM III (Hüttensandzement);3;Handrühren;Agar-Gel + KCl;3;0.5;0.0195;0.0002;0.6605;0.35;0.638;2.288;400;nein (EP 3 737 654)
2801;2.208;CEM III (Hüttensandzement);3;Handrühren;KCl gesättigt;6;0.5;0.0195;0.0003;0.6605;0.2;0.76;2.308;400;nein (EP 3 737 654)
2802;2.192;CEM I (Portland);3;Handrühren;KCl 1 mol/l;6;0.5;0.0199;0.0002;0.7339;0.35;0.76;2.29;850;nein (EP 3 737 654)
2803;2.1392;CEM III (Hüttensandzement);3;Handrühren;KCl 1 mol/l;3;0.5;0.0195;0.0002;0.6605;0.35;0.58;2.258;400;nein (EP 3 737 654)
2804;2.0016;CEM I (Portland);3;Handrühren;Agar-Gel + KCl;3;0.5;0.0199;0.0002;0.7339;0.35;0.638;2.32;850;nein (EP 3 737 654)
2805;1.9971;CEM I (Portland);3;Handrühren;KCl gesättigt;6;0.5;0.0199;0.0003;0.7339;0.2;0.76;2.34;850;nein (EP 3 737 654)
2806;1.9554;CEM III (Hüttensandzement);3;Handrühren;KCl gesättigt;3;0.5;0.0195;0.0003;0.6605;0.2;0.58;2.308;400;nein (EP 3 737 654)
2807;1.9238;CEM I (Portland);3;Handrühren;KCl 1 mol/l;3;0.5;0.0199;0.0003;0.7339;0.35;0.58;2.29;850;nein (EP 3 737 654)
2808;1.7293;CEM I (Portland);3;Handrühren;KCl gesättigt;3;0.5;0.0199;0.0003;0.7339;0.2;0.58;2.34;850;nein (EP 3 737 654)
